const unsigned char Q[] = {
0xFF, 0xD8, 0xFF, 0xE0, 0x00, 0x10, 0x4A, 0x46, 0x49, 0x46, 0x00, 0x01, 0x01, 0x01, 0x00, 0x48, 
0x00, 0x48, 0x00, 0x00, 0xFF, 0xE1, 0x00, 0x22, 0x45, 0x78, 0x69, 0x66, 0x00, 0x00, 0x4D, 0x4D, 
0x00, 0x2A, 0x00, 0x00, 0x00, 0x08, 0x00, 0x01, 0x01, 0x12, 0x00, 0x03, 0x00, 0x00, 0x00, 0x01, 
0x00, 0x01, 0x00, 0x00, 0x00, 0x00, 0x00, 0x00, 0xFF, 0xE2, 0x02, 0x28, 0x49, 0x43, 0x43, 0x5F, 
0x50, 0x52, 0x4F, 0x46, 0x49, 0x4C, 0x45, 0x00, 0x01, 0x01, 0x00, 0x00, 0x02, 0x18, 0x00, 0x00, 
0x00, 0x00, 0x02, 0x10, 0x00, 0x00, 0x6D, 0x6E, 0x74, 0x72, 0x52, 0x47, 0x42, 0x20, 0x58, 0x59, 
0x5A, 0x20, 0x00, 0x00, 0x00, 0x00, 0x00, 0x00, 0x00, 0x00, 0x00, 0x00, 0x00, 0x00, 0x61, 0x63, 
0x73, 0x70, 0x00, 0x00, 0x00, 0x00, 0x00, 0x00, 0x00, 0x00, 0x00, 0x00, 0x00, 0x00, 0x00, 0x00, 
0x00, 0x00, 0x00, 0x00, 0x00, 0x00, 0x00, 0x00, 0x00, 0x00, 0x00, 0x00, 0x00, 0x01, 0x00, 0x00, 
0xF6, 0xD6, 0x00, 0x01, 0x00, 0x00, 0x00, 0x00, 0xD3, 0x2D, 0x00, 0x00, 0x00, 0x00, 0x00, 0x00, 
0x00, 0x00, 0x00, 0x00, 0x00, 0x00, 0x00, 0x00, 0x00, 0x00, 0x00, 0x00, 0x00, 0x00, 0x00, 0x00, 
0x00, 0x00, 0x00, 0x00, 0x00, 0x00, 0x00, 0x00, 0x00, 0x00, 0x00, 0x00, 0x00, 0x00, 0x00, 0x00, 
0x00, 0x00, 0x00, 0x00, 0x00, 0x00, 0x00, 0x00, 0x00, 0x00, 0x00, 0x00, 0x00, 0x09, 0x64, 0x65, 
0x73, 0x63, 0x00, 0x00, 0x00, 0xF0, 0x00, 0x00, 0x00, 0x74, 0x72, 0x58, 0x59, 0x5A, 0x00, 0x00, 
0x01, 0x64, 0x00, 0x00, 0x00, 0x14, 0x67, 0x58, 0x59, 0x5A, 0x00, 0x00, 0x01, 0x78, 0x00, 0x00, 
0x00, 0x14, 0x62, 0x58, 0x59, 0x5A, 0x00, 0x00, 0x01, 0x8C, 0x00, 0x00, 0x00, 0x14, 0x72, 0x54, 
0x52, 0x43, 0x00, 0x00, 0x01, 0xA0, 0x00, 0x00, 0x00, 0x28, 0x67, 0x54, 0x52, 0x43, 0x00, 0x00, 
0x01, 0xA0, 0x00, 0x00, 0x00, 0x28, 0x62, 0x54, 0x52, 0x43, 0x00, 0x00, 0x01, 0xA0, 0x00, 0x00, 
0x00, 0x28, 0x77, 0x74, 0x70, 0x74, 0x00, 0x00, 0x01, 0xC8, 0x00, 0x00, 0x00, 0x14, 0x63, 0x70, 
0x72, 0x74, 0x00, 0x00, 0x01, 0xDC, 0x00, 0x00, 0x00, 0x3C, 0x6D, 0x6C, 0x75, 0x63, 0x00, 0x00, 
0x00, 0x00, 0x00, 0x00, 0x00, 0x01, 0x00, 0x00, 0x00, 0x0C, 0x65, 0x6E, 0x55, 0x53, 0x00, 0x00, 
0x00, 0x58, 0x00, 0x00, 0x00, 0x1C, 0x00, 0x73, 0x00, 0x52, 0x00, 0x47, 0x00, 0x42, 0x00, 0x00, 
0x00, 0x00, 0x00, 0x00, 0x00, 0x00, 0x00, 0x00, 0x00, 0x00, 0x00, 0x00, 0x00, 0x00, 0x00, 0x00, 
0x00, 0x00, 0x00, 0x00, 0x00, 0x00, 0x00, 0x00, 0x00, 0x00, 0x00, 0x00, 0x00, 0x00, 0x00, 0x00, 
0x00, 0x00, 0x00, 0x00, 0x00, 0x00, 0x00, 0x00, 0x00, 0x00, 0x00, 0x00, 0x00, 0x00, 0x00, 0x00, 
0x00, 0x00, 0x00, 0x00, 0x00, 0x00, 0x00, 0x00, 0x00, 0x00, 0x00, 0x00, 0x00, 0x00, 0x00, 0x00, 
0x00, 0x00, 0x00, 0x00, 0x00, 0x00, 0x00, 0x00, 0x00, 0x00, 0x00, 0x00, 0x00, 0x00, 0x58, 0x59, 
0x5A, 0x20, 0x00, 0x00, 0x00, 0x00, 0x00, 0x00, 0x6F, 0xA2, 0x00, 0x00, 0x38, 0xF5, 0x00, 0x00, 
0x03, 0x90, 0x58, 0x59, 0x5A, 0x20, 0x00, 0x00, 0x00, 0x00, 0x00, 0x00, 0x62, 0x99, 0x00, 0x00, 
0xB7, 0x85, 0x00, 0x00, 0x18, 0xDA, 0x58, 0x59, 0x5A, 0x20, 0x00, 0x00, 0x00, 0x00, 0x00, 0x00, 
0x24, 0xA0, 0x00, 0x00, 0x0F, 0x84, 0x00, 0x00, 0xB6, 0xCF, 0x70, 0x61, 0x72, 0x61, 0x00, 0x00, 
0x00, 0x00, 0x00, 0x04, 0x00, 0x00, 0x00, 0x02, 0x66, 0x66, 0x00, 0x00, 0xF2, 0xA7, 0x00, 0x00, 
0x0D, 0x59, 0x00, 0x00, 0x13, 0xD0, 0x00, 0x00, 0x0A, 0x5B, 0x00, 0x00, 0x00, 0x00, 0x00, 0x00, 
0x00, 0x00, 0x58, 0x59, 0x5A, 0x20, 0x00, 0x00, 0x00, 0x00, 0x00, 0x00, 0xF6, 0xD6, 0x00, 0x01, 
0x00, 0x00, 0x00, 0x00, 0xD3, 0x2D, 0x6D, 0x6C, 0x75, 0x63, 0x00, 0x00, 0x00, 0x00, 0x00, 0x00, 
0x00, 0x01, 0x00, 0x00, 0x00, 0x0C, 0x65, 0x6E, 0x55, 0x53, 0x00, 0x00, 0x00, 0x20, 0x00, 0x00, 
0x00, 0x1C, 0x00, 0x47, 0x00, 0x6F, 0x00, 0x6F, 0x00, 0x67, 0x00, 0x6C, 0x00, 0x65, 0x00, 0x20, 
0x00, 0x49, 0x00, 0x6E, 0x00, 0x63, 0x00, 0x2E, 0x00, 0x20, 0x00, 0x32, 0x00, 0x30, 0x00, 0x31, 
0x00, 0x36, 0xFF, 0xDB, 0x00, 0x43, 0x00, 0x02, 0x01, 0x01, 0x02, 0x01, 0x01, 0x02, 0x02, 0x02, 
0x02, 0x02, 0x02, 0x02, 0x02, 0x03, 0x05, 0x03, 0x03, 0x03, 0x03, 0x03, 0x06, 0x04, 0x04, 0x03, 
0x05, 0x07, 0x06, 0x07, 0x07, 0x07, 0x06, 0x07, 0x07, 0x08, 0x09, 0x0B, 0x09, 0x08, 0x08, 0x0A, 
0x08, 0x07, 0x07, 0x0A, 0x0D, 0x0A, 0x0A, 0x0B, 0x0C, 0x0C, 0x0C, 0x0C, 0x07, 0x09, 0x0E, 0x0F, 
0x0D, 0x0C, 0x0E, 0x0B, 0x0C, 0x0C, 0x0C, 0xFF, 0xDB, 0x00, 0x43, 0x01, 0x02, 0x02, 0x02, 0x03, 
0x03, 0x03, 0x06, 0x03, 0x03, 0x06, 0x0C, 0x08, 0x07, 0x08, 0x0C, 0x0C, 0x0C, 0x0C, 0x0C, 0x0C, 
0x0C, 0x0C, 0x0C, 0x0C, 0x0C, 0x0C, 0x0C, 0x0C, 0x0C, 0x0C, 0x0C, 0x0C, 0x0C, 0x0C, 0x0C, 0x0C, 
0x0C, 0x0C, 0x0C, 0x0C, 0x0C, 0x0C, 0x0C, 0x0C, 0x0C, 0x0C, 0x0C, 0x0C, 0x0C, 0x0C, 0x0C, 0x0C, 
0x0C, 0x0C, 0x0C, 0x0C, 0x0C, 0x0C, 0x0C, 0x0C, 0x0C, 0x0C, 0x0C, 0x0C, 0xFF, 0xC0, 0x00, 0x11, 
0x08, 0x01, 0x40, 0x01, 0xE0, 0x03, 0x01, 0x22, 0x00, 0x02, 0x11, 0x01, 0x03, 0x11, 0x01, 0xFF, 
0xC4, 0x00, 0x1F, 0x00, 0x00, 0x01, 0x05, 0x01, 0x01, 0x01, 0x01, 0x01, 0x01, 0x00, 0x00, 0x00, 
0x00, 0x00, 0x00, 0x00, 0x00, 0x01, 0x02, 0x03, 0x04, 0x05, 0x06, 0x07, 0x08, 0x09, 0x0A, 0x0B, 
0xFF, 0xC4, 0x00, 0xB5, 0x10, 0x00, 0x02, 0x01, 0x03, 0x03, 0x02, 0x04, 0x03, 0x05, 0x05, 0x04, 
0x04, 0x00, 0x00, 0x01, 0x7D, 0x01, 0x02, 0x03, 0x00, 0x04, 0x11, 0x05, 0x12, 0x21, 0x31, 0x41, 
0x06, 0x13, 0x51, 0x61, 0x07, 0x22, 0x71, 0x14, 0x32, 0x81, 0x91, 0xA1, 0x08, 0x23, 0x42, 0xB1, 
0xC1, 0x15, 0x52, 0xD1, 0xF0, 0x24, 0x33, 0x62, 0x72, 0x82, 0x09, 0x0A, 0x16, 0x17, 0x18, 0x19, 
0x1A, 0x25, 0x26, 0x27, 0x28, 0x29, 0x2A, 0x34, 0x35, 0x36, 0x37, 0x38, 0x39, 0x3A, 0x43, 0x44, 
0x45, 0x46, 0x47, 0x48, 0x49, 0x4A, 0x53, 0x54, 0x55, 0x56, 0x57, 0x58, 0x59, 0x5A, 0x63, 0x64, 
0x65, 0x66, 0x67, 0x68, 0x69, 0x6A, 0x73, 0x74, 0x75, 0x76, 0x77, 0x78, 0x79, 0x7A, 0x83, 0x84, 
0x85, 0x86, 0x87, 0x88, 0x89, 0x8A, 0x92, 0x93, 0x94, 0x95, 0x96, 0x97, 0x98, 0x99, 0x9A, 0xA2, 
0xA3, 0xA4, 0xA5, 0xA6, 0xA7, 0xA8, 0xA9, 0xAA, 0xB2, 0xB3, 0xB4, 0xB5, 0xB6, 0xB7, 0xB8, 0xB9, 
0xBA, 0xC2, 0xC3, 0xC4, 0xC5, 0xC6, 0xC7, 0xC8, 0xC9, 0xCA, 0xD2, 0xD3, 0xD4, 0xD5, 0xD6, 0xD7, 
0xD8, 0xD9, 0xDA, 0xE1, 0xE2, 0xE3, 0xE4, 0xE5, 0xE6, 0xE7, 0xE8, 0xE9, 0xEA, 0xF1, 0xF2, 0xF3, 
0xF4, 0xF5, 0xF6, 0xF7, 0xF8, 0xF9, 0xFA, 0xFF, 0xC4, 0x00, 0x1F, 0x01, 0x00, 0x03, 0x01, 0x01, 
0x01, 0x01, 0x01, 0x01, 0x01, 0x01, 0x01, 0x00, 0x00, 0x00, 0x00, 0x00, 0x00, 0x01, 0x02, 0x03, 
0x04, 0x05, 0x06, 0x07, 0x08, 0x09, 0x0A, 0x0B, 0xFF, 0xC4, 0x00, 0xB5, 0x11, 0x00, 0x02, 0x01, 
0x02, 0x04, 0x04, 0x03, 0x04, 0x07, 0x05, 0x04, 0x04, 0x00, 0x01, 0x02, 0x77, 0x00, 0x01, 0x02, 
0x03, 0x11, 0x04, 0x05, 0x21, 0x31, 0x06, 0x12, 0x41, 0x51, 0x07, 0x61, 0x71, 0x13, 0x22, 0x32, 
0x81, 0x08, 0x14, 0x42, 0x91, 0xA1, 0xB1, 0xC1, 0x09, 0x23, 0x33, 0x52, 0xF0, 0x15, 0x62, 0x72, 
0xD1, 0x0A, 0x16, 0x24, 0x34, 0xE1, 0x25, 0xF1, 0x17, 0x18, 0x19, 0x1A, 0x26, 0x27, 0x28, 0x29, 
0x2A, 0x35, 0x36, 0x37, 0x38, 0x39, 0x3A, 0x43, 0x44, 0x45, 0x46, 0x47, 0x48, 0x49, 0x4A, 0x53, 
0x54, 0x55, 0x56, 0x57, 0x58, 0x59, 0x5A, 0x63, 0x64, 0x65, 0x66, 0x67, 0x68, 0x69, 0x6A, 0x73, 
0x74, 0x75, 0x76, 0x77, 0x78, 0x79, 0x7A, 0x82, 0x83, 0x84, 0x85, 0x86, 0x87, 0x88, 0x89, 0x8A, 
0x92, 0x93, 0x94, 0x95, 0x96, 0x97, 0x98, 0x99, 0x9A, 0xA2, 0xA3, 0xA4, 0xA5, 0xA6, 0xA7, 0xA8, 
0xA9, 0xAA, 0xB2, 0xB3, 0xB4, 0xB5, 0xB6, 0xB7, 0xB8, 0xB9, 0xBA, 0xC2, 0xC3, 0xC4, 0xC5, 0xC6, 
0xC7, 0xC8, 0xC9, 0xCA, 0xD2, 0xD3, 0xD4, 0xD5, 0xD6, 0xD7, 0xD8, 0xD9, 0xDA, 0xE2, 0xE3, 0xE4, 
0xE5, 0xE6, 0xE7, 0xE8, 0xE9, 0xEA, 0xF2, 0xF3, 0xF4, 0xF5, 0xF6, 0xF7, 0xF8, 0xF9, 0xFA, 0xFF, 
0xDA, 0x00, 0x0C, 0x03, 0x01, 0x00, 0x02, 0x11, 0x03, 0x11, 0x00, 0x3F, 0x00, 0xFE, 0x7F, 0xE8, 
0xA2, 0x8A, 0x00, 0x28, 0xA2, 0x8A, 0x00, 0x28, 0xA2, 0x8A, 0x00, 0x28, 0xA2, 0x8A, 0x00, 0x28, 
0xA2, 0x8A, 0x00, 0x28, 0xA2, 0x8A, 0x00, 0x28, 0xA2, 0x8A, 0x00, 0x28, 0xA2, 0x8A, 0x00, 0x28, 
0xA2, 0x8A, 0x00, 0x28, 0xA2, 0x8A, 0x00, 0x28, 0xA2, 0x8A, 0x00, 0x28, 0xA2, 0x8A, 0x00, 0x28, 
0xA2, 0x8A, 0x00, 0x28, 0xA2, 0x8A, 0x00, 0x28, 0xA2, 0x8A, 0x00, 0x28, 0xA2, 0x8A, 0x00, 0x28, 
0xA2, 0x8A, 0x00, 0x28, 0xA2, 0x8A, 0x00, 0x28, 0xA2, 0x8A, 0x00, 0x28, 0xA2, 0x8A, 0x00, 0x28, 
0xA2, 0x8A, 0x00, 0x28, 0xA2, 0x8A, 0x00, 0x28, 0xA2, 0x8A, 0x00, 0x28, 0xA2, 0x8A, 0x00, 0x28, 
0xA2, 0x8A, 0x00, 0x28, 0xA2, 0x8A, 0x00, 0x28, 0xA2, 0x8A, 0x00, 0x28, 0xA2, 0x8A, 0x00, 0x28, 
0xA2, 0x8A, 0x00, 0x28, 0xA2, 0x8A, 0x00, 0x28, 0xA2, 0x8A, 0x00, 0x28, 0xA2, 0x8A, 0x00, 0x28, 
0xA2, 0x8A, 0x00, 0x28, 0xA2, 0x8A, 0x00, 0x28, 0xA2, 0x8A, 0x00, 0x28, 0xA2, 0x8A, 0x00, 0x28, 
0xA2, 0x8A, 0x00, 0x28, 0xA2, 0x8A, 0x00, 0x28, 0xA2, 0x8A, 0x00, 0x28, 0xA2, 0x8A, 0x00, 0x28, 
0xA2, 0x8A, 0x00, 0x28, 0xA2, 0x8A, 0x00, 0x28, 0xA2, 0x8A, 0x00, 0x28, 0xA2, 0x8A, 0x00, 0x28, 
0xA2, 0x8A, 0x00, 0x28, 0xA2, 0x8A, 0x00, 0x28, 0xA2, 0x8A, 0x00, 0x28, 0xA2, 0x8A, 0xD0, 0x02, 
0x8A, 0x28, 0xAC, 0xC0, 0x28, 0xA2, 0x8A, 0x00, 0x28, 0xA2, 0x8A, 0x00, 0x28, 0xA2, 0x8A, 0x00, 
0x28, 0xA2, 0x8A, 0x00, 0x28, 0xA2, 0x8A, 0x00, 0x28, 0xA2, 0x8A, 0x00, 0x28, 0xA2, 0x8A, 0x00, 
0x28, 0xA2, 0x8A, 0x00, 0x28, 0xA2, 0x8A, 0x00, 0x28, 0xA2, 0x8A, 0x00, 0x28, 0xA2, 0x8A, 0x00, 
0x28, 0xA2, 0x8A, 0x00, 0x28, 0xA2, 0x8A, 0x00, 0x28, 0xA2, 0x8A, 0x00, 0x28, 0xA2, 0x8A, 0x00, 
0x28, 0xA2, 0x8A, 0x00, 0x28, 0xA2, 0x8A, 0x00, 0x28, 0xA2, 0x8A, 0x00, 0x28, 0xA2, 0x8A, 0x00, 
0x28, 0xA2, 0x8A, 0x00, 0x28, 0xA2, 0x8A, 0x00, 0x28, 0xA2, 0x8A, 0x00, 0x28, 0xA2, 0x8A, 0x00, 
0x28, 0xA2, 0x8A, 0x00, 0x28, 0xA2, 0x8A, 0x00, 0x28, 0xA2, 0x8A, 0x00, 0x28, 0xA2, 0x8A, 0x00, 
0x28, 0xA2, 0xA4, 0xA0, 0x00, 0x8C, 0x1A, 0x9A, 0x1B, 0x29, 0x26, 0x46, 0x65, 0x8D, 0x9B, 0x6F, 
0xDE, 0xFF, 0x00, 0x66, 0x8B, 0x38, 0x63, 0x7B, 0xB8, 0xFC, 0xE6, 0xDB, 0x0E, 0xEF, 0x9A, 0xBF, 
0xA2, 0x4F, 0xF8, 0x21, 0x87, 0xEC, 0xFD, 0xF0, 0x76, 0xFF, 0x00, 0xFE, 0x09, 0xC1, 0xE1, 0x7B, 
0xEF, 0xF8, 0x42, 0x74, 0x1F, 0x10, 0x5E, 0x78, 0xD2, 0x6B, 0xCD, 0x33, 0xC6, 0x57, 0x97, 0xD6, 
0x31, 0xCB, 0x79, 0xE6, 0x79, 0x8C, 0xBE, 0x4F, 0xFD, 0x33, 0x55, 0xFF, 0x00, 0x96, 0x75, 0xE3, 
0xE7, 0x99, 0xE5, 0x2C, 0xAF, 0x0F, 0xF5, 0x8A, 0xDF, 0x09, 0xDD, 0x81, 0xC1, 0xFD, 0x66, 0xA7, 
0x2C, 0x4F, 0xE7, 0x59, 0x83, 0x2D, 0x44, 0x4D, 0x7B, 0xCF, 0xFC, 0x14, 0x63, 0xF6, 0x68, 0x5F, 
0xD9, 0x1F, 0xF6, 0xCA, 0xF8, 0x83, 0xF0, 0xFE, 0xDB, 0xCF, 0xFE, 0xCF, 0xF0, 0xEE, 0xAD, 0x34, 
0x36, 0x2D, 0x20, 0xFB, 0xD6, 0xAD, 0xFB, 0xE8, 0x7F, 0xF2, 0x1C, 0x8B, 0x5E, 0x14, 0x53, 0x95, 
0xAF, 0x5A, 0x85, 0x78, 0x57, 0xA3, 0x1A, 0xD0, 0xFB, 0x47, 0x2D, 0x68, 0x72, 0x4B, 0x94, 0x8E, 
0x8A, 0x28, 0xAA, 0x33, 0x0A, 0x28, 0xA2, 0x80, 0x0A, 0x28, 0xA2, 0x80, 0x0A, 0x28, 0xA2, 0x80, 
0x0A, 0x28, 0xA2, 0x80, 0x0A, 0x28, 0xA2, 0x80, 0x0A, 0x28, 0xA2, 0x80, 0x0A, 0x28, 0xA2, 0x80, 
0x0A, 0x28, 0xA2, 0x80, 0x0A, 0x28, 0xA2, 0x80, 0x0A, 0x28, 0xA2, 0x80, 0x0A, 0x28, 0xA2, 0x80, 
0x0A, 0x28, 0xA2, 0x80, 0x0A, 0x28, 0xA2, 0x80, 0x0A, 0x28, 0xA2, 0x80, 0x0A, 0x28, 0xA2, 0x80, 
0x0A, 0x28, 0xA2, 0x80, 0x0A, 0x28, 0xA2, 0x80, 0x0A, 0x28, 0xA2, 0x80, 0x0A, 0x28, 0xA2, 0x80, 
0x0A, 0x28, 0xA2, 0x80, 0x0A, 0x28, 0xA2, 0x80, 0x0A, 0x28, 0xA2, 0x80, 0x0A, 0x28, 0xA2, 0x80, 
0x0A, 0x28, 0xA2, 0x80, 0x0A, 0x28, 0xA2, 0x80, 0x0A, 0x92, 0xA3, 0xA7, 0x43, 0xF7, 0xE8, 0x03, 
0xA0, 0xF0, 0x1F, 0x80, 0xB5, 0x9F, 0x89, 0x9E, 0x2A, 0xB4, 0xD1, 0x7C, 0x3D, 0xA5, 0x5F, 0xEB, 
0x5A, 0xC5, 0xFC, 0x9E, 0x5D, 0xB5, 0x9D, 0x8D, 0xBB, 0x4D, 0x3C, 0xED, 0xFE, 0xCC, 0x6B, 0x57, 
0x3E, 0x25, 0x7C, 0x28, 0xF1, 0x27, 0xC1, 0xAF, 0x15, 0x5C, 0x68, 0xBE, 0x2A, 0xD1, 0x35, 0x4D, 
0x07, 0x58, 0xB5, 0x6F, 0xDF, 0x59, 0xDF, 0x5B, 0xB4, 0x32, 0xC5, 0xFE, 0xD5, 0x7D, 0xD7, 0xFF, 
0x00, 0x06, 0xE9, 0x7E, 0xD3, 0xFF, 0x00, 0x0B, 0xFF, 0x00, 0x66, 0x4F, 0xDA, 0xFF, 0x00, 0x56, 
0x6F, 0x88, 0xDF, 0x67, 0xD2, 0x6E, 0x3C, 0x4D, 0xA5, 0xFF, 0x00, 0x65, 0x68, 0x3E, 0x20, 0x9B, 
0x6E, 0xDD, 0x12, 0xE3, 0x77, 0xCD, 0xB9, 0xBF, 0xE5, 0x9F, 0x9B, 0xF2, 0xAF, 0x99, 0xFE, 0xCD, 
0x7E, 0xBE, 0xFF, 0x00, 0xC1, 0x40, 0x7F, 0xE0, 0x9F, 0x1E, 0x0D, 0xFF, 0x00, 0x82, 0x83, 0xFC, 
0x34, 0xFE, 0xC1, 0xF1, 0xC4, 0x36, 0xF6, 0x3E, 0x22, 0xB7, 0x8F, 0x77, 0x87, 0x7C, 0x65, 0x6B, 
0x1C, 0x72, 0x32, 0x7F, 0xCF, 0x38, 0xE4, 0x93, 0xFE, 0x5A, 0x47, 0x2D, 0x7C, 0x5E, 0x7D, 0xC6, 
0x50, 0xCA, 0xF1, 0xF4, 0xF0, 0xF8, 0x8A, 0x7F, 0xBB, 0x97, 0xDA, 0x3D, 0x7C, 0x1E, 0x57, 0xF5, 
0x9A, 0x5C, 0xF1, 0x3F, 0x96, 0xFD, 0x95, 0xFA, 0xBD, 0xFF, 0x00, 0x06, 0xD1, 0x7E, 0xD8, 0x8B, 
0xE1, 0xEF, 0x8A, 0xBA, 0xF7, 0xC1, 0x7D, 0x6A, 0xF3, 0xC9, 0xD2, 0x7C, 0x7D, 0x0F, 0xDA, 0x74, 
0x9F, 0x31, 0xBF, 0xD5, 0x6A, 0x50, 0xAF, 0xDD, 0x5F, 0xFA, 0xEB, 0x02, 0xFF, 0x00, 0xE4, 0x0A, 
0xF8, 0x33, 0xF6, 0xD7, 0xFD, 0x89, 0x7C, 0x79, 0xFB, 0x05, 0xFC, 0x68, 0xBD, 0xF0, 0x57, 0x8D, 
0xB4, 0xF6, 0xB7, 0xBC, 0xB7, 0x3B, 0xAC, 0xEF, 0x21, 0xF9, 0xAD, 0x75, 0x38, 0x7F, 0x86, 0x68, 
0x64, 0xFE, 0x2F, 0xFD, 0x96, 0xBC, 0xDF, 0xE1, 0x87, 0xC4, 0xBD, 0x63, 0xE1, 0x0F, 0x8F, 0x34, 
0x7F, 0x14, 0x68, 0x17, 0x93, 0x69, 0xBA, 0xCE, 0x83, 0x79, 0x1D, 0xF5, 0x9D, 0xC4, 0x7F, 0xF2, 
0xCA, 0x68, 0xDB, 0x72, 0xD7, 0xB7, 0x9B, 0x60, 0x68, 0xE6, 0xD8, 0x09, 0x51, 0x5F, 0x0C, 0xB6, 
0x39, 0xB0, 0xB5, 0xAA, 0x61, 0x6B, 0x73, 0x1F, 0xA8, 0x7F, 0xF0, 0x74, 0x9F, 0xEC, 0xF3, 0xFD, 
0x83, 0xF1, 0xF3, 0xC1, 0x3F, 0x12, 0x2D, 0xEC, 0xDA, 0xDD, 0x7C, 0x6F, 0xA2, 0xFD, 0x9A, 0xF1, 
0xBC, 0xBF, 0xBF, 0x79, 0x65, 0xB6, 0x2F, 0x9B, 0xFD, 0xA6, 0x81, 0xA3, 0xFF, 0x00, 0xBF, 0x35, 
0xF9, 0x30, 0xEF, 0xE6, 0x0A, 0xFD, 0x5E, 0xFF, 0x00, 0x82, 0xCD, 0x7F, 0xC1, 0x61, 0xFE, 0x1A, 
0xFF, 0x00, 0xC1, 0x41, 0xFF, 0x00, 0x61, 0x5F, 0x85, 0x1A, 0x36, 0x91, 0xA7, 0xEA, 0x90, 0xF8, 
0xFA, 0xD3, 0x54, 0xFE, 0xD7, 0xD7, 0xE1, 0x9A, 0xDF, 0x6D, 0xBD, 0x93, 0x7D, 0x8A, 0x78, 0x24, 
0x58, 0xE4, 0xFE, 0x2F, 0x36, 0x59, 0xB7, 0x7F, 0xC0, 0x6B, 0xF2, 0x81, 0xD7, 0xE7, 0xAC, 0xB8, 
0x5F, 0x0B, 0x5F, 0x0F, 0x97, 0xD3, 0xC3, 0x62, 0x3E, 0x28, 0x86, 0x61, 0x5A, 0x15, 0x6A, 0xF3, 
0xC4, 0x28, 0xAE, 0x8B, 0xC0, 0x7F, 0x0C, 0xF5, 0xEF, 0x89, 0xDA, 0xCC, 0x7A, 0x6F, 0x87, 0xB4, 
0x7D, 0x53, 0x5C, 0xD4, 0xA6, 0xF9, 0x63, 0xB7, 0xB1, 0xB5, 0x69, 0x9F, 0xFF, 0x00, 0x1D, 0xAF, 
0xB4, 0x3F, 0x67, 0xCF, 0xF8, 0x37, 0x9F, 0xF6, 0x80, 0xF8, 0xD3, 0x0D, 0xBD, 0xE6, 0xB1, 0xA2, 
0xD9, 0xF8, 0x0F, 0x49, 0x9B, 0xFE, 0x5E, 0x35, 0x89, 0xBE, 0x6F, 0xFB, 0xF6, 0xB5, 0xF5, 0x11, 
0xC2, 0xD4, 0x9F, 0xC2, 0x79, 0x72, 0xAF, 0x4E, 0x1F, 0x11, 0xF0, 0x6B, 0x77, 0xA7, 0x05, 0xCF, 
0x5A, 0xFD, 0x71, 0x8B, 0xFE, 0x08, 0x8D, 0xFB, 0x38, 0xFE, 0xCC, 0x71, 0x47, 0x71, 0xF1, 0x9F, 
0xE3, 0xC5, 0x94, 0xD3, 0x42, 0xBF, 0xBE, 0xB1, 0xD3, 0xE6, 0x8E, 0x1F, 0xFC, 0x77, 0xFD, 0x6D, 
0x59, 0x9B, 0xF6, 0x8B, 0xFF, 0x00, 0x82, 0x77, 0xFE, 0xCB, 0xC8, 0xB1, 0xF8, 0x57, 0xE1, 0xAE, 
0xA5, 0xF1, 0x02, 0xFA, 0xCF, 0xFD, 0x5D, 0xC6, 0xA1, 0x0C, 0x92, 0x79, 0xBF, 0xF6, 0xD2, 0x6F, 
0x2E, 0xBB, 0x63, 0x96, 0xCB, 0xFE, 0x5E, 0x48, 0xE7, 0xFA, 0xF4, 0x5F, 0xC3, 0x13, 0xF2, 0x67, 
0x42, 0xF0, 0x76, 0xA7, 0xE2, 0x7B, 0xCF, 0x27, 0x4D, 0xD3, 0x6F, 0x75, 0x19, 0xBF, 0xE7, 0x9D, 
0xBC, 0x2D, 0x33, 0x7F, 0xE3, 0xB5, 0xE9, 0xDE, 0x05, 0xFD, 0x80, 0x3E, 0x33, 0x7C, 0x4E, 0x95, 
0x7F, 0xB0, 0xFE, 0x19, 0xF8, 0xC2, 0xED, 0x5B, 0xFB, 0xDA, 0x6C, 0x90, 0x7F, 0xE8, 0xCA, 0xFD, 
0x06, 0xF1, 0x3F, 0xFC, 0x1C, 0x5B, 0xE1, 0x3F, 0x06, 0x58, 0x7D, 0x97, 0xE1, 0xDF, 0xC0, 0xBF, 
0x07, 0xE8, 0x6B, 0x17, 0xCB, 0x0B, 0x5D, 0x79, 0x72, 0x7F, 0xE8, 0xB8, 0xFF, 0x00, 0xF6, 0x6A, 
0xF1, 0xCF, 0x1F, 0x7F, 0xC1, 0xC6, 0x7F, 0x1E, 0xBC, 0x51, 0xFB, 0xBD, 0x2E, 0xEB, 0x41, 0xF0, 
0xEC, 0x3F, 0xF3, 0xCE, 0xC7, 0x4F, 0xDD, 0xFF, 0x00, 0xA1, 0x56, 0xBF, 0x56, 0xC2, 0x47, 0xE2, 
0x91, 0x97, 0xD6, 0x31, 0x2F, 0xE1, 0x81, 0xC2, 0x78, 0x27, 0xFE, 0x08, 0x2F, 0xFB, 0x4B, 0x78, 
0xD5, 0x16, 0x45, 0xF0, 0x29, 0xD2, 0xE3, 0x6F, 0xFA, 0x09, 0x5E, 0x47, 0x15, 0x7A, 0xEF, 0x83, 
0x3F, 0xE0, 0xD9, 0x3F, 0x8D, 0x3A, 0xC2, 0x06, 0xD5, 0xBC, 0x47, 0xE0, 0x8D, 0x0F, 0xFB, 0xCA, 
0xD7, 0xBE, 0x7D, 0x7C, 0xF5, 0xE3, 0xCF, 0xF8, 0x2C, 0x67, 0xED, 0x01, 0xE3, 0xF5, 0x65, 0xBA, 
0xF8, 0x95, 0xE2, 0x38, 0x63, 0xFF, 0x00, 0x9E, 0x76, 0xB3, 0x79, 0x0B, 0xFF, 0x00, 0x8E, 0xD7, 
0x98, 0x6B, 0x5F, 0xB6, 0xA7, 0xC5, 0x0F, 0x12, 0xBB, 0x35, 0xF7, 0x8E, 0xBC, 0x59, 0x75, 0xBB, 
0xFE, 0x7A, 0x6B, 0x13, 0x7F, 0xF1, 0x54, 0x7F, 0xB1, 0x44, 0x3F, 0xDA, 0xE4, 0x7E, 0x85, 0x58, 
0xFF, 0x00, 0xC1, 0xAE, 0x1E, 0x26, 0xF2, 0xFC, 0xCB, 0xEF, 0x8B, 0xDE, 0x0B, 0xB7, 0x6F, 0xF6, 
0x61, 0xFF, 0x00, 0xED, 0x95, 0x6F, 0xFE, 0x21, 0x73, 0xD4, 0xB1, 0xB7, 0xFE, 0x17, 0x37, 0x83, 
0xFC, 0xCF, 0xFA, 0xE7, 0xFF, 0x00, 0xDB, 0x2B, 0xF3, 0x1E, 0xE3, 0xE3, 0xDF, 0x8B, 0xAF, 0x24, 
0xDD, 0x37, 0x88, 0xB5, 0x69, 0x9B, 0xFD, 0xAB, 0xA9, 0x1B, 0xFF, 0x00, 0x66, 0xAA, 0x6B, 0xF1, 
0x8B, 0xC4, 0x83, 0xFE, 0x63, 0x17, 0xDF, 0xF7, 0xF9, 0xA9, 0x7D, 0x6B, 0x07, 0xFC, 0xA1, 0xF5, 
0x7C, 0x57, 0xF3, 0x1F, 0xA7, 0x97, 0x9F, 0xF0, 0x6B, 0x47, 0x89, 0x24, 0x4F, 0xF4, 0x3F, 0x8C, 
0x1E, 0x0F, 0x91, 0xBF, 0xE9, 0xA4, 0x3F, 0xFD, 0xB2, 0xB8, 0xEF, 0x1A, 0x7F, 0xC1, 0xB1, 0xDF, 
0x17, 0xB4, 0x55, 0x66, 0xD2, 0xFC, 0x59, 0xE0, 0x8D, 0x63, 0xFE, 0x79, 0xE2, 0xE7, 0xC8, 0xDF, 
0x5F, 0x9F, 0xD6, 0xDF, 0x1C, 0xBC, 0x59, 0x6C, 0xFB, 0xA3, 0xD7, 0xB5, 0x48, 0xFF, 0x00, 0xDD, 
0xBA, 0x93, 0xFF, 0x00, 0x8A, 0xAD, 0xAF, 0x0F, 0xFE, 0xD7, 0x9F, 0x12, 0x3C, 0x2F, 0x74, 0xB3, 
0x58, 0x78, 0xDB, 0xC5, 0x16, 0xAD, 0xFF, 0x00, 0x4C, 0x75, 0x49, 0x97, 0xFF, 0x00, 0x66, 0xA7, 
0xF5, 0xAC, 0x1F, 0xF2, 0x8F, 0xD9, 0xE2, 0xD7, 0xDA, 0x3D, 0xFB, 0xC7, 0xFF, 0x00, 0xF0, 0x42, 
0xBF, 0xDA, 0x3F, 0xC0, 0xDE, 0x63, 0x7F, 0xC2, 0x0E, 0x75, 0x88, 0xE3, 0xFE, 0x2D, 0x36, 0xEA, 
0x39, 0x77, 0x57, 0xCF, 0xBF, 0x11, 0xFF, 0x00, 0x65, 0xAF, 0x88, 0xDF, 0x07, 0x2E, 0xA4, 0x87, 
0xC5, 0x1E, 0x09, 0xF1, 0x36, 0x8B, 0xE5, 0x7D, 0xE9, 0x2E, 0xB4, 0xF9, 0x3C, 0xB1, 0xFF, 0x00, 
0x02, 0xFB, 0xB5, 0xEC, 0xBF, 0x0E, 0xBF, 0xE0, 0xB2, 0xFF, 0x00, 0xB4, 0x27, 0xC3, 0x47, 0x8F, 
0xEC, 0x7F, 0x11, 0xB5, 0xEB, 0xB8, 0xE2, 0xFE, 0x1B, 0xC6, 0x8E, 0xE5, 0x7F, 0xF1, 0xE5, 0xAF, 
0x7F, 0xF8, 0x69, 0xFF, 0x00, 0x07, 0x1C, 0xFC, 0x46, 0xB6, 0x45, 0xB7, 0xF1, 0xD7, 0x86, 0x7C, 
0x27, 0xE3, 0x6B, 0x3F, 0xE2, 0xFB, 0x44, 0x2D, 0x04, 0xBF, 0xFB, 0x32, 0xD1, 0xEC, 0xB0, 0x92, 
0xEA, 0x2F, 0x6B, 0x8B, 0x8F, 0xD9, 0xE6, 0x3F, 0x37, 0x24, 0xB7, 0x3D, 0x89, 0xA8, 0xA4, 0xFB, 
0xF5, 0xFA, 0xDB, 0xA7, 0xFE, 0xD7, 0xDF, 0xB1, 0x27, 0xED, 0xCB, 0xFB, 0x9F, 0x89, 0x1F, 0x0E, 
0x64, 0xF8, 0x6D, 0xAE, 0x5C, 0x7F, 0xCC, 0x4B, 0x4D, 0x87, 0xE5, 0xFF, 0x00, 0xBF, 0x91, 0xD7, 
0x1D, 0xF1, 0xBF, 0xFE, 0x0D, 0xFE, 0xFF, 0x00, 0x84, 0xE7, 0xC1, 0xF2, 0x78, 0xC3, 0xF6, 0x79, 
0xF1, 0xC6, 0x93, 0xF1, 0x1B, 0x45, 0x7F, 0xDE, 0x47, 0xA7, 0x3D, 0xC4, 0x6D, 0x75, 0xE5, 0xFF, 
0x00, 0xB2, 0xCB, 0x53, 0x3C, 0xAF, 0x9B, 0xDE, 0xA2, 0x38, 0x66, 0x51, 0xE6, 0xE5, 0xAD, 0x1E, 
0x53, 0xF2, 0xFF, 0x00, 0x3F, 0x3D, 0x0A, 0xD5, 0xD1, 0x7C, 0x42, 0xF8, 0x6B, 0xAE, 0xFC, 0x2B, 
0xF1, 0x3D, 0xE6, 0x87, 0xE2, 0x2D, 0x2E, 0xF3, 0x47, 0xD6, 0x2C, 0x5B, 0x64, 0xF6, 0x97, 0x70, 
0xF9, 0x72, 0xC5, 0x5C, 0xDD, 0x79, 0x52, 0xA2, 0xE1, 0xF1, 0x1E, 0x97, 0x37, 0x30, 0x51, 0x45, 
0x15, 0x90, 0x12, 0x54, 0x74, 0x51, 0x40, 0x05, 0x14, 0x51, 0x40, 0x05, 0x14, 0x51, 0x40, 0x05, 
0x14, 0x51, 0x40, 0x05, 0x14, 0x55, 0x8B, 0x5B, 0x76, 0xBC, 0x75, 0x8D, 0x23, 0x69, 0x24, 0x6F, 
0x95, 0x55, 0x6B, 0x48, 0x43, 0x98, 0x08, 0x77, 0x7F, 0xB5, 0xFA, 0x50, 0x39, 0xFE, 0x2F, 0xD2, 
0xBD, 0xAB, 0xE1, 0x4F, 0xEC, 0x0B, 0xF1, 0x5F, 0xE3, 0x2D, 0xB7, 0xDA, 0x34, 0x3F, 0x06, 0x6A, 
0xCD, 0x67, 0xFF, 0x00, 0x3F, 0x17, 0x71, 0xFD, 0x9A, 0x2F, 0xFC, 0x7A, 0xBB, 0xEF, 0xF8, 0x74, 
0x07, 0xC6, 0x64, 0xFB, 0xFA, 0x6E, 0x83, 0x17, 0xFD, 0x74, 0xD5, 0x23, 0xAE, 0xC8, 0xE5, 0xB8, 
0x89, 0x7D, 0x93, 0x1F, 0xAC, 0x53, 0xEE, 0x7C, 0xAB, 0x4E, 0xF9, 0xAB, 0xE8, 0xCF, 0x1A, 0xFF, 
0x00, 0xC1, 0x30, 0xBE, 0x31, 0x78, 0x13, 0x46, 0x9B, 0x52, 0x9B, 0xC2, 0x6D, 0xA8, 0x5A, 0xDB, 
0xFC, 0xD3, 0x49, 0xA7, 0x5C, 0x47, 0x3F, 0x94, 0xBF, 0xEE, 0xD7, 0xCF, 0xD7, 0xBA, 0x7C, 0xD6, 
0x17, 0x4D, 0x0C, 0x91, 0xCB, 0x1C, 0xCA, 0xDB, 0x5D, 0x59, 0x76, 0xEC, 0x6A, 0xC7, 0x11, 0x85, 
0xA9, 0x4B, 0xE3, 0x2A, 0x15, 0x63, 0x2D, 0x8A, 0x54, 0x51, 0x45, 0x72, 0x9A, 0x05, 0x14, 0x51, 
0x40, 0x05, 0x14, 0x51, 0x40, 0x05, 0x14, 0x51, 0x40, 0x05, 0x14, 0x51, 0x40, 0x05, 0x14, 0x51, 
0x40, 0x05, 0x14, 0x54, 0x94, 0x00, 0x50, 0x06, 0x6B, 0xD6, 0x7E, 0x09, 0xFE, 0xC5, 0x5F, 0x12, 
0x3F, 0x68, 0x0B, 0x7F, 0xB5, 0x78, 0x6B, 0xC3, 0x37, 0x97, 0x5A, 0x7F, 0xFC, 0xFE, 0x49, 0xFB, 
0x9B, 0x5F, 0xFB, 0xF8, 0xD5, 0xE9, 0x63, 0xFE, 0x09, 0x1F, 0xF1, 0x70, 0x7D, 0xE8, 0x7C, 0x3B, 
0xBB, 0xFE, 0x79, 0xFF, 0x00, 0x69, 0x7C, 0xDF, 0xFA, 0x0D, 0x77, 0x52, 0xCB, 0xAB, 0x4F, 0xEC, 
0x98, 0xCB, 0x15, 0x46, 0x3F, 0x14, 0x8F, 0x96, 0xE9, 0xA1, 0xEB, 0xDE, 0x3C, 0x7F, 0xFF, 0x00, 
0x04, 0xED, 0xF8, 0xB5, 0xF0, 0xEE, 0xD1, 0xAE, 0x2F, 0x7C, 0x29, 0x71, 0x75, 0x6F, 0x17, 0xDE, 
0x92, 0xC9, 0xD6, 0x7A, 0xF1, 0x5D, 0x63, 0x44, 0xBA, 0xD1, 0xAF, 0x64, 0xB7, 0xBB, 0xB7, 0x9E, 
0xD6, 0xE2, 0x26, 0xFD, 0xE4, 0x73, 0x47, 0xE5, 0xB2, 0x7F, 0xC0, 0x6B, 0x2A, 0xD8, 0x5A, 0x94, 
0xBE, 0x32, 0xA3, 0x5A, 0x9C, 0xFE, 0x13, 0x3E, 0x8A, 0x28, 0xAE, 0x63, 0x42, 0xC5, 0xB5, 0xCB, 
0x5B, 0x5C, 0x2C, 0x88, 0xDB, 0x59, 0x6B, 0xEE, 0xCF, 0xF8, 0x27, 0x8F, 0xFC, 0x17, 0x17, 0xE2, 
0x3F, 0xEC, 0x5B, 0x14, 0x3E, 0x1F, 0xD4, 0xA6, 0x5F, 0x1A, 0xF8, 0x0E, 0x59, 0x17, 0xCE, 0xD1, 
0x75, 0x59, 0x19, 0xBE, 0xCF, 0x1F, 0xFD, 0x3B, 0x49, 0xFF, 0x00, 0x2C, 0x7F, 0xF4, 0x0F, 0xFA, 
0x67, 0x5F, 0x07, 0xA7, 0xDF, 0xAB, 0x36, 0x96, 0xD2, 0x5E, 0x5C, 0xC7, 0x0C, 0x71, 0xB3, 0x49, 
0x21, 0xDA, 0xAA, 0xBF, 0x79, 0xAB, 0x87, 0x32, 0xCB, 0x70, 0xB8, 0xDA, 0x5E, 0xC7, 0x13, 0x1E, 
0x68, 0x9D, 0x18, 0x5C, 0x55, 0x4A, 0x12, 0xE6, 0x81, 0xFB, 0xD3, 0xFF, 0x00, 0x05, 0x13, 0xFD, 
0xBD, 0xBF, 0x64, 0x3F, 0xDB, 0xF3, 0xFE, 0x09, 0x91, 0xAF, 0x5E, 0x5F, 0x78, 0x83, 0xC9, 0xF1, 
0xC6, 0x93, 0xA7, 0xC9, 0x77, 0xE1, 0x5D, 0x1E, 0xF2, 0xDF, 0xFE, 0x27, 0x3A, 0x6E, 0xA5, 0xE5, 
0xFC, 0xB0, 0x79, 0x8B, 0xF7, 0xA0, 0x69, 0x7E, 0xF4, 0x9B, 0xB6, 0xED, 0xAF, 0xC1, 0x7D, 0x4F, 
0xC9, 0xFB, 0x7C, 0xDF, 0x65, 0x66, 0x6B, 0x7F, 0x31, 0xBC, 0xBD, 0xDF, 0xDD, 0xAB, 0xDE, 0x24, 
0xD0, 0x35, 0x8F, 0x07, 0xDE, 0xB6, 0x9F, 0xAA, 0x59, 0xEA, 0x5A, 0x6C, 0xDB, 0x77, 0x7D, 0x9E, 
0xF2, 0x16, 0x81, 0xBF, 0xEF, 0x96, 0xAF, 0x44, 0xFD, 0x8E, 0x3F, 0x64, 0x5F, 0x18, 0x7E, 0xDB, 
0x1F, 0x1D, 0xF4, 0x5F, 0x87, 0xFE, 0x0B, 0xB5, 0xFB, 0x46, 0xA9, 0xAC, 0xB6, 0xE6, 0x9A, 0x4F, 
0xF5, 0x16, 0x50, 0xAF, 0xFA, 0xC9, 0xA6, 0xFF, 0x00, 0x65, 0x6A, 0x72, 0x7C, 0xAA, 0x38, 0x2A, 
0x3E, 0xC6, 0x8F, 0xC2, 0x56, 0x33, 0x19, 0xED, 0x25, 0xCD, 0x23, 0x99, 0xF8, 0x33, 0xF0, 0x3F, 
0xC5, 0x9F, 0x1F, 0xBC, 0x7D, 0x63, 0xE1, 0x9F, 0x07, 0x68, 0xBA, 0x8F, 0x88, 0x35, 0xCD, 0x45, 
0xBF, 0x73, 0x67, 0x67, 0x07, 0x98, 0xE7, 0xFD, 0xAF, 0xF6, 0x57, 0xFD, 0xAA, 0xFD, 0x32, 0xF8, 
0x4D, 0xFF, 0x00, 0x04, 0x29, 0xF8, 0x6B, 0xFB, 0x25, 0xF8, 0x42, 0xCF, 0xC6, 0xDF, 0xB5, 0x77, 
0xC4, 0x4D, 0x3B, 0x49, 0x85, 0xA3, 0xF3, 0xFF, 0x00, 0xE1, 0x19, 0xD3, 0x6E, 0x36, 0xCA, 0xED, 
0xFF, 0x00, 0x3C, 0xDA, 0x4F, 0xBC, 0xDF, 0xF6, 0xCA, 0xBD, 0x47, 0xE3, 0x9F, 0xED, 0x2B, 0xF0, 
0x7F, 0xFE, 0x08, 0x21, 0xF0, 0x7A, 0x4F, 0x85, 0xBF, 0x07, 0x6D, 0x74, 0xDF, 0x17, 0x7C, 0x6A, 
0xBC, 0xB5, 0xFF, 0x00, 0x89, 0xF7, 0x89, 0x2E, 0x63, 0x8E, 0x4F, 0xB3, 0x4D, 0xB7, 0xF8, 0xBF, 
0xF6, 0x9C, 0x2B, 0xFF, 0x00, 0x6D, 0x2B, 0xF2, 0x43, 0xE3, 0xD7, 0xED, 0x3F, 0xE3, 0x2F, 0xDA, 
0x5B, 0xC7, 0x57, 0x9E, 0x20, 0xF1, 0x86, 0xBD, 0x7F, 0xAE, 0x6A, 0x57, 0x8D, 0xFE, 0xBA, 0xEA, 
0x4D, 0xDE, 0x52, 0xFF, 0x00, 0xCF, 0x38, 0xFF, 0x00, 0xE7, 0x9A, 0xFF, 0x00, 0xB2, 0xB5, 0xF4, 
0xF4, 0x63, 0x46, 0x87, 0xC5, 0xF1, 0x1E, 0x1B, 0x95, 0x6C, 0x47, 0xC3, 0xEE, 0xC4, 0xFD, 0x2D, 
0xF1, 0xCF, 0xFC, 0x17, 0x5B, 0xE1, 0x4F, 0xEC, 0x9B, 0xA2, 0xDD, 0x78, 0x5F, 0xF6, 0x6B, 0xF8, 
0x47, 0xE1, 0xFD, 0x1E, 0xDE, 0x0F, 0x96, 0x3D, 0x67, 0x53, 0xB5, 0xFD, 0xEC, 0xDF, 0xED, 0x79, 
0x6B, 0xFB, 0xCF, 0xFB, 0xE9, 0x96, 0xBE, 0x2F, 0xFD, 0xA1, 0xFF, 0x00, 0xE0, 0xB0, 0x3F, 0x1D, 
0xBF, 0x69, 0x0F, 0x3A, 0x1D, 0x73, 0xE2, 0x06, 0xB9, 0x0D, 0x8D, 0xC7, 0xDE, 0xB3, 0xD3, 0xE4, 
0xFB, 0x15, 0xBF, 0xFD, 0xFB, 0x5F, 0xFE, 0x2A, 0xBE, 0x59, 0x76, 0xDC, 0xD4, 0x99, 0x6F, 0x6A, 
0xCA, 0xA6, 0x61, 0x27, 0xF0, 0x9A, 0xD1, 0xC0, 0xD2, 0x86, 0xE6, 0x9E, 0xAB, 0xE2, 0xDD, 0x4B, 
0x58, 0xBA, 0x92, 0x6B, 0xAB, 0xCB, 0x8B, 0x89, 0x9B, 0xEF, 0x48, 0xCD, 0xF3, 0x56, 0x63, 0xCC, 
0xD3, 0x75, 0xFC, 0xEA, 0x3A, 0x2B, 0x8E, 0x55, 0xA5, 0x23, 0xB4, 0x28, 0xA2, 0x8A, 0xC4, 0x02, 
0x8A, 0x28, 0xA0, 0x02, 0x8A, 0x28, 0xA0, 0x02, 0x8A, 0x28, 0xA0, 0x02, 0x8C, 0xD1, 0x45, 0x00, 
0x49, 0x14, 0xEC, 0x87, 0xE5, 0xAF, 0x54, 0xFD, 0x9E, 0x3F, 0x6B, 0xFF, 0x00, 0x1E, 0x7E, 0xCB, 
0x7E, 0x33, 0xB7, 0xD6, 0xBC, 0x1B, 0xE2, 0x2D, 0x4B, 0x43, 0xBE, 0xB7, 0x7C, 0xEE, 0xB7, 0x9B, 
0xF7, 0x4F, 0xFE, 0xF4, 0x7F, 0x75, 0xAB, 0xCA, 0x08, 0xC5, 0x3F, 0x15, 0xD1, 0x4B, 0x11, 0x52, 
0x1F, 0x09, 0x9C, 0xE8, 0xD3, 0x9F, 0xC6, 0x7E, 0xC8, 0xFC, 0x28, 0xFD, 0xAD, 0x3E, 0x05, 0xFF, 
0x00, 0xC1, 0x6F, 0x7C, 0x1B, 0x6B, 0xF0, 0xF7, 0xE3, 0x86, 0x9F, 0xA6, 0xF8, 0x0F, 0xE3, 0x07, 
0x93, 0xE4, 0x68, 0xBE, 0x2C, 0xB5, 0x8E, 0x38, 0x22, 0xBD, 0x9B, 0xFE, 0x79, 0xEE, 0xFE, 0x16, 
0x96, 0x4F, 0xE1, 0x6F, 0xBD, 0x5F, 0x9D, 0xFF, 0x00, 0xB7, 0xB7, 0xEC, 0x0F, 0xE3, 0x6F, 0xD8, 
0x0F, 0xE3, 0x2C, 0xDE, 0x13, 0xF1, 0x6D, 0xAF, 0x99, 0x0C, 0xBE, 0x64, 0xFA, 0x5E, 0xA9, 0x6F, 
0x1F, 0xFA, 0x2E, 0xAB, 0x0F, 0xFC, 0xF4, 0x8D, 0xBF, 0xF4, 0x25, 0xFE, 0x1A, 0xF0, 0xAD, 0x2F, 
0x56, 0x9B, 0x44, 0xBB, 0x5B, 0x8B, 0x76, 0x68, 0xE4, 0x5F, 0xE2, 0x56, 0xAF, 0xD7, 0xDF, 0xD8, 
0x3F, 0xF6, 0x8E, 0xF0, 0xFF, 0x00, 0xFC, 0x16, 0x1F, 0xF6, 0x62, 0xBC, 0xFD, 0x9B, 0xFE, 0x31, 
0xDE, 0x5B, 0xB7, 0xC4, 0x0D, 0x2E, 0xD7, 0xED, 0x3E, 0x0B, 0xF1, 0x24, 0xC3, 0xFD, 0x31, 0xA4, 
0x8E, 0x3F, 0x97, 0xF7, 0x9F, 0xDE, 0x5F, 0xF9, 0x69, 0xFF, 0x00, 0x3D, 0x23, 0xAF, 0x56, 0x35, 
0x29, 0xE2, 0x69, 0xF2, 0xCB, 0xE2, 0x3C, 0xF9, 0x46, 0xA6, 0x1A, 0x5C, 0xD1, 0xF8, 0x4F, 0xC7, 
0x87, 0x4D, 0x95, 0x1E, 0xFF, 0x00, 0x9E, 0xBD, 0x13, 0xF6, 0x84, 0xF8, 0x25, 0xAF, 0x7E, 0xCE, 
0x7F, 0x19, 0x3C, 0x41, 0xE0, 0x7F, 0x12, 0x5A, 0xB5, 0x8E, 0xB5, 0xE1, 0xDB, 0xC6, 0xB3, 0xBA, 
0x5F, 0xE1, 0xFF, 0x00, 0xAE, 0x8B, 0xFE, 0xCB, 0x2F, 0xCD, 0x5E, 0x7B, 0x5E, 0x34, 0xA9, 0x4A, 
0x13, 0xE5, 0x91, 0xE8, 0x42, 0x57, 0x89, 0x1D, 0x14, 0x51, 0x59, 0x9A, 0x05, 0x14, 0x51, 0x40, 
0x05, 0x14, 0x51, 0x40, 0x0B, 0xD0, 0x54, 0xB1, 0xD3, 0x63, 0x1F, 0x3A, 0xD7, 0xB6, 0xFE, 0xC7, 
0xBF, 0xB2, 0xD4, 0xFF, 0x00, 0xB4, 0x77, 0x8D, 0x24, 0xFB, 0x54, 0xCD, 0xA6, 0xF8, 0x67, 0x47, 
0xDB, 0x3E, 0xAD, 0x7F, 0x8F, 0xB9, 0x1F, 0x1F, 0xB9, 0x8F, 0xFE, 0x9B, 0x3D, 0x74, 0xE1, 0xF0, 
0xF3, 0xAB, 0x53, 0x96, 0x24, 0xCE, 0xA4, 0x61, 0x1E, 0x69, 0x11, 0xFE, 0xCB, 0x3F, 0xB1, 0xA7, 
0x89, 0xBF, 0x69, 0xED, 0x49, 0xA6, 0xB5, 0xF2, 0xB4, 0x7F, 0x0D, 0xD9, 0xC9, 0xFE, 0x9D, 0xAC, 
0x5E, 0x47, 0xFB, 0x8B, 0x7F, 0xF6, 0x57, 0xFE, 0x7A, 0x37, 0xFB, 0x35, 0xF7, 0xAF, 0xC1, 0x6F, 
0x80, 0x5F, 0x0E, 0xFF, 0x00, 0x66, 0xAB, 0x78, 0xFF, 0x00, 0xE1, 0x12, 0xD0, 0x6D, 0xFC, 0x41, 
0xAF, 0x45, 0xF2, 0xC9, 0xAF, 0x6B, 0x10, 0xF9, 0xF3, 0xF9, 0x9F, 0xF4, 0xC6, 0x3F, 0xF5, 0x71, 
0xD4, 0xDE, 0x30, 0xF1, 0x87, 0x86, 0x7E, 0x0E, 0xF8, 0x02, 0xCE, 0x1B, 0xC9, 0xAD, 0x7C, 0x27, 
0xE0, 0x9D, 0x2E, 0x3D, 0xBA, 0x7D, 0x8C, 0x7F, 0xEB, 0x6E, 0x3F, 0xED, 0x9F, 0xFC, 0xB4, 0x66, 
0xAF, 0x96, 0xFE, 0x31, 0x7F, 0xC1, 0x4D, 0xAF, 0x1E, 0x49, 0x2C, 0x7C, 0x09, 0xA6, 0xDB, 0xE9, 
0x36, 0x71, 0xFC, 0xBF, 0x6E, 0xBC, 0x4F, 0x3A, 0xE1, 0xFF, 0x00, 0xDD, 0x8F, 0xEE, 0xAD, 0x7D, 
0xCE, 0x1F, 0x0D, 0x80, 0xCB, 0xA9, 0xF3, 0xD7, 0xF7, 0xA4, 0x7C, 0xED, 0x5A, 0xD8, 0xAC, 0x5D, 
0x4E, 0x5A, 0x7F, 0x09, 0xF6, 0xB6, 0xB7, 0xAA, 0xF8, 0x93, 0xC4, 0x89, 0xBA, 0xFE, 0xF2, 0xE3, 
0xC9, 0xFE, 0xEC, 0x93, 0x79, 0x6B, 0xFF, 0x00, 0x7E, 0xEB, 0x95, 0xBC, 0xF1, 0x6F, 0x86, 0xF4, 
0x27, 0xF2, 0xEF, 0x3C, 0x59, 0xE1, 0x78, 0x5B, 0xFE, 0x79, 0xFF, 0x00, 0x6A, 0x43, 0xE6, 0xD7, 
0xE6, 0x1F, 0x8D, 0xBE, 0x35, 0xF8, 0xAB, 0xE2, 0x15, 0xEC, 0x97, 0x1A, 0xD7, 0x88, 0x75, 0x4D, 
0x4A, 0x46, 0xFF, 0x00, 0x9E, 0xD7, 0x2D, 0xFF, 0x00, 0xA0, 0xD7, 0x26, 0xF7, 0x72, 0x4C, 0xF5, 
0x9D, 0x7E, 0x2E, 0xA7, 0xF6, 0x20, 0x5C, 0x72, 0x27, 0xF6, 0xA4, 0x7E, 0xBA, 0x68, 0xFF, 0x00, 
0x18, 0xFC, 0x37, 0x6D, 0x79, 0x1C, 0x96, 0x1E, 0x3A, 0xF0, 0xCC, 0x73, 0x7F, 0xD8, 0x62, 0x38, 
0xFF, 0x00, 0xF6, 0xA5, 0x7C, 0xB3, 0xFF, 0x00, 0x05, 0x5E, 0xD6, 0xBE, 0x1F, 0xF8, 0x83, 0x54, 
0xF0, 0xAE, 0xB3, 0xE1, 0xED, 0x43, 0x43, 0xBA, 0xF1, 0xC5, 0xE4, 0x33, 0x2F, 0x88, 0xBF, 0xB1, 
0xE4, 0x8A, 0x4B, 0x3B, 0x85, 0x5F, 0xF5, 0x33, 0x49, 0xE5, 0xFC, 0xBE, 0x7D, 0x7C, 0x63, 0xF6, 
0xA6, 0xA6, 0xBC, 0xCD, 0x37, 0xDE, 0xFE, 0x1A, 0xF1, 0xF3, 0x2C, 0xF1, 0x62, 0xE9, 0x72, 0xCA, 
0x27, 0x76, 0x17, 0x2C, 0x58, 0x7A, 0x9C, 0xD1, 0x91, 0x1C, 0xDF, 0x7E, 0x9B, 0x52, 0x54, 0x75, 
0xF3, 0x27, 0xA6, 0x14, 0x51, 0x45, 0x00, 0x14, 0x51, 0x45, 0x00, 0x14, 0x51, 0x45, 0x00, 0x14, 
0x51, 0x45, 0x00, 0x14, 0x51, 0x45, 0x00, 0x3B, 0xF8, 0xEB, 0xD8, 0x7F, 0x62, 0x6D, 0x33, 0xC1, 
0xBA, 0xF7, 0xED, 0x3F, 0xE0, 0xBB, 0x3F, 0x88, 0x12, 0x5B, 0xC7, 0xE1, 0x19, 0x75, 0x0D, 0xDA, 
0x87, 0x9C, 0x76, 0xC4, 0xFB, 0x63, 0x73, 0x1C, 0x6D, 0xFF, 0x00, 0x4C, 0xE4, 0x93, 0xCB, 0x56, 
0xAF, 0x20, 0xC5, 0x08, 0xED, 0x0B, 0x6E, 0x1F, 0x7A, 0xB4, 0xA5, 0x3E, 0x49, 0x73, 0x13, 0x28, 
0xF3, 0x1F, 0xB2, 0xDE, 0x39, 0xF8, 0xB5, 0xA0, 0xEA, 0xB7, 0x93, 0x43, 0x27, 0x8D, 0x3C, 0x17, 
0x6B, 0xA6, 0xDB, 0xFC, 0xB0, 0xD8, 0xE9, 0xFA, 0xC4, 0x31, 0xDA, 0xDB, 0xC7, 0xFF, 0x00, 0x3C, 
0xD6, 0x3F, 0x32, 0xB9, 0x14, 0xF8, 0x85, 0xE0, 0xF9, 0xAE, 0x56, 0x14, 0xF1, 0x97, 0x86, 0x7C, 
0xCF, 0xFB, 0x0A, 0x47, 0x5F, 0x93, 0x6B, 0x77, 0x22, 0x1F, 0xBD, 0xFA, 0x51, 0xFD, 0xA3, 0x33, 
0x7F, 0x1B, 0x57, 0xDA, 0x51, 0xE2, 0xD5, 0x0A, 0x7C, 0xBE, 0xC8, 0xF9, 0xDA, 0xBC, 0x3B, 0x19, 
0xCF, 0x9B, 0x98, 0xFD, 0x86, 0xD1, 0xE6, 0xD4, 0xBE, 0xCD, 0x0D, 0xC6, 0x8D, 0xA9, 0x5B, 0xDD, 
0x5A, 0xFF, 0x00, 0x7A, 0xD6, 0xEA, 0x39, 0x3F, 0xF4, 0x5D, 0x73, 0x1F, 0x16, 0x7E, 0x1F, 0xF8, 
0x3F, 0xE3, 0x95, 0x8B, 0x69, 0xFE, 0x3A, 0xF0, 0xDD, 0xBC, 0x97, 0x51, 0x47, 0xB6, 0x1D, 0x52, 
0xDE, 0x3F, 0x26, 0xFE, 0xDF, 0xFE, 0x05, 0x5F, 0x96, 0xFA, 0x0F, 0x8E, 0xB5, 0x6F, 0x0E, 0x5C, 
0x2C, 0x96, 0x3A, 0x85, 0xD5, 0x8C, 0x8B, 0xFC, 0x56, 0xF7, 0x0D, 0x1F, 0xFE, 0x83, 0x5E, 0xED, 
0xF0, 0x7F, 0xFE, 0x0A, 0x25, 0xE2, 0xEF, 0x09, 0xB4, 0x56, 0x9E, 0x26, 0xD9, 0xE2, 0xAD, 0x2F, 
0xEE, 0xC9, 0xF6, 0xAF, 0xF8, 0xF8, 0x5F, 0xFB, 0x69, 0xFF, 0x00, 0xC5, 0x57, 0x6D, 0x3E, 0x22, 
0xC0, 0xE2, 0xBF, 0x77, 0x89, 0x81, 0x8F, 0xF6, 0x2E, 0x22, 0x8F, 0xBD, 0x42, 0x46, 0x2F, 0xED, 
0x61, 0xFB, 0x14, 0x6B, 0x5F, 0xB3, 0x64, 0xB1, 0xEA, 0x96, 0xF7, 0x5F, 0xF0, 0x90, 0x78, 0x3E, 
0xFA, 0x4D, 0xB6, 0x7A, 0xAD, 0xBA, 0xFD, 0xD6, 0xFF, 0x00, 0x9E, 0x73, 0x2F, 0xFC, 0xB3, 0x92, 
0xBC, 0x22, 0xBF, 0x51, 0xBE, 0x17, 0xFC, 0x5F, 0xF0, 0xAF, 0xC7, 0x0F, 0x06, 0xDF, 0x43, 0xA6, 
0x6D, 0xD7, 0x34, 0x1B, 0xF8, 0x7C, 0x8D, 0x5B, 0x45, 0xBC, 0x8F, 0xFD, 0x22, 0x18, 0xE4, 0xFF, 
0x00, 0xA6, 0x7F, 0xFA, 0x2E, 0x4A, 0xF8, 0x7B, 0xF6, 0xC6, 0xFD, 0x9A, 0x66, 0xFD, 0x9C, 0xFE, 
0x21, 0x34, 0x36, 0xB2, 0x4B, 0x79, 0xE1, 0xDD, 0x5A, 0x3F, 0xB4, 0xE9, 0x37, 0x6D, 0xFF, 0x00, 
0x2D, 0x61, 0xFF, 0x00, 0x9E, 0x6D, 0xFE, 0xD2, 0xD7, 0x81, 0x9B, 0x64, 0xF1, 0xA7, 0x1F, 0xAC, 
0xE1, 0xBE, 0x13, 0xD7, 0xC0, 0xE3, 0x25, 0x2F, 0xDD, 0xD7, 0xF8, 0x8F, 0x1E, 0xB6, 0xFF, 0x00, 
0x5F, 0xF3, 0x57, 0xEE, 0x3F, 0xEC, 0x87, 0xFB, 0x4F, 0x7E, 0xC0, 0x5F, 0xF0, 0x4F, 0x9F, 0xD8, 
0xF3, 0xC2, 0xBE, 0x36, 0xD2, 0xF4, 0x68, 0x3C, 0x79, 0xF1, 0x52, 0xE3, 0x4B, 0x8E, 0x79, 0xAD, 
0x6F, 0x2D, 0x63, 0x9F, 0x56, 0xFB, 0x57, 0xF1, 0x46, 0xDB, 0xBF, 0x75, 0x0C, 0x7E, 0x65, 0x7E, 
0x1A, 0x54, 0xDF, 0x6C, 0x99, 0xE1, 0x58, 0x5D, 0x9F, 0xCB, 0x5F, 0xE1, 0xAF, 0x8F, 0xC5, 0xE1, 
0x3D, 0xBA, 0xF7, 0xA4, 0x7B, 0x34, 0xEA, 0x7B, 0x33, 0xE9, 0x6F, 0xF8, 0x28, 0xCF, 0xED, 0xDB, 
0xE2, 0x4F, 0xF8, 0x29, 0xA7, 0xED, 0x42, 0xDE, 0x34, 0xD4, 0xB4, 0x5D, 0x37, 0x49, 0x3E, 0x4C, 
0x7A, 0x6E, 0x97, 0xA4, 0xE8, 0xF6, 0xDF, 0xF1, 0xEF, 0x0A, 0xB7, 0xEE, 0xE3, 0xFF, 0x00, 0xA6, 
0xCD, 0xBA, 0x4A, 0xFD, 0x13, 0x8E, 0xE3, 0x4D, 0xFF, 0x00, 0x82, 0x01, 0x7F, 0xC1, 0x33, 0xAD, 
0xEE, 0x23, 0x86, 0xC1, 0xBF, 0x68, 0xAF, 0x8C, 0xD6, 0xBF, 0xEB, 0x3F, 0x8B, 0x47, 0x87, 0xFF, 
0x00, 0x89, 0x83, 0x77, 0xFC, 0x0A, 0x5F, 0xF7, 0xAB, 0xE4, 0x4F, 0xF8, 0x37, 0xF7, 0xF6, 0x40, 
0xB5, 0xFD, 0xA6, 0xBF, 0x6D, 0xBB, 0x3D, 0x7B, 0xC4, 0x10, 0xAC, 0x9E, 0x0F, 0xF8, 0x63, 0x0F, 
0xFC, 0x24, 0xBA, 0xA7, 0x9D, 0x1E, 0xF5, 0x76, 0x8F, 0xFD, 0x4C, 0x7F, 0xFB, 0x37, 0xFD, 0xB3, 
0x5A, 0xF3, 0x6F, 0xF8, 0x2B, 0x6F, 0xED, 0xBD, 0x79, 0xFB, 0x71, 0xFE, 0xD9, 0x1E, 0x26, 0xF1, 
0x42, 0xDD, 0x49, 0x27, 0x87, 0x6D, 0x66, 0x6D, 0x3B, 0x41, 0xB5, 0xF3, 0x3F, 0x75, 0x6F, 0xA7, 
0xC6, 0xDF, 0xBB, 0xDB, 0xFE, 0xF7, 0xDE, 0xFF, 0x00, 0xBE, 0x7F, 0xBB, 0x5E, 0xF6, 0x17, 0x0F, 
0x1A, 0x38, 0x6E, 0x63, 0xCB, 0xC4, 0xCF, 0xDB, 0x56, 0xE5, 0x3E, 0x6B, 0xF1, 0x97, 0x8C, 0x35, 
0x1F, 0x1C, 0x78, 0x8E, 0xF3, 0x54, 0xD5, 0x6F, 0x6E, 0x35, 0x0B, 0xEB, 0xF9, 0xA4, 0x9E, 0xE2, 
0xE2, 0x67, 0xDC, 0xD2, 0xC8, 0xDF, 0x79, 0xAB, 0x19, 0x5A, 0x89, 0x29, 0xB5, 0xE6, 0xCA, 0x57, 
0x3B, 0x82, 0x8A, 0x28, 0xA9, 0x00, 0xA2, 0x8A, 0x28, 0x00, 0xA2, 0x8A, 0x28, 0x00, 0xA2, 0x8A, 
0x28, 0x00, 0xA2, 0x8A, 0x28, 0x00, 0xA2, 0x8A, 0x28, 0x00, 0xA2, 0x8A, 0x28, 0x00, 0xA2, 0x8A, 
0x28, 0x00, 0xFB, 0xA6, 0xBB, 0x8F, 0x83, 0x7F, 0x14, 0x75, 0x6F, 0x83, 0x9F, 0x11, 0xB4, 0x9F, 
0x13, 0x68, 0x97, 0xD3, 0x58, 0xEA, 0xDA, 0x1D, 0xD4, 0x77, 0x96, 0xB3, 0x46, 0xDF, 0x72, 0x48, 
0xFE, 0xEF, 0xFC, 0x07, 0xFF, 0x00, 0x65, 0xDD, 0x5C, 0x4F, 0xFC, 0xB4, 0xA7, 0x27, 0xDF, 0xAD, 
0x69, 0x54, 0xE5, 0x97, 0x31, 0x33, 0x8F, 0x37, 0xBA, 0x7E, 0xB3, 0x7F, 0xC1, 0x65, 0xFC, 0x0F, 
0xA3, 0xFE, 0xDD, 0x9F, 0xB1, 0x07, 0xC3, 0x7F, 0xDA, 0xD3, 0xC2, 0x56, 0xB6, 0xF6, 0xFA, 0x97, 
0x97, 0x1F, 0x87, 0xFC, 0x65, 0x6F, 0x0F, 0xCC, 0xD1, 0x49, 0xF7, 0x63, 0x91, 0xBF, 0xDD, 0x93, 
0x74, 0x7F, 0xF0, 0x2A, 0xFC, 0x9D, 0x39, 0xAF, 0xD5, 0x2F, 0xF8, 0x37, 0xE7, 0xC7, 0x36, 0xBF, 
0x1F, 0x7E, 0x18, 0xFC, 0x68, 0xFD, 0x9A, 0x7C, 0x47, 0x36, 0xED, 0x2F, 0xC7, 0x9A, 0x2C, 0x97, 
0xDA, 0x7C, 0x72, 0x7F, 0xCB, 0x19, 0xB6, 0xF9, 0x72, 0x32, 0xFF, 0x00, 0xE4, 0x16, 0xAF, 0xCD, 
0x1F, 0x8A, 0x7E, 0x09, 0xBE, 0xF8, 0x6F, 0xE3, 0xDD, 0x63, 0x43, 0xD4, 0x97, 0xEC, 0xFA, 0x86, 
0x97, 0x79, 0x35, 0x8D, 0xD2, 0xAF, 0x69, 0xA1, 0x91, 0xA3, 0x93, 0xFF, 0x00, 0x1E, 0x53, 0x5E, 
0xA6, 0x3A, 0x3C, 0xF4, 0xE3, 0x58, 0xE1, 0xC0, 0xCB, 0xD9, 0xCA, 0x58, 0x79, 0x1C, 0x9D, 0x14, 
0x51, 0x5E, 0x31, 0xE8, 0x05, 0x14, 0x51, 0x40, 0x05, 0x14, 0x51, 0x40, 0x1B, 0x3E, 0x14, 0xF0, 
0xAD, 0xE7, 0x8C, 0xFC, 0x49, 0x63, 0xA4, 0xD8, 0xC3, 0xE7, 0x5E, 0x5F, 0x4D, 0x1C, 0x10, 0xC7, 
0xFD, 0xF6, 0x6A, 0xFB, 0xDB, 0xE2, 0x3F, 0xC5, 0x0F, 0x0C, 0xFF, 0x00, 0xC1, 0x3F, 0x3E, 0x11, 
0xE8, 0xFE, 0x09, 0xD3, 0x7E, 0xCF, 0xAB, 0x78, 0x91, 0x61, 0xFB, 0x54, 0xD1, 0xAF, 0xF1, 0x5D, 
0x37, 0xDE, 0x9A, 0x6F, 0xFD, 0xA6, 0xB5, 0xF1, 0x77, 0xC0, 0xCF, 0x8B, 0x53, 0x7C, 0x11, 0xF1, 
0xCC, 0x7E, 0x20, 0xB3, 0xB2, 0xB1, 0xBE, 0xBF, 0xB5, 0x8A, 0x4F, 0xB1, 0x7D, 0xA2, 0x3D, 0xCB, 
0x6F, 0x33, 0x2F, 0xFA, 0xCF, 0xF8, 0x05, 0x73, 0x7E, 0x27, 0xF1, 0x46, 0xA1, 0xE3, 0x3D, 0x7A, 
0xF3, 0x54, 0xD4, 0xEF, 0x1A, 0xF2, 0xFA, 0xF2, 0x5F, 0x3E, 0x69, 0xA4, 0x6F, 0x9A, 0x56, 0xAF, 
0x53, 0x07, 0x8C, 0xFA, 0xBC, 0x79, 0xA3, 0xF1, 0x1C, 0xD5, 0xA8, 0x7B, 0x5F, 0x8B, 0xE1, 0x37, 
0x3E, 0x2B, 0xFC, 0x60, 0xD7, 0xBE, 0x31, 0x78, 0x8E, 0x4D, 0x4B, 0x5C, 0xBE, 0x9E, 0xFA, 0xE1, 
0xBE, 0xEE, 0xEF, 0xF5, 0x71, 0x2F, 0xF7, 0x63, 0x5F, 0xE1, 0x5A, 0xE2, 0xFE, 0x6A, 0x59, 0x78, 
0x34, 0x73, 0xED, 0x5C, 0x95, 0xF1, 0x12, 0xAB, 0x2E, 0x6A, 0x86, 0xF0, 0xA7, 0x18, 0x7B, 0xB1, 
0x19, 0x45, 0x14, 0x57, 0x31, 0x41, 0x45, 0x14, 0x50, 0x01, 0x45, 0x14, 0x50, 0x01, 0x45, 0x14, 
0x50, 0x01, 0x45, 0x14, 0x50, 0x01, 0x45, 0x14, 0x50, 0x01, 0x45, 0x14, 0x50, 0x01, 0x45, 0x14, 
0x50, 0x01, 0x45, 0x14, 0x50, 0x01, 0x45, 0x14, 0x50, 0x01, 0x45, 0x14, 0x50, 0x07, 0x45, 0xE0, 
0x3F, 0x88, 0x7A, 0xA7, 0xC3, 0xAF, 0x11, 0xDB, 0xEA, 0x9A, 0x4D, 0xE4, 0xF6, 0x37, 0x96, 0xFF, 
0x00, 0xEA, 0xE4, 0x5A, 0xFB, 0x5B, 0x43, 0xF1, 0xE6, 0x9B, 0xFF, 0x00, 0x05, 0x0C, 0xFD, 0x9B, 
0x75, 0xAF, 0x0C, 0xAC, 0x36, 0xB6, 0x3F, 0x11, 0xBC, 0x2F, 0x6B, 0x26, 0xAF, 0x63, 0x6F, 0xFF, 
0x00, 0x41, 0x0D, 0xBF, 0xEB, 0x3C, 0x9F, 0xF7, 0x97, 0xEF, 0x2D, 0x7C, 0x17, 0xDE, 0xB6, 0xFC, 
0x19, 0xE3, 0x6D, 0x53, 0xC0, 0x1E, 0x24, 0xB3, 0xD5, 0xB4, 0x9B, 0xE9, 0xEC, 0x75, 0x0B, 0x39, 
0xBC, 0xF8, 0x66, 0x86, 0x4D, 0xAD, 0x13, 0x57, 0xAD, 0x83, 0xCD, 0x2A, 0x53, 0xA7, 0xEC, 0x25, 
0xF0, 0x98, 0x54, 0xC3, 0x45, 0xFB, 0xE6, 0x55, 0xD2, 0x49, 0x6D, 0x2B, 0x2B, 0x2B, 0x2E, 0xDF, 
0x97, 0x6B, 0x54, 0x71, 0xFF, 0x00, 0x0D, 0x5D, 0xD7, 0x35, 0x9B, 0x9D, 0x7B, 0x55, 0xBA, 0xBD, 
0xBA, 0x93, 0xCC, 0xB8, 0xBA, 0x96, 0x49, 0xE5, 0x6F, 0xEF, 0x48, 0xDF, 0x7A, 0x8D, 0x12, 0xDD, 
0xAF, 0xF5, 0x28, 0x56, 0x35, 0xF3, 0x26, 0xFF, 0x00, 0x96, 0x6B, 0xFD, 0xE6, 0xFE, 0x15, 0xAE, 
0x0F, 0x8E, 0xA1, 0xBE, 0xC8, 0xFD, 0x66, 0xFD, 0x90, 0x7F, 0xE3, 0x04, 0xBF, 0xE0, 0xDF, 0x6F, 
0x88, 0x9F, 0x10, 0x11, 0xA4, 0xB1, 0xF1, 0x77, 0xC6, 0x9D, 0x51, 0xB4, 0x7D, 0x3E, 0xE3, 0xFD, 
0x5C, 0xB1, 0x5A, 0xB7, 0xEE, 0x17, 0x6F, 0xFC, 0x06, 0x39, 0xA6, 0xAF, 0xC9, 0x4D, 0x52, 0xE5, 
0xAE, 0xF5, 0x39, 0xA4, 0xF2, 0xFC, 0xBF, 0x9B, 0xEE, 0xAF, 0xF0, 0x57, 0xEA, 0xD7, 0xFC, 0x17, 
0xC3, 0x56, 0x83, 0xE0, 0x27, 0xEC, 0x8D, 0xFB, 0x36, 0xFC, 0x0F, 0xD3, 0x66, 0x65, 0x87, 0xC3, 
0xFE, 0x1F, 0x4D, 0x46, 0xE1, 0x5B, 0xFD, 0x6C, 0xB2, 0x2A, 0xF9, 0x31, 0xB3, 0x7F, 0xDF, 0xC9, 
0xEB, 0xF2, 0x7F, 0x69, 0x15, 0xE8, 0xE6, 0x51, 0xE4, 0x51, 0xA6, 0x70, 0xE0, 0x6F, 0x27, 0x2A, 
0xC4, 0x3E, 0x53, 0x6E, 0xA9, 0x0D, 0xB4, 0x9B, 0x7E, 0xEF, 0xFD, 0xF3, 0x5F, 0xBA, 0x5F, 0xF0, 
0x45, 0x0F, 0xF8, 0x20, 0xBF, 0xC2, 0x2B, 0x5F, 0xD9, 0x1A, 0xDF, 0xF6, 0x90, 0xFD, 0xA6, 0xE6, 
0xB5, 0x93, 0xC3, 0xB7, 0x96, 0xAD, 0xAB, 0xD8, 0xE9, 0x7A, 0x94, 0xDF, 0x64, 0xD2, 0xF4, 0xFD, 
0x3E, 0x3F, 0xBB, 0x77, 0x73, 0x27, 0xF1, 0x33, 0xFF, 0x00, 0xCF, 0x3A, 0xFA, 0x8A, 0x1F, 0xF8, 
0x27, 0x2F, 0xFC, 0x13, 0xFF, 0x00, 0xFE, 0x0B, 0x25, 0xF0, 0xB3, 0xC4, 0x5A, 0x5F, 0xC1, 0x18, 
0x7C, 0x23, 0xA1, 0xF8, 0xAB, 0x46, 0x87, 0x6A, 0xDF, 0x78, 0x6E, 0x1F, 0xB0, 0xDD, 0x69, 0x5F, 
0xF3, 0xC5, 0x9A, 0xD5, 0xBF, 0xD6, 0x40, 0xDF, 0xF7, 0xCD, 0x78, 0xE7, 0x71, 0xFC, 0xC2, 0xD4, 
0xDF, 0x66, 0x6D, 0xFF, 0x00, 0x77, 0xFE, 0x03, 0x5F, 0xA2, 0x5F, 0xF0, 0x4E, 0xBF, 0xF8, 0x21, 
0xC6, 0xB9, 0xFB, 0x51, 0x7F, 0xC1, 0x4B, 0x3C, 0x59, 0xF0, 0x5F, 0xC5, 0x9A, 0x93, 0x69, 0x7A, 
0x3F, 0xC2, 0xFB, 0xCB, 0x8F, 0xF8, 0x4B, 0x35, 0x0D, 0x3D, 0xBE, 0x6F, 0x26, 0x1B, 0x96, 0x81, 
0x7C, 0x9F, 0xFA, 0xEE, 0xD1, 0xEE, 0x5F, 0xEE, 0xAF, 0xFB, 0x55, 0xFA, 0xED, 0xAC, 0xFE, 0xCC, 
0x3F, 0xF0, 0x4C, 0x6F, 0xD9, 0xFF, 0x00, 0xE2, 0x25, 0xBF, 0xC0, 0x3F, 0x10, 0xE9, 0x3F, 0x0B, 
0x6D, 0xFC, 0x6C, 0xCD, 0x1D, 0x8C, 0x8B, 0xAA, 0x4B, 0xE7, 0xDF, 0xF9, 0xCD, 0xFE, 0xAE, 0x39, 
0xAF, 0x3F, 0xE5, 0x9C, 0xED, 0xE6, 0x7D, 0xDF, 0xBD, 0xFB, 0xCA, 0x00, 0xFE, 0x5C, 0xD8, 0x6C, 
0xA5, 0x48, 0x9A, 0x5A, 0xFD, 0x4D, 0xFF, 0x00, 0x83, 0x82, 0x3F, 0xE0, 0x87, 0xFA, 0x67, 0xFC, 
0x13, 0xD7, 0xE2, 0x6F, 0x83, 0xFC, 0x41, 0xF0, 0xBF, 0xED, 0xB7, 0x5E, 0x01, 0xF8, 0x8D, 0x74, 
0x74, 0xCD, 0x3F, 0x4D, 0x9A, 0x6F, 0x3A, 0xE3, 0x4F, 0xD4, 0xBE, 0xF7, 0xD9, 0xD6, 0x4F, 0xF9, 
0x68, 0xB2, 0x47, 0xFE, 0xAF, 0xFF, 0x00, 0xB2, 0xAF, 0xD0, 0x4F, 0xD9, 0xC3, 0xFE, 0x08, 0xA1, 
0xFB, 0x22, 0xFF, 0x00, 0xC1, 0x2B, 0x7F, 0x65, 0x2D, 0x07, 0xC7, 0xDF, 0xB4, 0xD7, 0xF6, 0x1E, 
0xBD, 0xE2, 0x4B, 0xF8, 0x61, 0xFB, 0x75, 0xE7, 0x88, 0x24, 0xF3, 0x2C, 0xE2, 0xBA, 0x93, 0xE6, 
0xFB, 0x25, 0xB5, 0xAF, 0xF1, 0x6D, 0xFF, 0x00, 0xBF, 0x94, 0x01, 0xFC, 0xD7, 0xBC, 0x4C, 0x9F, 
0x79, 0x69, 0xBE, 0x5D, 0x7F, 0x49, 0xDF, 0xB5, 0x87, 0xFC, 0x11, 0x1F, 0xF6, 0x51, 0xFF, 0x00, 
0x82, 0x9B, 0xFE, 0xC7, 0xBE, 0x20, 0xF8, 0x99, 0xFB, 0x30, 0xC3, 0xA1, 0xE9, 0x3E, 0x24, 0xB3, 
0xB1, 0x9A, 0x4D, 0x2E, 0xE3, 0xC3, 0xF2, 0x49, 0x0D, 0x85, 0xDD, 0xD4, 0x3F, 0x34, 0x96, 0x97, 
0x16, 0xBF, 0xF2, 0xCE, 0x56, 0xDB, 0xB7, 0xFB, 0xD5, 0xF0, 0x5F, 0xFC, 0x1B, 0xE1, 0xFF, 0x00, 
0x04, 0x2E, 0xD1, 0x7F, 0xE0, 0xA1, 0xB3, 0x6B, 0xDF, 0x10, 0xFE, 0x28, 0x5D, 0x5E, 0x58, 0xFC, 
0x3D, 0xF0, 0x7D, 0xF7, 0xD8, 0x3F, 0xB3, 0x62, 0x93, 0xC8, 0x6D, 0x62, 0xE9, 0x57, 0xCC, 0x91, 
0x5A, 0x4F, 0xF9, 0x67, 0x04, 0x5F, 0xF2, 0xD2, 0x80, 0x3F, 0x2A, 0x7E, 0xCE, 0xDF, 0xDD, 0xA8, 
0x6B, 0xFA, 0x8A, 0xF0, 0x77, 0xEC, 0xB7, 0xFF, 0x00, 0x04, 0xC9, 0xFD, 0xB0, 0xBC, 0x75, 0x7D, 
0xF0, 0x2F, 0xC2, 0xBA, 0x4F, 0xC3, 0x9B, 0xCF, 0x15, 0x69, 0x11, 0xCD, 0x6C, 0xAB, 0xA5, 0xF9, 
0x96, 0x77, 0xB2, 0xC8, 0xBF, 0xEB, 0x3C, 0x9B, 0xAF, 0xF9, 0x6C, 0xCB, 0xFE, 0xCD, 0x7E, 0x1E, 
0x7F, 0xC1, 0x65, 0xBF, 0xE0, 0x99, 0x37, 0x9F, 0xF0, 0x4B, 0xEF, 0xDA, 0xE3, 0x54, 0xF0, 0x62, 
0x5E, 0x4B, 0xAB, 0x78, 0x6F, 0x52, 0xB7, 0x5D, 0x5F, 0x40, 0xD4, 0x24, 0x5F, 0xDE, 0xDC, 0x59, 
0xC9, 0x23, 0x2F, 0x97, 0x27, 0xFD, 0x36, 0x8D, 0x97, 0x6C, 0x9F, 0xF0, 0x1F, 0xEF, 0x50, 0x07, 
0xC7, 0x14, 0xE4, 0x4D, 0xF4, 0xDA, 0xFB, 0xD3, 0xFE, 0x0D, 0xCC, 0xF8, 0x4D, 0xE1, 0x0F, 0x8D, 
0x3F, 0xF0, 0x55, 0x1F, 0x00, 0x68, 0x5E, 0x33, 0xD1, 0xAC, 0xF5, 0xFD, 0x2E, 0x58, 0xEF, 0x26, 
0x5B, 0x3B, 0xB5, 0xF3, 0x2D, 0xDE, 0x65, 0x87, 0xF7, 0x7B, 0xA3, 0xFF, 0x00, 0xBE, 0xA8, 0x03, 
0xE0, 0xD7, 0x4D, 0x94, 0xE6, 0x87, 0x67, 0xF7, 0x7F, 0xEF, 0xAA, 0xFD, 0x5A, 0xFF, 0x00, 0x82, 
0xDA, 0x7C, 0x01, 0xF0, 0x0F, 0xC3, 0xEF, 0xF8, 0x2F, 0x2E, 0x97, 0xE1, 0x3D, 0x0F, 0xC2, 0x1A, 
0x3E, 0x97, 0xE1, 0xAB, 0x8B, 0xCF, 0x0A, 0x8B, 0xAD, 0x36, 0xCE, 0x1F, 0x22, 0xD6, 0xE3, 0xCE, 
0xB8, 0x89, 0x67, 0xFD, 0xDF, 0xFB, 0x6B, 0xF2, 0xD7, 0xA9, 0x7F, 0xC1, 0xDC, 0xDF, 0xB2, 0x9F, 
0xC3, 0x3F, 0xD9, 0xB2, 0xE3, 0xE0, 0xB4, 0x9E, 0x02, 0xF0, 0x57, 0x87, 0x7C, 0x23, 0x71, 0xAC, 
0x5A, 0xDE, 0x2D, 0xD3, 0x69, 0x96, 0xBE, 0x47, 0xDA, 0x23, 0x8F, 0x6F, 0x97, 0xBA, 0x80, 0x3F, 
0x14, 0x76, 0x33, 0xD1, 0x24, 0x46, 0x27, 0xDA, 0xD5, 0xFB, 0x45, 0xFF, 0x00, 0x04, 0x68, 0xFF, 
0x00, 0x82, 0x77, 0x7C, 0x07, 0xD3, 0x7F, 0xE0, 0x9A, 0xFA, 0xF7, 0xED, 0x23, 0xF1, 0x5B, 0xE1, 
0x4F, 0x8D, 0x3E, 0x38, 0x5F, 0x37, 0x88, 0xBF, 0xB1, 0xB4, 0xFF, 0x00, 0x0D, 0xE8, 0x36, 0xBF, 
0x6E, 0x9E, 0x28, 0x7C, 0xE8, 0xA0, 0xF3, 0x16, 0xD5, 0x9A, 0x38, 0x9B, 0xF7, 0x9F, 0x34, 0x8C, 
0xCD, 0xFB, 0xB8, 0xAB, 0xF3, 0x6F, 0xFE, 0x0A, 0x43, 0xE0, 0x9D, 0x07, 0xC0, 0xDF, 0xB6, 0x27, 
0x8E, 0x21, 0xF0, 0xBF, 0x80, 0xFC, 0x51, 0xF0, 0xDB, 0xC2, 0x97, 0xB7, 0x7F, 0x6E, 0xD0, 0xBC, 
0x3B, 0xE2, 0x1B, 0x4F, 0xB2, 0x5F, 0xE9, 0xF6, 0x72, 0x2F, 0x1B, 0xA3, 0xF9, 0xBE, 0x5D, 0xDB, 
0xB6, 0xFC, 0xD4, 0x01, 0xF3, 0xFD, 0x14, 0x51, 0x40, 0x05, 0x14, 0x51, 0x40, 0x1F, 0x4E, 0x7F, 
0xC1, 0x24, 0x7E, 0x3C, 0x37, 0xEC, 0xED, 0xFF, 0x00, 0x05, 0x04, 0xF8, 0x6B, 0xE2, 0x01, 0x37, 
0x97, 0x0B, 0xEA, 0xD1, 0xE9, 0xF7, 0x1F, 0xED, 0xC7, 0x37, 0xEE, 0xFF, 0x00, 0xF4, 0x2D, 0xB5, 
0xE8, 0x9F, 0xF0, 0x5F, 0x0F, 0x81, 0x91, 0xFC, 0x11, 0xFF, 0x00, 0x82, 0x92, 0x7C, 0x40, 0x82, 
0xD5, 0x56, 0x3D, 0x3F, 0x5C, 0x9A, 0x1D, 0x7A, 0xD7, 0x6F, 0x78, 0xEE, 0x61, 0xFD, 0xE7, 0xFE, 
0x47, 0x8E, 0x6F, 0xFB, 0xEA, 0xBE, 0x3C, 0xF0, 0x5E, 0xB5, 0x37, 0x85, 0x7C, 0x57, 0xA7, 0xEA, 
0x96, 0xFF, 0x00, 0xEB, 0xB4, 0xCB, 0xA8, 0xEE, 0x57, 0xFD, 0xE8, 0xDB, 0x77, 0xFE, 0xCB, 0x5F, 
0xA7, 0x7F, 0xF0, 0x72, 0x16, 0x85, 0x1F, 0x8C, 0xAD, 0xBE, 0x05, 0xFC, 0x4C, 0xB7, 0x85, 0xBF, 
0xE2, 0xB4, 0xF0, 0x8B, 0x41, 0x34, 0xDF, 0xED, 0x43, 0xE4, 0x32, 0xAF, 0xFD, 0xF3, 0x24, 0x95, 
0xED, 0xE1, 0xFD, 0xEC, 0x24, 0x8F, 0x3E, 0xAF, 0xB9, 0x89, 0x8F, 0xF7, 0x8F, 0xCA, 0xBA, 0x8E, 
0xA4, 0xA8, 0xEB, 0xC4, 0x3D, 0x00, 0xA2, 0x8A, 0x28, 0x00, 0xA2, 0x8A, 0x28, 0x00, 0xCD, 0x19, 
0xC5, 0x14, 0x50, 0x01, 0x45, 0x4D, 0x69, 0x1F, 0x9B, 0x2E, 0xD1, 0x5F, 0xAC, 0x9F, 0xF0, 0x45, 
0xAF, 0xF8, 0x36, 0xE3, 0xC4, 0xDF, 0xB7, 0x44, 0x56, 0x1F, 0x10, 0x3E, 0x2A, 0x2D, 0xF7, 0x83, 
0x7E, 0x15, 0xCD, 0xE5, 0xCF, 0x63, 0x0F, 0x97, 0xE4, 0xEA, 0x9E, 0x25, 0x5F, 0xFA, 0x63, 0xFF, 
0x00, 0x3C, 0x61, 0xFF, 0x00, 0x6B, 0xEF, 0x35, 0x00, 0x7E, 0x67, 0x7C, 0x21, 0xF8, 0x11, 0xE2, 
0xEF, 0x8E, 0xDE, 0x29, 0x8B, 0x43, 0xF0, 0x8F, 0x86, 0x75, 0xEF, 0x13, 0x6A, 0x92, 0xB2, 0xAA, 
0xDA, 0x69, 0x76, 0x2D, 0x72, 0xFF, 0x00, 0xF0, 0x2D, 0xBF, 0x77, 0xFE, 0x05, 0x5F, 0x77, 0x7C, 
0x10, 0xFF, 0x00, 0x83, 0x59, 0xBF, 0x6B, 0x2F, 0x8C, 0x76, 0x56, 0x77, 0x17, 0x3E, 0x13, 0xD0, 
0x7C, 0x1F, 0x6F, 0x3A, 0xEF, 0x66, 0xD7, 0xB5, 0x6F, 0x29, 0xD3, 0xFE, 0xD9, 0xC6, 0xB2, 0x57, 
0xF4, 0xD7, 0xFB, 0x34, 0xFE, 0xC7, 0xBF, 0x0D, 0x7F, 0x64, 0x0F, 0x02, 0xDA, 0xF8, 0x7F, 0xE1, 
0xEF, 0x83, 0xF4, 0x4F, 0x0C, 0xE9, 0xBA, 0x7C, 0x7B, 0x55, 0xAC, 0xED, 0x63, 0x5B, 0x89, 0x7F, 
0xDA, 0x92, 0x4F, 0xF5, 0x9B, 0xAB, 0xA0, 0xF8, 0xBB, 0xF1, 0xAB, 0xC1, 0xBF, 0x00, 0x7C, 0x25, 
0x75, 0xAF, 0x78, 0xE3, 0xC4, 0xDE, 0x1F, 0xF0, 0x8E, 0x8F, 0x67, 0x1E, 0xE9, 0x2F, 0x35, 0x4B, 
0xE8, 0xED, 0x2D, 0xE2, 0x8F, 0xFE, 0x05, 0x5A, 0x46, 0x3C, 0xE0, 0x7F, 0x36, 0xBE, 0x30, 0xFF, 
0x00, 0x83, 0x41, 0x7F, 0x69, 0xAF, 0x0F, 0xE8, 0x92, 0x5D, 0x69, 0xBA, 0x97, 0xC3, 0x5D, 0x62, 
0xEA, 0x3F, 0xF9, 0x77, 0xB7, 0xD5, 0x26, 0x56, 0x7F, 0xF7, 0x7F, 0x77, 0x5F, 0x20, 0x7E, 0xD5, 
0x1F, 0xF0, 0x48, 0x0F, 0xDA, 0x17, 0xF6, 0x39, 0xB5, 0x92, 0xEB, 0xC7, 0x1F, 0x0B, 0x7C, 0x4D, 
0x63, 0xA5, 0xAF, 0xFC, 0xC4, 0x2C, 0xE1, 0xFE, 0xD0, 0xB5, 0x4F, 0xF7, 0xA4, 0x87, 0xFD, 0x5F, 
0xFC, 0x09, 0x6B, 0xFA, 0x2F, 0xF8, 0xA3, 0xFF, 0x00, 0x07, 0x35, 0x7E, 0xC9, 0x7F, 0x0E, 0xAF, 
0xE4, 0xB5, 0xB5, 0xF1, 0x76, 0xB9, 0xE2, 0xA9, 0x17, 0xFE, 0x5A, 0x68, 0xBA, 0x0D, 0xDC, 0xF1, 
0x7F, 0xC0, 0x64, 0xDB, 0xE5, 0xD7, 0x37, 0xE1, 0xBF, 0xF8, 0x3A, 0x2B, 0xF6, 0x4F, 0xF1, 0xCC, 
0xDF, 0xD9, 0xBA, 0xC5, 0xC7, 0x8C, 0xB4, 0x7B, 0x3B, 0x8F, 0x96, 0x46, 0xD5, 0x3C, 0x3B, 0x34, 
0x96, 0xAF, 0xFF, 0x00, 0x5D, 0x3E, 0x5A, 0xAF, 0xAA, 0xD6, 0x33, 0xE6, 0x3F, 0x95, 0x19, 0xAD, 
0x9A, 0x1F, 0xBD, 0xF7, 0x6A, 0x1A, 0xFE, 0x90, 0xBF, 0x6E, 0x1F, 0xF8, 0x24, 0x0F, 0xEC, 0xCF, 
0xFF, 0x00, 0x05, 0x91, 0xF8, 0x71, 0xAB, 0x78, 0xFB, 0xF6, 0x59, 0xF1, 0x77, 0x82, 0x34, 0xCF, 
0x89, 0x36, 0xBF, 0xBD, 0xB8, 0xB5, 0xD3, 0x6E, 0x23, 0x8E, 0xC7, 0x55, 0x93, 0xCB, 0xFF, 0x00, 
0x53, 0x7B, 0x0F, 0xDE, 0x86, 0x5F, 0xFA, 0x69, 0x5F, 0xCF, 0xBF, 0xC7, 0x5F, 0x82, 0xFE, 0x28, 
0xFD, 0x9E, 0xFE, 0x2A, 0x6B, 0x1E, 0x0F, 0xF1, 0x86, 0x8B, 0xA8, 0x78, 0x7F, 0xC4, 0x5A, 0x1D, 
0xC7, 0xD9, 0xB5, 0x0B, 0x1B, 0xC8, 0xB6, 0xCB, 0x6F, 0x27, 0xFE, 0xCD, 0xFE, 0xF7, 0xF1, 0x54, 
0xF2, 0xF2, 0xFC, 0x46, 0x87, 0x0B, 0x45, 0x14, 0x56, 0x60, 0x14, 0x51, 0x45, 0x00, 0x14, 0x51, 
0x45, 0x00, 0x14, 0x51, 0x45, 0x00, 0x15, 0x25, 0x47, 0x5E, 0x9F, 0xFB, 0x30, 0x7E, 0xCB, 0xBE, 
0x34, 0xFD, 0xAF, 0x7E, 0x31, 0xE8, 0xDE, 0x05, 0xF0, 0x0E, 0x8B, 0x3E, 0xB9, 0xE2, 0x4D, 0x72, 
0x61, 0x1C, 0x30, 0x2F, 0xDD, 0x58, 0xFF, 0x00, 0x8E, 0x69, 0x1B, 0xF8, 0x63, 0x8F, 0xAB, 0x35, 
0x00, 0x79, 0xDD, 0xA6, 0x99, 0x35, 0xE4, 0xD1, 0xAC, 0x71, 0xB3, 0x34, 0x8D, 0xB5, 0x7F, 0xDE, 
0xAF, 0xB7, 0x7F, 0x64, 0x5F, 0xF8, 0x37, 0xC7, 0xF6, 0x9E, 0xFD, 0xAF, 0xED, 0x6C, 0xF5, 0x0D, 
0x27, 0xC0, 0x37, 0x1E, 0x1D, 0xD0, 0xEE, 0xB1, 0xE5, 0xEA, 0x5E, 0x26, 0x93, 0xFB, 0x36, 0x23, 
0x1F, 0xFD, 0x73, 0xFF, 0x00, 0x59, 0x5F, 0xB0, 0x9F, 0xB1, 0xD7, 0xFC, 0x13, 0x4F, 0xF6, 0x4F, 
0xFF, 0x00, 0x82, 0x13, 0x7C, 0x3D, 0xD3, 0x7C, 0x61, 0xF1, 0xCB, 0xC6, 0x1E, 0x0D, 0xD4, 0xBE, 
0x2A, 0x5C, 0x43, 0xFB, 0xCD, 0x43, 0x58, 0x92, 0x39, 0x3E, 0xC9, 0x27, 0xFC, 0xF3, 0xB0, 0xB5, 
0xFF, 0x00, 0xDA, 0x9F, 0x7A, 0xBB, 0xCF, 0x16, 0x7F, 0xC1, 0xD6, 0x3F, 0xB2, 0xEF, 0x86, 0x2F, 
0xE3, 0xB7, 0xD3, 0x61, 0xF8, 0x8D, 0xE2, 0x28, 0x62, 0xF9, 0x63, 0x9A, 0xC7, 0x41, 0x91, 0x62, 
0xFF, 0x00, 0xC8, 0xDE, 0x5D, 0x74, 0x47, 0x0B, 0x5A, 0x5F, 0x09, 0x9F, 0x31, 0xF0, 0xBF, 0x81, 
0x3F, 0xE0, 0xCB, 0x9F, 0x88, 0x57, 0xF6, 0x8B, 0x26, 0xBD, 0xF1, 0x83, 0xC2, 0x1A, 0x5C, 0xD2, 
0xFF, 0x00, 0xCB, 0xAD, 0x9E, 0x8F, 0x25, 0xDE, 0xCF, 0xF8, 0x13, 0x49, 0x50, 0x7C, 0x4B, 0xFF, 
0x00, 0x83, 0x32, 0xBE, 0x26, 0x68, 0x9A, 0x6B, 0x4D, 0xE1, 0x6F, 0x8A, 0xDE, 0x0F, 0xF1, 0x05, 
0xE2, 0x7F, 0xCB, 0x9D, 0xF6, 0x9F, 0x26, 0x9E, 0x92, 0xFF, 0x00, 0xDB, 0x45, 0x6A, 0xFD, 0x0D, 
0xF8, 0x5D, 0xFF, 0x00, 0x07, 0x46, 0xFE, 0xCA, 0x7E, 0x3F, 0xBE, 0x86, 0xCF, 0x54, 0xD7, 0x3C, 
0x5F, 0xE0, 0xFD, 0xFF, 0x00, 0xBA, 0xF3, 0x35, 0x8D, 0x06, 0x68, 0xE0, 0x4F, 0xF7, 0xA4, 0x55, 
0xF2, 0xD6, 0xBE, 0xEC, 0xF8, 0x3B, 0xF1, 0xBF, 0xC1, 0x7F, 0xB4, 0x37, 0x81, 0xAD, 0xFC, 0x49, 
0xE0, 0x7F, 0x13, 0x68, 0x7E, 0x2E, 0xD0, 0x6F, 0x23, 0xDD, 0x0D, 0xE6, 0x97, 0x75, 0x1D, 0xDC, 
0x5E, 0x5F, 0xFC, 0x06, 0xA7, 0x92, 0xA4, 0x3E, 0x23, 0x48, 0x9F, 0xC7, 0xC7, 0xED, 0x99, 0xFF, 
0x00, 0x04, 0x7F, 0xF8, 0xFD, 0xFB, 0x06, 0xC5, 0x35, 0xE7, 0xC4, 0x2F, 0x87, 0xDA, 0xA5, 0x9E, 
0x87, 0x1F, 0xFC, 0xC6, 0x34, 0xF5, 0xFB, 0x76, 0x9D, 0xFF, 0x00, 0x02, 0x92, 0x3F, 0xF5, 0x7F, 
0xF0, 0x25, 0xAF, 0x96, 0xA6, 0x86, 0x4B, 0x79, 0x36, 0xBD, 0x7F, 0x79, 0x1E, 0x21, 0xF0, 0xDD, 
0x8F, 0x8B, 0x74, 0x5B, 0x8D, 0x37, 0x52, 0xB3, 0xB5, 0xD4, 0xB4, 0xDB, 0xC8, 0xF6, 0x4D, 0x6B, 
0x75, 0x1F, 0x99, 0x14, 0xBF, 0xF6, 0xCE, 0xBF, 0x13, 0x7F, 0xE0, 0xB8, 0x5F, 0xF0, 0x6C, 0xC6, 
0x8F, 0xE2, 0x7D, 0x07, 0x5A, 0xF8, 0xA9, 0xFB, 0x3A, 0xE8, 0xCB, 0xA6, 0xEB, 0x16, 0xBE, 0x65, 
0xF6, 0xB5, 0xE0, 0xF8, 0x7E, 0x5B, 0x7B, 0xBF, 0xF9, 0xE9, 0x25, 0x94, 0x7F, 0xF2, 0xCE, 0x4F, 
0xF6, 0x7E, 0xEB, 0x56, 0x20, 0x7F, 0x3C, 0x74, 0x56, 0x86, 0xB1, 0xA3, 0x5C, 0x68, 0x37, 0xD3, 
0x5A, 0xDD, 0x43, 0x2D, 0xBD, 0xC5, 0xBC, 0x9B, 0x64, 0x8E, 0x48, 0xF6, 0xB2, 0x56, 0x7D, 0x00, 
0x3B, 0xFE, 0x59, 0xD7, 0xAE, 0x7E, 0xC3, 0x7E, 0x0D, 0x6F, 0x88, 0x5F, 0xB5, 0xAF, 0xC3, 0xDD, 
0x1F, 0xCB, 0xF3, 0x16, 0xF7, 0xC4, 0x1A, 0x7A, 0xC8, 0xBF, 0xF4, 0xCD, 0x6E, 0x63, 0x69, 0x3F, 
0xF2, 0x1A, 0xB5, 0x79, 0x2A, 0xF5, 0x15, 0xF4, 0xB7, 0xFC, 0x12, 0x66, 0xD9, 0x6E, 0x3F, 0xE0, 
0xA0, 0x1F, 0x0C, 0xD7, 0xFE, 0x59, 0xFF, 0x00, 0x6E, 0x46, 0xDF, 0xF9, 0x06, 0x6A, 0xEC, 0xC1, 
0xC7, 0x9E, 0xB4, 0x62, 0x61, 0x89, 0x95, 0xA9, 0x4A, 0x47, 0xBD, 0x7F, 0xC1, 0xCC, 0xDE, 0x2C, 
0x93, 0x58, 0xFF, 0x00, 0x82, 0x94, 0x5E, 0x68, 0xEB, 0x21, 0xFB, 0x1F, 0x86, 0xF4, 0x1D, 0x3E, 
0xC6, 0x18, 0xFF, 0x00, 0xB9, 0xF2, 0xB4, 0xAD, 0xFF, 0x00, 0xA3, 0x2B, 0xF3, 0xBD, 0x0F, 0xC9, 
0x5F, 0x6D, 0xFF, 0x00, 0xC1, 0xC2, 0x1A, 0xAB, 0x6A, 0xBF, 0xF0, 0x54, 0xDF, 0x88, 0x4C, 0x7F, 
0xE5, 0x98, 0xB3, 0x8B, 0xFF, 0x00, 0x25, 0xA2, 0xAF, 0x88, 0x0F, 0x5A, 0xAC, 0xC2, 0x57, 0xAE, 
0xC8, 0xC0, 0xC7, 0xF7, 0x11, 0x3F, 0xA7, 0x2F, 0xD8, 0xE2, 0xE7, 0xC2, 0xBF, 0xF0, 0x5A, 0xDF, 
0xF8, 0x20, 0x15, 0x9F, 0xC1, 0x9F, 0x0E, 0x78, 0xAA, 0xDF, 0x43, 0xF1, 0xB6, 0x87, 0xA2, 0xE9, 
0xFA, 0x4D, 0xF5, 0xBF, 0xCB, 0x23, 0x69, 0x9A, 0x86, 0x9D, 0x32, 0xCF, 0x6B, 0x24, 0xD1, 0xFF, 
0x00, 0xCF, 0x09, 0x64, 0x85, 0x7F, 0xE0, 0x35, 0xF8, 0x63, 0x73, 0xE2, 0x1F, 0x8E, 0x9F, 0xF0, 
0x47, 0x3F, 0xDB, 0x47, 0x50, 0xB7, 0x4B, 0xCD, 0x5B, 0xC0, 0x3F, 0x12, 0x3C, 0x23, 0x34, 0x96, 
0xD2, 0x49, 0x0C, 0x9E, 0x64, 0x57, 0x10, 0xC9, 0xFD, 0xDD, 0xDF, 0x2C, 0xD6, 0xD3, 0xED, 0xDD, 
0xFF, 0x00, 0xC4, 0xB2, 0xD7, 0x23, 0xFB, 0x08, 0xFE, 0xDB, 0x5E, 0x32, 0xFD, 0x84, 0xBE, 0x3E, 
0xE8, 0xBE, 0x3B, 0xF0, 0x7E, 0xA5, 0x75, 0x69, 0x77, 0xA5, 0xCD, 0x1F, 0x9F, 0x0A, 0xDC, 0x79, 
0x76, 0xFA, 0x95, 0xAE, 0xEF, 0xDE, 0x5A, 0xCC, 0x9F, 0xC5, 0x1B, 0xFF, 0x00, 0xE3, 0xAD, 0xF3, 
0x57, 0xD7, 0x5F, 0xF0, 0x70, 0xC7, 0xFC, 0x14, 0x73, 0xE1, 0xCF, 0xFC, 0x14, 0x93, 0xC6, 0x5F, 
0x0B, 0x3C, 0x55, 0xE1, 0x4F, 0x04, 0x78, 0xC3, 0xC2, 0xBE, 0x26, 0xB1, 0xD0, 0xDE, 0x0D, 0x62, 
0x6D, 0x7A, 0xC5, 0x6D, 0x3E, 0xD5, 0x1B, 0x49, 0xBA, 0x34, 0x5F, 0xF9, 0xED, 0xE5, 0xFC, 0xDF, 
0xBC, 0xFB, 0xB5, 0xC2, 0x75, 0x1E, 0xD1, 0xFF, 0x00, 0x06, 0xC7, 0x7F, 0xC1, 0x47, 0xB4, 0x5F, 
0x08, 0xFF, 0x00, 0xC1, 0x42, 0x3E, 0x20, 0x37, 0xC5, 0x4F, 0x10, 0x37, 0xFC, 0x24, 0x1F, 0x1B, 
0x20, 0x8F, 0x6E, 0xB7, 0x7D, 0xB5, 0x56, 0x5D, 0x41, 0x6E, 0x67, 0x9F, 0xCB, 0x92, 0x4F, 0xF9, 
0x67, 0xE7, 0xF9, 0xDF, 0x2F, 0xF0, 0xFC, 0xBF, 0xC3, 0xF2, 0xD7, 0x03, 0xFF, 0x00, 0x07, 0x15, 
0xFF, 0x00, 0xC1, 0x23, 0xBE, 0x21, 0xFE, 0xC8, 0xFF, 0x00, 0xB4, 0x27, 0x8B, 0xFE, 0x31, 0x58, 
0x0B, 0xAF, 0x13, 0x7C, 0x32, 0xF1, 0xDE, 0xB1, 0xF6, 0xBF, 0xED, 0x28, 0xFF, 0x00, 0x7A, 0xDA, 
0x55, 0xD4, 0xDF, 0xF2, 0xEF, 0x73, 0xFE, 0xCB, 0x7F, 0xCB, 0x39, 0x3F, 0xED, 0x9D, 0x7E, 0x58, 
0xD8, 0x5F, 0xC9, 0x61, 0x73, 0xE7, 0x46, 0xDE, 0x5C, 0x8B, 0x5F, 0xAF, 0xDF, 0xB3, 0x37, 0xFC, 
0x17, 0xBE, 0xC7, 0xE2, 0x3F, 0xFC, 0x12, 0x3B, 0xE2, 0x77, 0xC0, 0x8F, 0x8D, 0x5E, 0x1D, 0xF1, 
0xC7, 0x8E, 0xF5, 0x6F, 0xF8, 0x46, 0xEF, 0x34, 0xCD, 0x27, 0xC4, 0x16, 0xD0, 0xAD, 0xF2, 0xDB, 
0xC5, 0x24, 0x6D, 0xF6, 0x4F, 0xB6, 0xCD, 0x23, 0x79, 0x8B, 0xE4, 0x49, 0xFE, 0xAD, 0x9B, 0xFE, 
0x59, 0xC5, 0xFE, 0xB3, 0x75, 0x06, 0x87, 0xC3, 0x3E, 0x34, 0xFF, 0x00, 0x82, 0xAE, 0xFC, 0x62, 
0xF8, 0xB9, 0x6F, 0xF0, 0xAF, 0x4D, 0xF1, 0xC7, 0x8C, 0x35, 0x6F, 0x16, 0x68, 0x7F, 0x09, 0xB5, 
0x4B, 0x3D, 0x57, 0x45, 0xD3, 0xEF, 0xBC, 0x9D, 0xA9, 0x35, 0xB3, 0x2E, 0xD6, 0x69, 0x36, 0xF9, 
0x92, 0x37, 0x96, 0xBE, 0x5E, 0xE6, 0x6A, 0xFD, 0xD9, 0xFF, 0x00, 0x82, 0xA9, 0x7E, 0xCE, 0x16, 
0xDF, 0xF0, 0x70, 0x27, 0xFC, 0x13, 0x53, 0xC0, 0xBF, 0x12, 0xBE, 0x06, 0xEB, 0x76, 0xBA, 0x8E, 
0xBF, 0xE1, 0x84, 0x9B, 0x51, 0xB6, 0xD3, 0x7C, 0xDF, 0x2A, 0x2B, 0xEF, 0x32, 0x0D, 0x97, 0x76, 
0x4F, 0xFF, 0x00, 0x3C, 0xEE, 0x56, 0x45, 0xFD, 0xDF, 0xFD, 0xB4, 0x5F, 0xF9, 0x68, 0xD5, 0xFC, 
0xC8, 0xEB, 0x73, 0xC7, 0x75, 0xAB, 0xDC, 0x49, 0x1C, 0x7E, 0x5A, 0xC9, 0x27, 0xDD, 0x6F, 0xE0, 
0xAF, 0xB4, 0x3F, 0xE0, 0x8B, 0xBF, 0xF0, 0x55, 0xEF, 0x14, 0x7F, 0xC1, 0x31, 0xFF, 0x00, 0x68, 
0xAB, 0x3B, 0xE8, 0x5B, 0x55, 0xD6, 0x3C, 0x0B, 0xAF, 0x48, 0xB6, 0xDE, 0x20, 0xF0, 0xED, 0x9C, 
0xBB, 0xBF, 0xB4, 0x3F, 0x86, 0x39, 0xA1, 0x5F, 0xF9, 0xF9, 0x5F, 0xE1, 0xFE, 0xF7, 0xFC, 0x05, 
0x68, 0x33, 0x38, 0x1F, 0xD9, 0xBB, 0xFE, 0x0A, 0x13, 0xF1, 0xDB, 0xFE, 0x09, 0xBF, 0xA8, 0x78, 
0xDB, 0xC3, 0x1E, 0x0B, 0xF1, 0x76, 0xBD, 0xE0, 0xCB, 0xAD, 0x59, 0xA4, 0xB0, 0xD7, 0x2C, 0xBC, 
0x98, 0xDD, 0xD2, 0x64, 0xFD, 0xDB, 0x6E, 0x8E, 0x65, 0x6F, 0x2E, 0x74, 0xFF, 0x00, 0x57, 0xBB, 
0xFF, 0x00, 0x42, 0xDA, 0xB5, 0xFA, 0xEB, 0xFF, 0x00, 0x06, 0x9A, 0xFE, 0xD8, 0x1E, 0x0F, 0xF1, 
0xAF, 0xEC, 0xF1, 0xE3, 0xEF, 0x80, 0xBA, 0xE6, 0xA9, 0x6F, 0xA7, 0xF8, 0xB3, 0x52, 0xD4, 0x2E, 
0xF5, 0x3D, 0x3E, 0x19, 0xA6, 0xF9, 0xF5, 0x3B, 0x7B, 0xA8, 0x36, 0xCD, 0xE4, 0xFF, 0x00, 0xD3, 
0x48, 0xF7, 0x7C, 0xCB, 0xFE, 0xED, 0x7E, 0x5D, 0xFF, 0x00, 0xC1, 0x71, 0xBF, 0x6A, 0xAF, 0x01, 
0x7E, 0xD9, 0x3F, 0xB7, 0xE7, 0x8A, 0x3C, 0x75, 0xF0, 0xF7, 0xC2, 0xBA, 0xBF, 0x84, 0x6C, 0xB5, 
0x4B, 0x5B, 0x34, 0xBE, 0xB7, 0xD5, 0x6C, 0xFE, 0xC7, 0x75, 0x71, 0x79, 0x1A, 0xB7, 0x9D, 0x34, 
0x90, 0xFF, 0x00, 0x0E, 0xFF, 0x00, 0xDC, 0xFD, 0xEF, 0xEE, 0xD7, 0xCC, 0x3F, 0x0B, 0x7E, 0x25, 
0xEA, 0xDF, 0x08, 0xFC, 0x63, 0xA7, 0xF8, 0x83, 0x40, 0xD4, 0xAF, 0x34, 0x5D, 0x5B, 0x49, 0xBA, 
0x8E, 0xF2, 0xD6, 0xEA, 0xD6, 0x4F, 0x2E, 0xE2, 0xDE, 0x45, 0xFB, 0xB2, 0x46, 0xDF, 0xDE, 0xFF, 
0x00, 0x3F, 0x75, 0x9A, 0x80, 0x3E, 0x9E, 0xFF, 0x00, 0x82, 0x8E, 0xFE, 0xC0, 0x5F, 0x15, 0xBF, 
0xE0, 0x8E, 0xBF, 0xB5, 0x5E, 0x9B, 0x0D, 0xD5, 0xC6, 0xA5, 0x6F, 0x63, 0x05, 0xCF, 0xDB, 0xBC, 
0x23, 0xE2, 0x8B, 0x39, 0xFC, 0xBF, 0xB5, 0xC7, 0x04, 0x9F, 0x24, 0x9B, 0xA3, 0xFB, 0xB3, 0xC7, 
0xF2, 0xEE, 0xFF, 0x00, 0xEC, 0xAB, 0xC6, 0x7F, 0x6C, 0x0F, 0xDB, 0x7B, 0xE2, 0x37, 0xED, 0xDB, 
0xF1, 0x0A, 0x1F, 0x14, 0x7C, 0x4C, 0xF1, 0x55, 0xFF, 0x00, 0x89, 0xB5, 0x4B, 0x1B, 0x44, 0xB1, 
0x86, 0x4B, 0x84, 0x8E, 0x24, 0x82, 0x15, 0xFE, 0x18, 0xE3, 0x8D, 0x76, 0xAF, 0xFE, 0xCD, 0x5F, 
0xA0, 0xDF, 0xF0, 0x54, 0x1F, 0xF8, 0x2D, 0x5F, 0x86, 0x7F, 0xE0, 0xA3, 0x9F, 0xF0, 0x48, 0x6F, 
0x01, 0xF8, 0x57, 0xC4, 0xFE, 0x0D, 0xF1, 0x17, 0xFC, 0x2D, 0xAD, 0x2F, 0x5A, 0xB5, 0x7B, 0xAD, 
0x7A, 0x4B, 0x0F, 0x2F, 0x49, 0x95, 0xA1, 0x8E, 0x55, 0x9A, 0x48, 0x66, 0xFF, 0x00, 0xA6, 0xBF, 
0xF3, 0xCF, 0xEF, 0x57, 0xC0, 0x3F, 0xB0, 0x3F, 0xEC, 0x69, 0xAE, 0xFE, 0xDF, 0x1F, 0xB5, 0x47, 
0x83, 0xFE, 0x18, 0xF8, 0x7E, 0xE1, 0x6C, 0xEF, 0xBC, 0x51, 0x79, 0xE4, 0x35, 0xE4, 0x90, 0xF9, 
0x91, 0x59, 0x42, 0xB1, 0xF9, 0x93, 0x4C, 0xCB, 0xFD, 0xD8, 0xD5, 0x7F, 0xF1, 0xE5, 0xA0, 0x0F, 
0x0B, 0xAF, 0xD0, 0x0F, 0xF8, 0x36, 0x7A, 0xF7, 0xEC, 0xDF, 0xF0, 0x58, 0x6F, 0x84, 0xFB, 0xBF, 
0xE5, 0xAC, 0xD7, 0x8B, 0xFF, 0x00, 0x92, 0x53, 0xFF, 0x00, 0xF1, 0x35, 0xE5, 0xFF, 0x00, 0xF0, 
0x57, 0xFF, 0x00, 0xF8, 0x27, 0x74, 0x3F, 0xF0, 0x4C, 0x2F, 0xDA, 0xFA, 0xEB, 0xE1, 0x8C, 0x7E, 
0x2A, 0x83, 0xC5, 0xC9, 0x0E, 0x97, 0x6B, 0xA9, 0xAD, 0xE2, 0xDB, 0xF9, 0x32, 0xA7, 0x9C, 0xBF, 
0x76, 0x45, 0xFF, 0x00, 0x80, 0xFF, 0x00, 0xE3, 0xD5, 0xDD, 0x7F, 0xC1, 0xB7, 0xF7, 0x32, 0x5B, 
0x7F, 0xC1, 0x63, 0x3E, 0x09, 0xED, 0xFF, 0x00, 0x96, 0xFA, 0xB5, 0xD2, 0x7F, 0xE5, 0x3A, 0xEE, 
0x80, 0x3E, 0xA4, 0xFF, 0x00, 0x82, 0xF7, 0x43, 0xE4, 0xFF, 0x00, 0xC1, 0xC4, 0x7A, 0x2F, 0xFD, 
0x7D, 0x78, 0x3F, 0xFF, 0x00, 0x4B, 0x60, 0xAF, 0x5E, 0xFF, 0x00, 0x83, 0xD4, 0x26, 0xFB, 0x35, 
0xFF, 0x00, 0xC0, 0x1D, 0xBF, 0xEB, 0x3E, 0xCB, 0xA8, 0x4B, 0xFF, 0x00, 0xA2, 0xAB, 0xC8, 0xFF, 
0x00, 0xE0, 0xBE, 0x3F, 0xF2, 0xB0, 0xF7, 0x87, 0xFF, 0x00, 0xEB, 0xB7, 0x83, 0xFF, 0x00, 0xF4, 
0xB6, 0x3A, 0xF6, 0x8F, 0xF8, 0x3C, 0xC7, 0x45, 0xFE, 0xD9, 0xD7, 0x3F, 0x67, 0x78, 0x4B, 0x79, 
0x6B, 0x71, 0xF6, 0xCB, 0x6F, 0x33, 0xFB, 0x9E, 0x64, 0x91, 0x50, 0x68, 0x70, 0x5F, 0xF0, 0x44, 
0x6F, 0xDA, 0x97, 0xF6, 0xEC, 0xF1, 0x8F, 0xEC, 0xA1, 0xA2, 0xFC, 0x3A, 0xFD, 0x9E, 0xFE, 0x1F, 
0xFC, 0x35, 0xB1, 0xF0, 0x17, 0x86, 0x66, 0x9A, 0x03, 0xE2, 0x6D, 0x6B, 0x4F, 0x9A, 0x18, 0xA5, 
0x9A, 0x49, 0xBC, 0xD6, 0xFD, 0xF7, 0x9D, 0xFB, 0xE6, 0xFB, 0xDF, 0xEA, 0xE2, 0xFF, 0x00, 0x81, 
0x57, 0xC6, 0x9F, 0xF0, 0x5D, 0x8F, 0x83, 0xDF, 0xB5, 0x07, 0x85, 0xFF, 0x00, 0x6A, 0x98, 0xFC, 
0x55, 0xFB, 0x4D, 0x69, 0xD6, 0xED, 0xAE, 0x6B, 0x36, 0x91, 0xDA, 0x69, 0xFA, 0xC6, 0x9D, 0x1F, 
0xFC, 0x4A, 0x2E, 0xED, 0xE0, 0xDD, 0xB5, 0x61, 0x91, 0x7F, 0xBB, 0xE6, 0x7D, 0xD7, 0xFD, 0xE5, 
0x7E, 0xC2, 0x7F, 0xC1, 0x5E, 0xBF, 0x6D, 0xEF, 0x1D, 0x7F, 0xC1, 0x18, 0xBF, 0x63, 0x0F, 0x81, 
0x7E, 0x0F, 0xF8, 0x09, 0xE1, 0xBB, 0x0D, 0x2F, 0x47, 0xBC, 0xD2, 0xFC, 0xDB, 0xAD, 0x62, 0x4D, 
0x1D, 0xAF, 0xAD, 0xF4, 0xD8, 0x6D, 0x23, 0x83, 0xF7, 0x3F, 0x2F, 0xEE, 0xD6, 0x49, 0xFC, 0xED, 
0xDB, 0xA5, 0xFE, 0x18, 0x24, 0xAE, 0x77, 0xF6, 0x88, 0xFD, 0xA0, 0xCF, 0xFC, 0x16, 0xBB, 0xFE, 
0x0D, 0xB8, 0xF1, 0xB7, 0xC4, 0x4F, 0x11, 0x68, 0x76, 0x76, 0x7E, 0x30, 0xF0, 0x0C, 0x6D, 0xAB, 
0x5D, 0x49, 0x04, 0x3B, 0x6D, 0xFE, 0xD5, 0xA6, 0x4D, 0xE6, 0x5D, 0xCF, 0x6F, 0xBF, 0x76, 0xD5, 
0x9E, 0x05, 0x93, 0xF7, 0x7B, 0xBF, 0x8B, 0xCB, 0xDD, 0x41, 0x99, 0xFC, 0xD8, 0xF9, 0x2D, 0x2B, 
0xFC, 0xAB, 0x51, 0xD7, 0xEA, 0xA7, 0xFC, 0x1B, 0xA9, 0xFF, 0x00, 0x04, 0x74, 0xF0, 0x5F, 0xFC, 
0x14, 0x5F, 0xE2, 0x1F, 0x8D, 0xB5, 0x4F, 0x89, 0xDA, 0x6F, 0x88, 0x2F, 0xBC, 0x0F, 0xE1, 0x7B, 
0x58, 0x62, 0xB5, 0x6B, 0x39, 0x64, 0xB4, 0xB5, 0xD4, 0x2F, 0x1A, 0x69, 0x7C, 0xC8, 0xFC, 0xE5, 
0xFB, 0xDE, 0x54, 0x71, 0xAB, 0x7E, 0xEB, 0xFE, 0x7A, 0x57, 0x96, 0xFE, 0xCA, 0x9F, 0xF0, 0x4B, 
0xBF, 0x0E, 0xFE, 0xD0, 0x3F, 0xF0, 0x5A, 0xDB, 0xEF, 0xD9, 0xF6, 0xE2, 0xE7, 0x57, 0xB5, 0xF0, 
0x5E, 0x93, 0xE2, 0x8D, 0x4A, 0xDE, 0xEB, 0x73, 0x7F, 0xA7, 0xFF, 0x00, 0x67, 0xDA, 0x7C, 0xDE, 
0x5F, 0xFB, 0x3B, 0xBE, 0x55, 0xF3, 0x28, 0x03, 0xE1, 0x5F, 0x0E, 0x78, 0x62, 0xFF, 0x00, 0xC5, 
0x9A, 0xFD, 0xB6, 0x97, 0xA6, 0xE9, 0xF7, 0xBA, 0x96, 0xA5, 0x79, 0x27, 0x91, 0x0D, 0xA5, 0xAD, 
0xBB, 0x4F, 0x3C, 0xF2, 0x7F, 0x75, 0x63, 0x5F, 0x99, 0x9A, 0xBA, 0x0F, 0x8B, 0xBF, 0x03, 0xBC, 
0x59, 0xF0, 0x17, 0xC4, 0xA3, 0x47, 0xF1, 0x97, 0x86, 0xB5, 0xCF, 0x0C, 0xEA, 0xCD, 0x0A, 0x5D, 
0x7D, 0x8F, 0x54, 0xB1, 0x6B, 0x4B, 0x8F, 0x2D, 0xB7, 0x6D, 0x6F, 0x2D, 0xBF, 0x87, 0xE5, 0x6F, 
0xFB, 0xE6, 0xBF, 0x51, 0x3F, 0x6C, 0xDF, 0xD9, 0x0B, 0xC3, 0x3F, 0xF0, 0x4A, 0xDF, 0xF8, 0x38, 
0x2B, 0xE0, 0x8E, 0x93, 0xF0, 0x93, 0xC3, 0xFA, 0xA6, 0x9B, 0xE1, 0xBB, 0xCD, 0x47, 0xC3, 0xF7, 
0x96, 0xB6, 0xF7, 0xC2, 0x4B, 0xB8, 0xA5, 0x92, 0xEA, 0x76, 0x82, 0xEB, 0xC9, 0x92, 0x4F, 0xF5, 
0x9B, 0x55, 0xBF, 0xED, 0x9D, 0x77, 0x9F, 0xF0, 0x79, 0xAF, 0x84, 0x74, 0xDB, 0x6F, 0xDA, 0x73, 
0xE1, 0x6E, 0xB5, 0x17, 0xFC, 0x85, 0x35, 0x4F, 0x08, 0xDD, 0x5A, 0xDD, 0x7F, 0xB5, 0x1D, 0xA5, 
0xEA, 0xF9, 0x3F, 0xFA, 0x55, 0x3D, 0x00, 0x7E, 0x28, 0xD9, 0x9C, 0x5D, 0x85, 0x5F, 0x5A, 0xFD, 
0x62, 0xFF, 0x00, 0x82, 0xC0, 0x5E, 0xAF, 0x8D, 0x3F, 0xE0, 0x8E, 0x7F, 0xB2, 0x77, 0x88, 0x3F, 
0xE5, 0xA4, 0xF0, 0xF9, 0x1F, 0xF7, 0xD5, 0x93, 0x7F, 0xF1, 0xBA, 0xFC, 0x9D, 0xD3, 0xFF, 0x00, 
0xE4, 0x21, 0x0F, 0xFD, 0x74, 0xAF, 0xD5, 0xEF, 0xF8, 0x29, 0x4C, 0x5E, 0x77, 0xFC, 0x10, 0x3B, 
0xF6, 0x57, 0x91, 0xFE, 0xF4, 0x52, 0xC3, 0xE5, 0xFF, 0x00, 0xE0, 0x24, 0xB5, 0xED, 0x65, 0xB1, 
0xE7, 0xA5, 0x38, 0x9E, 0x6E, 0x33, 0x4A, 0xB0, 0x91, 0xF9, 0x33, 0x25, 0x36, 0xA6, 0x92, 0xA1, 
0xAF, 0x14, 0xF4, 0x82, 0x8A, 0x28, 0xA0, 0x02, 0x8A, 0x28, 0xA0, 0x02, 0xA6, 0xB6, 0x87, 0xCE, 
0xB9, 0x55, 0xA8, 0x6B, 0xDF, 0x3F, 0xE0, 0x9C, 0x9F, 0xB1, 0x87, 0x88, 0x3F, 0x6F, 0x5F, 0xDA, 
0xEF, 0xC1, 0xFF, 0x00, 0x0C, 0xFC, 0x3E, 0xAC, 0xB3, 0x6B, 0xD7, 0x5F, 0xE9, 0x57, 0x4B, 0xFF, 
0x00, 0x30, 0xFB, 0x35, 0xFF, 0x00, 0x5F, 0x71, 0xFF, 0x00, 0x01, 0x5F, 0xBB, 0xFE, 0xD3, 0x2D, 
0x00, 0x7E, 0x86, 0x7F, 0xC1, 0xB7, 0xBF, 0xF0, 0x43, 0x28, 0xFF, 0x00, 0x6C, 0x8F, 0x15, 0x5B, 
0xFC, 0x64, 0xF8, 0x9D, 0x64, 0xAD, 0xF0, 0xC7, 0xC3, 0xB7, 0x5E, 0x56, 0x97, 0xA5, 0xCA, 0x9C, 
0xF8, 0x96, 0xF1, 0x5B, 0x9F, 0x33, 0xFE, 0x9D, 0xA1, 0x6F, 0xFB, 0xF9, 0x27, 0xFB, 0x2B, 0x5F, 
0xD2, 0x76, 0x95, 0xA1, 0xDA, 0xE8, 0xF6, 0x30, 0xD9, 0xDA, 0x43, 0x1D, 0xAD, 0xBD, 0xBC, 0x71, 
0xC1, 0x0C, 0x31, 0xC7, 0xE5, 0xAD, 0xBC, 0x71, 0xFF, 0x00, 0x0A, 0xD6, 0x0F, 0xC0, 0x8F, 0x82, 
0x9A, 0x0F, 0xEC, 0xF1, 0xF0, 0x7F, 0xC3, 0x7E, 0x09, 0xF0, 0xC5, 0x8D, 0xBE, 0x9B, 0xA0, 0xF8, 
0x5E, 0xC6, 0x1D, 0x3E, 0xCE, 0xDE, 0x18, 0xF6, 0xC7, 0xE5, 0xC7, 0x1E, 0xDA, 0xF1, 0x3F, 0xF8, 
0x2B, 0x17, 0xED, 0xFB, 0xA7, 0xFF, 0x00, 0xC1, 0x3A, 0x7F, 0x64, 0x9D, 0x63, 0xC6, 0x8D, 0x1C, 
0x17, 0xDE, 0x28, 0xBC, 0x3F, 0xD9, 0x9E, 0x1B, 0xD3, 0x5A, 0x4F, 0xF9, 0x08, 0x6A, 0x12, 0x2F, 
0xEE, 0xD7, 0xFE, 0xB9, 0xA7, 0xFA, 0xC9, 0x3F, 0xD9, 0x8E, 0xB6, 0xC3, 0xC6, 0x55, 0x6A, 0x7B, 
0x38, 0x84, 0xEA, 0xFB, 0x3A, 0x7C, 0xC7, 0x8D, 0xFF, 0x00, 0xC1, 0x63, 0x7F, 0xE0, 0xB8, 0x3E, 
0x17, 0xFF, 0x00, 0x82, 0x6A, 0x68, 0x0B, 0xE1, 0x5F, 0x0E, 0xDB, 0xDA, 0xF8, 0xBB, 0xE3, 0x06, 
0xB5, 0x6B, 0xE7, 0xD8, 0xE8, 0xF2, 0x49, 0xFB, 0x8D, 0x2A, 0x1F, 0xE1, 0xBB, 0xBD, 0xDB, 0xF7, 
0x57, 0xFE, 0x79, 0xC7, 0xF7, 0xA4, 0xAF, 0xE7, 0x6F, 0xF6, 0x9F, 0xFD, 0xA7, 0xFE, 0x23, 0x7E, 
0xD8, 0xDE, 0x39, 0x93, 0xC5, 0x9F, 0x15, 0xBC, 0x59, 0xA9, 0x78, 0xA3, 0x54, 0x66, 0xDD, 0x6F, 
0x1D, 0xC3, 0x7F, 0xA1, 0xE9, 0xFF, 0x00, 0xF4, 0xCE, 0x18, 0x7F, 0xD5, 0xC7, 0xFF, 0x00, 0xA1, 
0x7F, 0xB5, 0x56, 0xBC, 0x67, 0x7F, 0xAF, 0x7C, 0x54, 0xF1, 0xA6, 0xBD, 0xE3, 0x8F, 0x1A, 0x6A, 
0x97, 0x1A, 0xC7, 0x89, 0x3C, 0x41, 0x75, 0x26, 0xA1, 0xAA, 0x5F, 0x4D, 0xF7, 0x9E, 0x49, 0x3F, 
0xF4, 0x15, 0xFF, 0x00, 0x96, 0x7E, 0x5D, 0x7C, 0xFF, 0x00, 0xE3, 0xCF, 0x1E, 0x37, 0x88, 0x75, 
0x79, 0xA1, 0xB3, 0x6F, 0x2E, 0xCE, 0x2F, 0xF5, 0x7F, 0xED, 0xD7, 0xDB, 0xD1, 0xC9, 0xE9, 0x60, 
0x69, 0xF3, 0x57, 0x3C, 0x7F, 0xAD, 0x54, 0xAD, 0x2F, 0x74, 0xDE, 0xBF, 0xF1, 0x9E, 0x9B, 0x61, 
0xE6, 0x2A, 0x32, 0xC8, 0xD5, 0x9F, 0x73, 0xF1, 0x2F, 0x4D, 0x44, 0xDC, 0xF1, 0xAE, 0xDF, 0xBB, 
0xE5, 0xF9, 0x75, 0xC5, 0xBF, 0xFE, 0x3D, 0x5F, 0x60, 0xFF, 0x00, 0xC1, 0x06, 0xFE, 0x18, 0x78, 
0x4F, 0xE2, 0xCF, 0xFC, 0x15, 0x83, 0xE0, 0xFE, 0x8B, 0xE3, 0x0B, 0x58, 0xAF, 0xB4, 0x99, 0x75, 
0x49, 0x27, 0x86, 0xDE, 0xEA, 0x3F, 0x32, 0x0B, 0x8B, 0xA8, 0x6D, 0xA5, 0x9E, 0x15, 0x6F, 0xFB, 
0x69, 0x1E, 0xEF, 0xFB, 0x67, 0x1D, 0x71, 0x63, 0x31, 0xCA, 0x34, 0xFD, 0xD8, 0x9D, 0x14, 0x70, 
0xFF, 0x00, 0xCC, 0x77, 0x1F, 0x01, 0xBF, 0xE0, 0x97, 0xBF, 0xB6, 0x6F, 0xC3, 0x5F, 0x0B, 0xE8, 
0xFF, 0x00, 0x1B, 0xBE, 0x1E, 0x7C, 0x37, 0xF1, 0x97, 0x87, 0x66, 0x86, 0x18, 0xEF, 0xAC, 0x6E, 
0x34, 0xFB, 0xE8, 0xED, 0x35, 0x6F, 0x27, 0xFE, 0x7A, 0x7D, 0x95, 0xBF, 0xE5, 0x9F, 0xFD, 0x31, 
0x6F, 0xFB, 0xF7, 0x5E, 0xF1, 0xF1, 0x8F, 0x5E, 0xD0, 0xFF, 0x00, 0xE0, 0xE1, 0x1F, 0xD9, 0x93, 
0x54, 0x9A, 0xF3, 0x49, 0xD3, 0xFC, 0x3B, 0xFB, 0x64, 0x7C, 0x1F, 0xD3, 0x24, 0x9F, 0xEC, 0xB0, 
0xC7, 0xF6, 0x4F, 0xF8, 0x4E, 0xB4, 0xB8, 0x3F, 0xD7, 0x47, 0xE5, 0xC9, 0xFF, 0x00, 0x2D, 0xD5, 
0xBF, 0xE5, 0x9B, 0x7C, 0xD1, 0xB7, 0xFB, 0x32, 0x57, 0xF4, 0x7F, 0x6D, 0xB6, 0x1F, 0xBB, 0xFB, 
0xB5, 0x8B, 0xFD, 0x5F, 0x97, 0x1F, 0xDC, 0xAF, 0xE6, 0x53, 0xFE, 0x0B, 0x87, 0x34, 0x9F, 0xB1, 
0x87, 0xFC, 0x17, 0x5F, 0x54, 0xF1, 0x97, 0xC2, 0x39, 0xAD, 0xF4, 0x7D, 0x73, 0x4D, 0xB5, 0xD3, 
0xBC, 0x51, 0x34, 0x76, 0xD2, 0xFC, 0xA9, 0x78, 0xCA, 0xCB, 0x34, 0x2D, 0x1F, 0xFD, 0x35, 0x8D, 
0x76, 0xB2, 0xFF, 0x00, 0xD3, 0x4A, 0xF9, 0xFC, 0x3C, 0x65, 0x8A, 0xA9, 0xCA, 0x75, 0x4B, 0xDC, 
0x3F, 0x27, 0x6F, 0xAC, 0x66, 0xD3, 0xEE, 0x1A, 0x39, 0x63, 0x68, 0xD9, 0x7F, 0xBC, 0xB5, 0x54, 
0x37, 0x35, 0xF4, 0xEF, 0xFC, 0x14, 0xF7, 0x42, 0xD0, 0xEF, 0xFF, 0x00, 0x68, 0xCB, 0xCF, 0x19, 
0xF8, 0x66, 0xD7, 0xEC, 0x7E, 0x1D, 0xF8, 0x87, 0x6F, 0x1F, 0x89, 0x6D, 0x6D, 0x55, 0x7E, 0x5B, 
0x26, 0xB9, 0xF9, 0xAE, 0x21, 0xFF, 0x00, 0x80, 0xCF, 0xB9, 0xBF, 0xED, 0xBA, 0xD7, 0xCC, 0xB5, 
0xCF, 0x8A, 0xC3, 0xCA, 0x8D, 0x4E, 0x59, 0x15, 0x4E, 0x5C, 0xD1, 0xE6, 0x23, 0xA2, 0x8A, 0x2B, 
0x9C, 0xD0, 0x28, 0xA2, 0x8A, 0x00, 0x28, 0xA2, 0x8A, 0x00, 0xE8, 0x3C, 0x23, 0xE1, 0xBB, 0xCF, 
0x1B, 0x78, 0x9F, 0x4F, 0xD2, 0x34, 0xDB, 0x7B, 0x8B, 0xDD, 0x43, 0x54, 0xBA, 0x8E, 0xD2, 0xD6, 
0xDE, 0x1F, 0xF5, 0xB7, 0x13, 0x48, 0xDB, 0x63, 0x8D, 0x7F, 0xDA, 0x66, 0x6A, 0xFD, 0x8A, 0xBA, 
0xF8, 0x97, 0xA2, 0xFF, 0x00, 0xC1, 0xBE, 0x9F, 0xB3, 0x7C, 0x3E, 0x01, 0xF0, 0x0C, 0x3A, 0x5E, 
0xB9, 0xFB, 0x57, 0x7C, 0x40, 0xD2, 0xE3, 0x9F, 0xC5, 0x1A, 0xF7, 0xCB, 0x3D, 0xBF, 0x81, 0xED, 
0x64, 0xFB, 0xB6, 0x8B, 0xFF, 0x00, 0x4D, 0x7F, 0xE9, 0x9F, 0xFD, 0xB4, 0x92, 0xBE, 0x31, 0xFF, 
0x00, 0x82, 0x46, 0xA6, 0x9F, 0xF0, 0x36, 0x6F, 0x1A, 0xFC, 0x7E, 0xD5, 0xB4, 0xDB, 0x7D, 0x49, 
0xBE, 0x1A, 0xD9, 0xF9, 0x1E, 0x17, 0xB5, 0xB8, 0x1F, 0xBA, 0xBB, 0xD7, 0x2E, 0x7E, 0x58, 0x3F, 
0xEF, 0xC2, 0xFE, 0xF3, 0xFE, 0x05, 0x5E, 0x5B, 0xF1, 0xCB, 0xE2, 0x2E, 0xAD, 0xA8, 0x6B, 0x7A, 
0x96, 0xB1, 0xE2, 0x1D, 0x4A, 0xEB, 0x58, 0xF1, 0x67, 0x88, 0x6E, 0xA4, 0xBE, 0xD4, 0x2F, 0xAE, 
0xBF, 0xD6, 0xDD, 0xCD, 0x27, 0xFA, 0xC6, 0x6F, 0xF3, 0xFD, 0xD5, 0xFF, 0x00, 0x96, 0x75, 0xF4, 
0x19, 0x76, 0x56, 0xE7, 0x1F, 0x6F, 0x2F, 0x84, 0xE3, 0xAB, 0x8A, 0xF7, 0xB9, 0x4A, 0xBF, 0x11, 
0x7E, 0x25, 0xEA, 0x5E, 0x3C, 0xF1, 0x6D, 0xE6, 0xBD, 0xE3, 0x2D, 0x7B, 0x54, 0xF1, 0x37, 0x88, 
0xAF, 0x24, 0x92, 0x79, 0xB5, 0x0D, 0x52, 0xEA, 0x49, 0xEE, 0x25, 0x93, 0xFE, 0xBA, 0x49, 0xFF, 
0x00, 0xA2, 0xFE, 0xED, 0x60, 0xFF, 0x00, 0xC2, 0xCE, 0xB3, 0xB0, 0xFB, 0x91, 0xF9, 0x8B, 0x17, 
0xFD, 0x33, 0xAE, 0x26, 0xE6, 0xE6, 0x6B, 0xFB, 0x9F, 0x31, 0xDB, 0xCC, 0xF3, 0x6B, 0xD5, 0x3F, 
0x60, 0x9F, 0x06, 0x78, 0x77, 0xE2, 0x17, 0xED, 0xB5, 0xF0, 0x8F, 0x45, 0xF1, 0x74, 0x96, 0xFF, 
0x00, 0xF0, 0x8D, 0xEA, 0x9E, 0x2A, 0xD3, 0xED, 0xB5, 0x2F, 0x3B, 0xEE, 0xCB, 0x1F, 0x9D, 0xFE, 
0xAD, 0xBF, 0xD9, 0x6F, 0xBB, 0x5D, 0xD8, 0xAC, 0x4F, 0xB2, 0xA7, 0xFB, 0xB3, 0x38, 0x47, 0x9F, 
0xE2, 0x3E, 0xCA, 0xFD, 0x8E, 0xBF, 0xE0, 0x81, 0xBF, 0xB4, 0xA7, 0xED, 0xBB, 0xF0, 0xC6, 0x3F, 
0x1A, 0x69, 0x7A, 0x0F, 0x87, 0x3C, 0x13, 0xE1, 0xFB, 0xF8, 0xFC, 0xFD, 0x3E, 0x4F, 0x13, 0x4D, 
0x24, 0x17, 0x1A, 0x9C, 0x7F, 0xDE, 0x58, 0xE3, 0xFB, 0xAB, 0xFE, 0xF5, 0x70, 0xBA, 0xDE, 0x81, 
0xFB, 0x4E, 0x7F, 0xC1, 0x09, 0xFF, 0x00, 0x69, 0x8B, 0x5F, 0x3E, 0x4D, 0x43, 0xE1, 0xFE, 0xBD, 
0x79, 0x27, 0x9F, 0x0C, 0x96, 0x73, 0x7D, 0xAF, 0x41, 0xF1, 0x3C, 0x71, 0xFF, 0x00, 0xAC, 0xFD, 
0xDF, 0xCB, 0x1C, 0xDF, 0xF6, 0xD7, 0xCB, 0x93, 0xFE, 0x9A, 0x57, 0xF5, 0x89, 0xA3, 0xD8, 0x5B, 
0xE9, 0x56, 0x10, 0xDB, 0xDA, 0xC2, 0x91, 0xDA, 0xDB, 0xC7, 0xE4, 0x43, 0x1A, 0xC7, 0xF2, 0xC5, 
0x1C, 0x7F, 0x77, 0x6D, 0x7E, 0x69, 0xFF, 0x00, 0xC1, 0xD7, 0x5E, 0x10, 0xF0, 0xDE, 0xB1, 0xFF, 
0x00, 0x04, 0xBE, 0x5D, 0x63, 0x57, 0x86, 0xDF, 0xFB, 0x7B, 0x43, 0xF1, 0x66, 0x97, 0xFD, 0x83, 
0x33, 0x47, 0xF3, 0x79, 0xD2, 0x49, 0xB6, 0x68, 0xD7, 0xFE, 0xD8, 0x79, 0xDF, 0xF7, 0xEE, 0xBC, 
0x3A, 0x78, 0x9F, 0x69, 0x53, 0x92, 0x47, 0x67, 0x2F, 0x25, 0x33, 0xDA, 0x3F, 0xE0, 0x8F, 0xBF, 
0xF0, 0x58, 0x5F, 0x0A, 0xFF, 0x00, 0xC1, 0x50, 0x7E, 0x18, 0xC9, 0x0C, 0xB0, 0xC1, 0xE1, 0xDF, 
0x89, 0x5E, 0x1F, 0x86, 0x3F, 0xED, 0xED, 0x07, 0xCC, 0xFB, 0xFF, 0x00, 0xF4, 0xF7, 0x6D, 0xFF, 
0x00, 0x3D, 0x20, 0x96, 0xBE, 0xD4, 0x78, 0x6B, 0xF8, 0xEF, 0xFD, 0x97, 0xFE, 0x3C, 0x78, 0xB3, 
0xF6, 0x42, 0xF8, 0xCD, 0xE1, 0xBF, 0x8A, 0x7E, 0x09, 0x99, 0xE3, 0xD7, 0xBC, 0x2B, 0x37, 0xDA, 
0xA3, 0x85, 0x64, 0xF2, 0xE2, 0xD4, 0x21, 0xFF, 0x00, 0x96, 0xD6, 0xB2, 0x7F, 0xD3, 0x39, 0x63, 
0xFF, 0x00, 0xDA, 0x72, 0x7F, 0xCB, 0x3A, 0xFE, 0xB3, 0xBF, 0x65, 0x3F, 0xDA, 0x33, 0x41, 0xFD, 
0xAC, 0xFF, 0x00, 0x67, 0xAF, 0x0A, 0x7C, 0x44, 0xF0, 0xDC, 0xCB, 0x36, 0x91, 0xE2, 0x8D, 0x3E, 
0x3B, 0xDB, 0x7F, 0xFA, 0x64, 0xD2, 0x7F, 0xAC, 0x5F, 0xF8, 0x0D, 0x69, 0x98, 0xE5, 0xF5, 0x30, 
0xFE, 0xF7, 0xD9, 0x31, 0xA1, 0x8A, 0xF6, 0x9E, 0xE9, 0xF8, 0x4B, 0xFF, 0x00, 0x07, 0x57, 0x7F, 
0xC1, 0x1E, 0xED, 0x7E, 0x15, 0xEA, 0xF3, 0x7E, 0xD1, 0xDF, 0x0E, 0xF4, 0xD6, 0xB7, 0xD0, 0x75, 
0xBB, 0xA8, 0xE0, 0xF1, 0x8D, 0x8C, 0x3F, 0x76, 0xD6, 0xF2, 0x4F, 0x96, 0x3B, 0xD5, 0x5F, 0xE1, 
0x8E, 0x5F, 0xBA, 0xDF, 0xF4, 0xD2, 0xBF, 0x0E, 0xEB, 0xFB, 0xAA, 0xFD, 0xA3, 0x7E, 0x05, 0xE8, 
0x3F, 0xB4, 0x97, 0xC0, 0xDF, 0x15, 0x78, 0x07, 0xC5, 0x16, 0xF1, 0x5E, 0x68, 0x3E, 0x2F, 0xD2, 
0xE6, 0xD2, 0xAF, 0x97, 0xFD, 0x99, 0x17, 0xEF, 0x7F, 0xC0, 0x7E, 0xF7, 0xFC, 0x06, 0xBF, 0x8A, 
0x5F, 0xDA, 0xCF, 0xF6, 0x6E, 0xD6, 0x7F, 0x64, 0x7F, 0xDA, 0x37, 0xC6, 0x9F, 0x0E, 0x75, 0xE8, 
0xDA, 0x3D, 0x4B, 0xC2, 0x3A, 0xB5, 0xC6, 0x99, 0x26, 0xF1, 0xF7, 0xFC, 0xB6, 0xF9, 0x64, 0xFF, 
0x00, 0x81, 0xC7, 0xE5, 0xC9, 0xFE, 0xEC, 0x95, 0xE4, 0x9D, 0x47, 0x96, 0x8F, 0xE2, 0xAF, 0xA6, 
0x3F, 0xE0, 0x92, 0x13, 0x6D, 0xFD, 0xBE, 0xBE, 0x18, 0x7F, 0xB5, 0xAE, 0x46, 0xBF, 0xF9, 0x06, 
0x6A, 0xF9, 0x96, 0xBD, 0xC3, 0xFE, 0x09, 0xEB, 0xE2, 0xEF, 0xF8, 0x41, 0x3F, 0x6C, 0xBF, 0x86, 
0xDA, 0xB7, 0xFC, 0xB3, 0xB3, 0xF1, 0x1E, 0x9F, 0xE6, 0x7F, 0xD7, 0x39, 0x26, 0x58, 0x5B, 0xFF, 
0x00, 0x47, 0x57, 0x66, 0x0E, 0x56, 0xAD, 0x13, 0x9F, 0x17, 0x1B, 0xD2, 0x91, 0xEE, 0x1F, 0xF0, 
0x70, 0x7D, 0xB7, 0xD8, 0x7F, 0xE0, 0xA9, 0xBF, 0x10, 0xBF, 0xDA, 0x16, 0x6D, 0xFF, 0x00, 0x90, 
0x22, 0xAF, 0x87, 0xEB, 0xEF, 0xEF, 0xF8, 0x39, 0x03, 0x48, 0x93, 0x4A, 0xFF, 0x00, 0x82, 0x9A, 
0xF8, 0x82, 0xE1, 0x97, 0x6C, 0x7A, 0xA6, 0x93, 0xA7, 0xDC, 0xAF, 0xFB, 0x5F, 0xB9, 0xDB, 0x5F, 
0x01, 0x8E, 0x52, 0xAB, 0x30, 0x8F, 0x25, 0x79, 0x13, 0x81, 0xFE, 0x04, 0x4F, 0x42, 0xFD, 0x9A, 
0x7C, 0x77, 0xA3, 0x7C, 0x2A, 0xF8, 0xF3, 0xE0, 0xDF, 0x10, 0x78, 0x8B, 0x4D, 0x1A, 0xC6, 0x83, 
0xA2, 0xEB, 0x56, 0x77, 0xDA, 0x85, 0x89, 0xFF, 0x00, 0x97, 0xB8, 0x61, 0x99, 0x5E, 0x48, 0xFF, 
0x00, 0xCF, 0xF7, 0x6B, 0xF5, 0x4F, 0xFE, 0x0E, 0x23, 0xFF, 0x00, 0x82, 0xB0, 0xFE, 0xCE, 0x3F, 
0xB6, 0xF7, 0xEC, 0xDD, 0xE0, 0x4F, 0x0A, 0x7C, 0x25, 0xD2, 0xAD, 0x75, 0x8F, 0x10, 0x59, 0x5F, 
0x2E, 0xA1, 0x26, 0xAE, 0xDA, 0x4C, 0x9A, 0x6C, 0xBE, 0x1F, 0xB5, 0x58, 0xFF, 0x00, 0xE3, 0xCB, 
0xF7, 0x91, 0xAF, 0x98, 0xCF, 0xFF, 0x00, 0xB2, 0xD7, 0xE3, 0x45, 0x48, 0xF3, 0x34, 0xDF, 0x79, 
0x99, 0xAB, 0x84, 0xEA, 0x1A, 0xEF, 0xE6, 0xBD, 0x7E, 0xDA, 0xFF, 0x00, 0xC1, 0x12, 0x7F, 0xE0, 
0xB0, 0x9F, 0xB3, 0x0F, 0xEC, 0x7F, 0xFF, 0x00, 0x04, 0xD2, 0xF1, 0x57, 0x81, 0xFE, 0x24, 0xE8, 
0x3B, 0x7C, 0x61, 0xF6, 0x9B, 0xF6, 0x9A, 0xDE, 0x3D, 0x07, 0xED, 0xCF, 0xE2, 0x88, 0xE6, 0xF3, 
0x1A, 0x05, 0xF3, 0x36, 0xF9, 0x7F, 0x2F, 0xFA, 0xBF, 0xDE, 0xED, 0xAF, 0xC4, 0x8A, 0x91, 0x66, 
0x64, 0x46, 0x55, 0x66, 0xDA, 0xD4, 0x01, 0x7B, 0x5E, 0xBE, 0xB7, 0xBF, 0xBE, 0xDD, 0x6B, 0x0F, 
0xD9, 0xE1, 0xF2, 0xD5, 0x76, 0xEE, 0xAF, 0xAC, 0x7F, 0xE0, 0x88, 0xBF, 0xB4, 0xE7, 0xC2, 0xFF, 
0x00, 0xD9, 0x0B, 0xF6, 0xFF, 0x00, 0xF0, 0x8F, 0x8E, 0x3E, 0x2E, 0x68, 0xFF, 0x00, 0xDB, 0x1E, 
0x15, 0xB0, 0x8E, 0x68, 0x23, 0x91, 0xAD, 0xBC, 0xFF, 0x00, 0xEC, 0xAB, 0xA9, 0x36, 0xF9, 0x77, 
0xBE, 0x5F, 0xF1, 0x79, 0x5F, 0x37, 0xFD, 0xF5, 0x5F, 0x1E, 0x53, 0x95, 0xFC, 0xA7, 0xE2, 0x80, 
0x3F, 0x45, 0x3F, 0xE0, 0xE2, 0xDF, 0xDB, 0x97, 0xE0, 0xEF, 0xED, 0xD3, 0xFB, 0x5F, 0x68, 0xFA, 
0xC7, 0xC2, 0x3D, 0x2E, 0x06, 0xD3, 0xF4, 0x3D, 0x1B, 0xFB, 0x3F, 0x53, 0xD7, 0xA3, 0xB1, 0xFB, 
0x27, 0xF6, 0xEC, 0xDB, 0xB7, 0x2B, 0x6D, 0xFE, 0xEA, 0x7F, 0x7B, 0xFE, 0x9A, 0x57, 0xE7, 0xB5, 
0x83, 0xAD, 0xBD, 0xCE, 0xE6, 0xF9, 0xBE, 0x56, 0xFF, 0x00, 0x80, 0xFF, 0x00, 0xB5, 0x55, 0xA6, 
0x99, 0xA6, 0x93, 0x73, 0x36, 0xE6, 0xA8, 0xE8, 0x03, 0xF7, 0x07, 0xF6, 0xBB, 0xFF, 0x00, 0x82, 
0xC5, 0x7E, 0xCB, 0xBF, 0x12, 0xFF, 0x00, 0xE0, 0x86, 0xF6, 0xBF, 0x09, 0x7C, 0x2B, 0xE1, 0xF8, 
0x97, 0xC7, 0x13, 0x68, 0xF6, 0x3A, 0x55, 0xAE, 0x83, 0xFD, 0x8B, 0xB7, 0xFE, 0x11, 0xFB, 0xA8, 
0xE4, 0x5D, 0xD7, 0x7F, 0x6A, 0xDB, 0xE5, 0xB6, 0xDD, 0xAD, 0xB7, 0xE6, 0xFD, 0xE5, 0x7C, 0xD1, 
0xFF, 0x00, 0x06, 0xB7, 0x78, 0xB3, 0x49, 0xF0, 0xD7, 0xFC, 0x15, 0xA3, 0xC1, 0x2B, 0x7F, 0x32, 
0xDA, 0xC9, 0xAA, 0x58, 0xEA, 0x96, 0x36, 0x7B, 0xBF, 0x8E, 0x69, 0x20, 0x56, 0x55, 0xFF, 0x00, 
0xBE, 0x61, 0x9B, 0xFE, 0xF9, 0xAF, 0xCD, 0x9F, 0x39, 0xB6, 0x6C, 0xDC, 0xDB, 0x7F, 0xBB, 0x5D, 
0x97, 0xC1, 0x9F, 0x8C, 0x1A, 0xF7, 0xC0, 0xCF, 0x88, 0x5A, 0x3F, 0x8B, 0x3C, 0x2F, 0xAB, 0x5D, 
0x68, 0xFA, 0xF7, 0x87, 0xEF, 0x23, 0xD4, 0x34, 0xFB, 0xCB, 0x79, 0x3C, 0xB7, 0xB7, 0x9A, 0x3F, 
0xBA, 0xDF, 0xE7, 0xF8, 0x77, 0x2F, 0xF1, 0x50, 0x07, 0xEA, 0x97, 0xFC, 0x1D, 0x11, 0xFF, 0x00, 
0x04, 0xE3, 0xF8, 0xA5, 0x6B, 0xFB, 0x7D, 0x6B, 0x1F, 0x17, 0xB4, 0xDF, 0x0F, 0xEB, 0x7E, 0x25, 
0xF0, 0x4F, 0x8C, 0xAD, 0x2D, 0x7E, 0xCF, 0x7D, 0x63, 0x6B, 0x25, 0xCF, 0xF6, 0x6C, 0x90, 0xC3, 
0xE5, 0x34, 0x13, 0x2A, 0xFC, 0xD1, 0xFD, 0xDF, 0x96, 0xA1, 0xFF, 0x00, 0x83, 0x5D, 0xBF, 0xE0, 
0x9A, 0x9E, 0x3C, 0xF1, 0x77, 0xED, 0xDD, 0xA2, 0xFC, 0x5A, 0xD7, 0x3C, 0x37, 0xAE, 0xE8, 0x7E, 
0x0B, 0xF8, 0x7F, 0x1C, 0xF7, 0x4B, 0x7D, 0x7D, 0x67, 0x25, 0x9F, 0xDB, 0x6F, 0x5A, 0x16, 0x81, 
0x61, 0x87, 0x77, 0xFA, 0xCF, 0x96, 0x69, 0xB7, 0x57, 0xD5, 0xBF, 0xB2, 0x57, 0xFC, 0x1D, 0xEB, 
0xF0, 0xEF, 0xC4, 0x7F, 0x0A, 0xAC, 0x74, 0xFF, 0x00, 0x8D, 0x5E, 0x08, 0xF1, 0x25, 0x9F, 0x8A, 
0xAD, 0x61, 0xD9, 0x7D, 0x7B, 0xA0, 0x5A, 0xC5, 0x79, 0xA4, 0xEA, 0x0D, 0x1F, 0xF1, 0x79, 0x2D, 
0x26, 0xE8, 0x5A, 0x4F, 0xEE, 0xED, 0xF9, 0x7F, 0xE7, 0xA5, 0x72, 0xDF, 0xB6, 0xA7, 0xFC, 0x1E, 
0x0F, 0xA2, 0xAF, 0xC3, 0x8B, 0xED, 0x17, 0xE0, 0x3F, 0x80, 0x75, 0x9D, 0x27, 0x58, 0xBC, 0x8E, 
0x48, 0x21, 0xD6, 0xBC, 0x49, 0xE4, 0x41, 0x16, 0x9F, 0xFF, 0x00, 0x4D, 0xA1, 0xB5, 0x85, 0xA4, 
0xF3, 0x1B, 0xFD, 0xFF, 0x00, 0x2E, 0x80, 0x3E, 0x4D, 0xFF, 0x00, 0x82, 0xF1, 0x7E, 0xD1, 0x1E, 
0x1D, 0x8F, 0xFE, 0x0B, 0xEF, 0xA9, 0x6B, 0xCF, 0xA8, 0x2C, 0x9A, 0x47, 0x83, 0xF5, 0x6F, 0x0E, 
0xC3, 0xA8, 0x49, 0x6F, 0x1F, 0x99, 0xB3, 0xEC, 0x4D, 0x6D, 0x3C, 0xFF, 0x00, 0xF5, 0xD3, 0x6F, 
0xEF, 0x2B, 0xAE, 0xFF, 0x00, 0x83, 0x9D, 0x7F, 0xE0, 0xA8, 0x7F, 0x05, 0xFF, 0x00, 0xE0, 0xA0, 
0x7A, 0x6F, 0xC2, 0x7D, 0x3F, 0xE1, 0x57, 0x88, 0x2E, 0xBC, 0x4D, 0x75, 0xE1, 0x7F, 0xB5, 0x4F, 
0xA8, 0x5D, 0x3D, 0x9B, 0x41, 0x02, 0x2C, 0x91, 0xAF, 0x97, 0x1F, 0xEF, 0x17, 0xE6, 0x6A, 0xFC, 
0x9B, 0xF1, 0x9F, 0x8D, 0x35, 0x2F, 0x88, 0x5E, 0x29, 0xD4, 0xB5, 0xCD, 0x5E, 0xF2, 0xEB, 0x50, 
0xD5, 0xB5, 0x6B, 0x89, 0x2E, 0xEF, 0x2E, 0xAE, 0x24, 0xDD, 0x2D, 0xC4, 0xD2, 0x36, 0xE6, 0x91, 
0xAB, 0xD2, 0x3F, 0x61, 0x8D, 0x7B, 0xE1, 0xDE, 0x8F, 0xFB, 0x5F, 0xFC, 0x3D, 0xBE, 0xF8, 0xBD, 
0x6F, 0x36, 0xA1, 0xF0, 0xE6, 0xCF, 0x59, 0x86, 0x5D, 0x7A, 0x1D, 0xBE, 0x66, 0xFB, 0x7F, 0xF6, 
0x97, 0xF8, 0xA3, 0xDD, 0xB7, 0x72, 0xFF, 0x00, 0x77, 0x75, 0x00, 0x7E, 0xD1, 0x7F, 0xC1, 0x3E, 
0xBF, 0xE0, 0xE9, 0x3F, 0x86, 0xB6, 0xDF, 0xB2, 0xF6, 0x83, 0xE0, 0x9F, 0xDA, 0x03, 0xC2, 0x3A, 
0xCD, 0xD6, 0xAD, 0xE1, 0x9B, 0x58, 0xF4, 0xE8, 0xF5, 0x6B, 0x1B, 0x18, 0x75, 0x2B, 0x0D, 0x56, 
0x38, 0xE3, 0xDA, 0xAC, 0xD1, 0xB7, 0xCC, 0xB2, 0x7F, 0x7B, 0xF8, 0x7F, 0xDA, 0xAF, 0xD4, 0xE9, 
0x7F, 0x6C, 0x0F, 0x82, 0x3F, 0x0D, 0x3F, 0x60, 0x7B, 0x3F, 0x8B, 0x1A, 0x84, 0x9A, 0x77, 0x84, 
0xFE, 0x0F, 0xEB, 0x9A, 0x7C, 0x37, 0x31, 0xAD, 0xE6, 0x97, 0x24, 0x09, 0x34, 0x37, 0x3F, 0x2C, 
0x6B, 0xF6, 0x5D, 0xBB, 0xB7, 0x49, 0xBB, 0xFD, 0x5F, 0xDE, 0xAF, 0x8D, 0x56, 0x6F, 0xF8, 0x25, 
0x07, 0x82, 0x7C, 0x4B, 0x27, 0xC4, 0x48, 0x75, 0x4F, 0xD9, 0xE7, 0xFB, 0x42, 0x3F, 0xF4, 0x98, 
0xED, 0xE1, 0xBE, 0x82, 0x76, 0x86, 0x4F, 0xF6, 0x6C, 0xE3, 0xFE, 0x2A, 0xFC, 0xBE, 0xFF, 0x00, 
0x82, 0xFD, 0xFF, 0x00, 0xC1, 0x73, 0xEC, 0x7F, 0xE0, 0xA1, 0xD7, 0x3A, 0x1F, 0xC3, 0x5F, 0x85, 
0xF6, 0xB7, 0x5A, 0x2F, 0xC2, 0x7F, 0x07, 0xCD, 0xF6, 0xC8, 0x26, 0x9A, 0xDF, 0xEC, 0x93, 0xEB, 
0x17, 0x5E, 0x5E, 0xD5, 0x93, 0xC9, 0xFF, 0x00, 0x96, 0x30, 0x45, 0x1B, 0x37, 0x96, 0xBF, 0x7B, 
0xE6, 0xA0, 0xD0, 0xFB, 0xDF, 0xE2, 0xE7, 0xFC, 0x1D, 0x87, 0xF0, 0x1F, 0xE0, 0x3F, 0x88, 0xBC, 
0x37, 0xE1, 0xBF, 0x84, 0x3F, 0x0D, 0xF5, 0x4D, 0x53, 0xC3, 0x31, 0xDF, 0x47, 0xFD, 0xB1, 0x79, 
0xF6, 0x55, 0xD1, 0xAD, 0xD2, 0xCF, 0xFE, 0x5A, 0x7D, 0x9A, 0x19, 0x3E, 0x66, 0x9F, 0xFE, 0xBA, 
0xAC, 0x6B, 0xFF, 0x00, 0x4D, 0x2B, 0xB0, 0xF8, 0xED, 0xFF, 0x00, 0x07, 0x23, 0x7E, 0xC8, 0x7F, 
0x07, 0xFC, 0x1F, 0xAC, 0x7C, 0x44, 0xF8, 0x67, 0xA3, 0xDA, 0xF8, 0xBB, 0xE2, 0x96, 0xBD, 0x0F, 
0x95, 0xF6, 0x58, 0xF4, 0x36, 0xD3, 0x6F, 0x1E, 0x4F, 0xFA, 0x7D, 0xBA, 0x92, 0x3F, 0x95, 0x57, 
0xFC, 0xEE, 0xAF, 0xE6, 0x46, 0x69, 0xBC, 0xD7, 0xDD, 0xBA, 0x9D, 0x25, 0xCC, 0xD3, 0x22, 0xAB, 
0xC8, 0xCC, 0xBF, 0xED, 0x35, 0x06, 0x67, 0xF4, 0xF1, 0xF0, 0x2F, 0xFE, 0x0E, 0x41, 0xFD, 0x91, 
0x7F, 0x68, 0xCF, 0x02, 0xF8, 0x77, 0xC7, 0x1F, 0x16, 0x74, 0xFB, 0x3F, 0x08, 0xFC, 0x48, 0xF0, 
0x9C, 0x52, 0x3C, 0x36, 0x77, 0xBA, 0x44, 0x9A, 0x94, 0xB6, 0x53, 0x7F, 0xCB, 0x4F, 0xB0, 0x5D, 
0x47, 0x1F, 0xEF, 0x15, 0xBF, 0xE5, 0x9F, 0xFC, 0xB4, 0xFF, 0x00, 0x66, 0xBF, 0x16, 0xFF, 0x00, 
0xE0, 0xB6, 0x5F, 0xF0, 0x53, 0x45, 0xFF, 0x00, 0x82, 0x9F, 0xFE, 0xD8, 0xDA, 0x8F, 0x8C, 0xF4, 
0xCD, 0x3E, 0xEB, 0x4B, 0xF0, 0xBE, 0x91, 0x63, 0x0E, 0x8B, 0xA1, 0x5A, 0x5C, 0x1F, 0xDF, 0xA5, 
0x9C, 0x32, 0x3B, 0x79, 0x8C, 0xBF, 0xF2, 0xCE, 0x67, 0x92, 0x46, 0xDD, 0xFE, 0xCA, 0xC7, 0xFD, 
0xDA, 0xF8, 0xB6, 0x1B, 0xC9, 0xAD, 0x91, 0x95, 0x26, 0x65, 0x5F, 0xF6, 0x5A, 0xA3, 0xA0, 0x09, 
0xAD, 0x43, 0x2C, 0xEA, 0xDF, 0xDD, 0xF9, 0xAB, 0xF5, 0xA3, 0xFE, 0x0B, 0x01, 0x6D, 0xFF, 0x00, 
0x08, 0x6F, 0xFC, 0x11, 0xC3, 0xF6, 0x53, 0xF0, 0xFB, 0xFF, 0x00, 0xAC, 0x86, 0x18, 0xE5, 0xDB, 
0xFE, 0xCA, 0xD9, 0x35, 0x7E, 0x58, 0x7C, 0x33, 0xF0, 0xA4, 0xDE, 0x39, 0xF8, 0x81, 0xA2, 0xE8, 
0x76, 0xDB, 0xBE, 0xD1, 0xAE, 0x5F, 0x43, 0xA7, 0xC3, 0xB7, 0xFB, 0xD3, 0x48, 0xB1, 0x7F, 0xEC, 
0xD5, 0xFA, 0x71, 0xFF, 0x00, 0x07, 0x24, 0x78, 0x9E, 0xDF, 0xC2, 0x3A, 0x87, 0xC1, 0x3F, 0x85, 
0xB6, 0xF2, 0x7C, 0xBE, 0x03, 0xF0, 0x8E, 0xE9, 0x96, 0x36, 0xFF, 0x00, 0x96, 0x93, 0x32, 0xAA, 
0xB7, 0xFD, 0xF3, 0x0C, 0xD5, 0xEE, 0x65, 0xFE, 0xE6, 0x1E, 0x72, 0x3C, 0xDC, 0x67, 0xBD, 0x5E, 
0x94, 0x4F, 0xCA, 0x6D, 0x94, 0xDA, 0x9B, 0xFE, 0x59, 0xD4, 0x35, 0xE1, 0x9E, 0x90, 0x51, 0x45, 
0x14, 0x00, 0x51, 0x45, 0x14, 0x00, 0x57, 0xF4, 0x25, 0xFF, 0x00, 0x06, 0x69, 0xFE, 0xC5, 0xF0, 
0xE9, 0xDE, 0x0A, 0xF1, 0xE7, 0xC7, 0x4D, 0x52, 0xCD, 0x64, 0xBC, 0xD4, 0xA5, 0xFF, 0x00, 0x84, 
0x6B, 0x45, 0x9A, 0x45, 0xFF, 0x00, 0x55, 0x0C, 0x7F, 0x34, 0xD2, 0x2F, 0xFB, 0xD2, 0x7E, 0xEF, 
0xFE, 0xD9, 0x57, 0xF3, 0xDF, 0x1D, 0x7F, 0x63, 0x9F, 0xF0, 0x6F, 0xFF, 0x00, 0xC2, 0x6B, 0x7F, 
0x83, 0x9F, 0xF0, 0x48, 0x8F, 0x82, 0x36, 0x76, 0xB0, 0xF9, 0x3F, 0xDA, 0x9A, 0x0C, 0x7A, 0xE4, 
0xCB, 0x27, 0xFC, 0xF6, 0xBB, 0x93, 0xCF, 0x93, 0xFF, 0x00, 0x46, 0x50, 0x07, 0xD9, 0x52, 0xFF, 
0x00, 0xA9, 0xAF, 0xE7, 0xFF, 0x00, 0xFE, 0x0E, 0x27, 0xF8, 0xFF, 0x00, 0x71, 0xFB, 0x43, 0xFF, 
0x00, 0xC1, 0x40, 0x2D, 0xFC, 0x0B, 0x04, 0xDF, 0xF1, 0x4D, 0xFC, 0x23, 0xD3, 0xE3, 0x5F, 0x27, 
0xCC, 0xF9, 0x65, 0xD4, 0xAE, 0xE3, 0xF3, 0x66, 0x6F, 0xF8, 0x0C, 0x1E, 0x4A, 0xC7, 0xFE, 0xF4, 
0xD5, 0xFB, 0xFD, 0xA8, 0xDC, 0xFD, 0x9A, 0xD2, 0x49, 0x3F, 0xE7, 0x94, 0x75, 0xFC, 0xBF, 0xFC, 
0x47, 0xD7, 0xA6, 0xF8, 0xD1, 0xFB, 0x46, 0xFC, 0x44, 0xF1, 0x65, 0xE7, 0xEF, 0x2E, 0x3C, 0x47, 
0xE2, 0x8D, 0x42, 0x7F, 0xFB, 0x67, 0xE7, 0x37, 0x97, 0x1D, 0x7D, 0xC7, 0x03, 0xE5, 0xBF, 0x59, 
0xC5, 0xF3, 0xCB, 0xEC, 0x9F, 0x33, 0xC4, 0x99, 0x8F, 0xD5, 0xE8, 0xF2, 0x9F, 0x29, 0xFE, 0xD8, 
0x1E, 0x27, 0xFF, 0x00, 0x84, 0x27, 0xC2, 0xB6, 0xFA, 0x3C, 0x1F, 0xBB, 0xBA, 0xBF, 0xFF, 0x00, 
0x59, 0xE5, 0xFF, 0x00, 0xCF, 0x38, 0xEB, 0xE6, 0xBB, 0x38, 0xAB, 0xD7, 0x7F, 0x6E, 0x7D, 0x47, 
0xED, 0x1F, 0xB4, 0x46, 0xA5, 0x67, 0xBB, 0xF7, 0x7A, 0x62, 0xAC, 0x1B, 0x7F, 0xBB, 0xFB, 0xBA, 
0xF2, 0x48, 0xBF, 0xD4, 0xD7, 0x76, 0x79, 0x89, 0xF6, 0x98, 0xA9, 0x23, 0xAB, 0x2B, 0x8D, 0xA8, 
0xC1, 0x92, 0x56, 0xB7, 0x81, 0x7C, 0x6F, 0xAC, 0x7C, 0x34, 0xF1, 0x9E, 0x9B, 0xE2, 0x0F, 0x0F, 
0x6A, 0x57, 0x5A, 0x3E, 0xBD, 0xA2, 0x5D, 0x47, 0x7D, 0x63, 0x79, 0x6F, 0x27, 0x96, 0xF6, 0xF3, 
0x47, 0xFE, 0xAE, 0x45, 0xAC, 0x9F, 0x39, 0x77, 0xD1, 0xFF, 0x00, 0x2D, 0x6B, 0xC3, 0xAB, 0x18, 
0xCE, 0x9F, 0x29, 0xDD, 0xED, 0x0F, 0xD6, 0xEF, 0x85, 0xDF, 0xF0, 0x75, 0x77, 0xED, 0x3D, 0xF1, 
0x1B, 0xC2, 0x5A, 0x3F, 0xC3, 0xDD, 0x1B, 0xC3, 0x3E, 0x00, 0xD4, 0x3E, 0x20, 0x6B, 0xD7, 0x10, 
0xE8, 0xB6, 0x3A, 0xD7, 0xD9, 0x66, 0x59, 0xDE, 0x69, 0x9B, 0xCA, 0x8E, 0x4F, 0x27, 0xCC, 0xDB, 
0xE6, 0x7C, 0xDF, 0x7B, 0x77, 0xFC, 0x06, 0xA4, 0xFD, 0xB7, 0xFF, 0x00, 0xE0, 0x80, 0x5F, 0x1B, 
0x3F, 0x67, 0x2F, 0x81, 0x5E, 0x24, 0xFD, 0xA1, 0xBC, 0x71, 0xF1, 0x1B, 0x4D, 0xF8, 0x85, 0xE2, 
0x4F, 0xF9, 0x0B, 0xF8, 0xCA, 0xCF, 0xEC, 0xB2, 0x7D, 0xA3, 0xE6, 0xFF, 0x00, 0x58, 0xCB, 0x36, 
0xEF, 0xDE, 0x79, 0x5F, 0xF7, 0xCE, 0xDF, 0xBB, 0xB6, 0x3A, 0xFC, 0xA9, 0xF8, 0x69, 0xF1, 0x17, 
0x56, 0xF8, 0x3F, 0xF1, 0x23, 0x45, 0xF1, 0x56, 0x89, 0x37, 0xD9, 0xF5, 0x8F, 0x0E, 0x6A, 0x10, 
0xEA, 0xB6, 0x32, 0x79, 0x7F, 0x72, 0x68, 0x64, 0xDD, 0x1F, 0xFE, 0x8B, 0xFF, 0x00, 0xD0, 0xAB, 
0xF4, 0xAB, 0xF6, 0xD3, 0xFF, 0x00, 0x83, 0x99, 0x3E, 0x25, 0xFE, 0xDE, 0xDF, 0xB3, 0x8C, 0x3F, 
0x08, 0xE3, 0xF0, 0x5E, 0x85, 0xE0, 0xF5, 0xF1, 0x73, 0x43, 0xA6, 0x78, 0x83, 0x52, 0xB3, 0xBE, 
0x92, 0xE6, 0x4D, 0x42, 0x1F, 0x31, 0x77, 0x2C, 0x31, 0xB2, 0xAF, 0x93, 0xE6, 0x7F, 0xCB, 0x4A, 
0xE1, 0xC0, 0x61, 0xEA, 0x52, 0xC5, 0x53, 0xE4, 0x34, 0xAF, 0x2B, 0xD3, 0x91, 0xF1, 0x5F, 0xED, 
0x75, 0x60, 0xDA, 0xAF, 0xC1, 0x1F, 0x07, 0xEA, 0x1F, 0x37, 0xFA, 0x04, 0xD2, 0x5B, 0x47, 0xFE, 
0xC4, 0x72, 0x2E, 0xEF, 0xFD, 0xA7, 0x5F, 0x31, 0xC8, 0x6B, 0xEE, 0x7F, 0xDB, 0x1F, 0xC1, 0x91, 
0xD8, 0x7E, 0xCC, 0xF7, 0x9F, 0x2F, 0xFC, 0x78, 0x5F, 0x5A, 0xA4, 0x7F, 0xFA, 0x0D, 0x7C, 0x35, 
0x5E, 0x97, 0x15, 0xE1, 0x7D, 0x96, 0x28, 0xE5, 0xC9, 0xEB, 0xFB, 0x4A, 0x04, 0x74, 0x51, 0x45, 
0x7C, 0x89, 0xEA, 0x05, 0x14, 0x51, 0x40, 0x05, 0x3E, 0x08, 0xBC, 0xD7, 0xA6, 0x54, 0xF6, 0x43, 
0xF7, 0xAB, 0x5D, 0x14, 0x63, 0xCD, 0x52, 0xC0, 0xF6, 0x3E, 0xEF, 0xF8, 0x4B, 0xE1, 0x39, 0x3C, 
0x2D, 0xFB, 0x27, 0xF8, 0x27, 0x43, 0x93, 0xFD, 0x4E, 0xA1, 0xE7, 0x78, 0x8E, 0xF9, 0x7F, 0xBF, 
0xBB, 0xFD, 0x4F, 0xFE, 0x43, 0xAF, 0x91, 0x7E, 0x24, 0x78, 0x81, 0xBC, 0x59, 0xE3, 0x6B, 0xEB, 
0xAD, 0xDF, 0x2F, 0x99, 0xB5, 0x6B, 0xEF, 0x0F, 0x88, 0xBA, 0x0F, 0xFC, 0x21, 0x9F, 0x04, 0xEE, 
0x3C, 0xB5, 0x68, 0xFF, 0x00, 0xB0, 0xFC, 0x37, 0x1A, 0xC2, 0xBF, 0xF6, 0xC6, 0xBF, 0x3D, 0xD3, 
0xFE, 0x3E, 0x2B, 0xF4, 0x9C, 0xD2, 0x87, 0xD5, 0xF0, 0xF4, 0xA8, 0xC4, 0xF9, 0x9C, 0xB2, 0xAF, 
0xD6, 0x2A, 0x54, 0xA8, 0x58, 0x8B, 0xFD, 0x4D, 0x49, 0x04, 0xD3, 0x59, 0xDD, 0x2D, 0xD5, 0xBC, 
0xCD, 0x0C, 0xD6, 0xF2, 0x2B, 0x43, 0x32, 0xB6, 0xD6, 0x8A, 0x45, 0xF9, 0xA3, 0x92, 0xAB, 0xD4, 
0x9F, 0xEB, 0xBF, 0x77, 0x5F, 0x31, 0x28, 0xF3, 0x9E, 0xC7, 0xC0, 0x7E, 0xC0, 0x7E, 0xC7, 0xFF, 
0x00, 0xF0, 0x77, 0x6F, 0xC4, 0x2F, 0x83, 0x7F, 0x08, 0xAC, 0x7C, 0x33, 0xF1, 0x13, 0xE1, 0xFD, 
0x87, 0xC4, 0x2D, 0x63, 0x46, 0x85, 0x6D, 0xAD, 0x75, 0xA8, 0x75, 0x0F, 0xEC, 0xD9, 0xEE, 0xFC, 
0xBF, 0x95, 0x7E, 0xD3, 0x1E, 0xDD, 0xBB, 0xBF, 0xE9, 0xA2, 0xFF, 0x00, 0xDF, 0x35, 0xEA, 0x1A, 
0xDF, 0xEC, 0x6F, 0xFB, 0x51, 0xFF, 0x00, 0xC1, 0xCA, 0xDF, 0x0F, 0x74, 0x7F, 0x89, 0x9E, 0x34, 
0xF1, 0x27, 0x87, 0xFE, 0x11, 0xFC, 0x31, 0xB7, 0xDD, 0x3F, 0x82, 0xFC, 0x37, 0x0D, 0xBC, 0x97, 
0xBF, 0x6A, 0x93, 0xCB, 0xDB, 0xF6, 0x96, 0xF9, 0x97, 0x76, 0xEF, 0xF9, 0xE9, 0xFD, 0xDF, 0xEE, 
0xD7, 0xE1, 0x6B, 0xC3, 0xE7, 0x3C, 0x7B, 0x3F, 0x76, 0xD1, 0x7F, 0xAB, 0x6A, 0xFD, 0x44, 0xFF, 
0x00, 0x82, 0x79, 0xFF, 0x00, 0xC1, 0xCE, 0xBE, 0x3F, 0xFD, 0x85, 0xFF, 0x00, 0x64, 0x9D, 0x37, 
0xE1, 0x7D, 0xE7, 0x81, 0x74, 0x9F, 0x19, 0xA7, 0x85, 0x62, 0xFB, 0x37, 0x87, 0xB5, 0x09, 0xF5, 
0x19, 0x2D, 0xBE, 0xC9, 0x0F, 0xF0, 0xAC, 0xE9, 0xB6, 0x4F, 0x31, 0x57, 0xFE, 0x59, 0xED, 0xAF, 
0x1E, 0xB6, 0x16, 0xA5, 0x2A, 0x9C, 0xF1, 0x3A, 0xA3, 0x2E, 0x73, 0xE7, 0xDF, 0x0C, 0xFC, 0x2E, 
0xD5, 0xBE, 0x1B, 0x78, 0xC3, 0xC5, 0x1E, 0x11, 0xF1, 0x15, 0xBA, 0xAE, 0xBD, 0xE0, 0xDD, 0x62, 
0xEB, 0x45, 0xD4, 0xA3, 0x87, 0xEE, 0xF9, 0xD0, 0xB3, 0x2C, 0x9B, 0x7F, 0xD9, 0x6D, 0xBB, 0x97, 
0xFD, 0x9D, 0xB5, 0xFB, 0x19, 0xFF, 0x00, 0x06, 0xB1, 0x7C, 0x7E, 0x9A, 0x0F, 0x02, 0x7C, 0x49, 
0xF8, 0x33, 0x7D, 0x37, 0xFC, 0x8A, 0x1A, 0xA4, 0x7A, 0xD6, 0x8F, 0x1B, 0x49, 0xFF, 0x00, 0x2E, 
0x77, 0x7F, 0xEB, 0x15, 0x7F, 0xD9, 0x59, 0x37, 0x57, 0xE4, 0x2F, 0xEC, 0xF5, 0xF1, 0x5F, 0x5A, 
0xFD, 0xA7, 0xFC, 0x53, 0xF1, 0x1F, 0xC7, 0x9E, 0x21, 0xF2, 0x2E, 0x35, 0xCF, 0x14, 0x6B, 0xD3, 
0x6A, 0x7A, 0x83, 0x43, 0x1F, 0x96, 0x9E, 0x64, 0xDF, 0x37, 0xCB, 0xFE, 0xCA, 0xF9, 0x9B, 0x7F, 
0xDD, 0x58, 0xEB, 0xEF, 0xCF, 0xF8, 0x20, 0xD6, 0xAB, 0x37, 0x82, 0xBF, 0xE0, 0xAA, 0x36, 0x76, 
0xB1, 0xFF, 0x00, 0xA9, 0xF1, 0x1F, 0x84, 0x6E, 0xA0, 0x9B, 0xFE, 0x9A, 0xF9, 0x32, 0x45, 0x2C, 
0x7F, 0xFA, 0x31, 0xAB, 0xF4, 0x8C, 0x6E, 0x5F, 0xF5, 0x8C, 0x87, 0xDB, 0xC8, 0xF8, 0xFF, 0x00, 
0xAF, 0xFB, 0x2C, 0xCF, 0xD8, 0x1F, 0xBE, 0x12, 0x57, 0xF3, 0x1F, 0xFF, 0x00, 0x07, 0x7B, 0xFE, 
0xCD, 0x30, 0xFC, 0x34, 0xFF, 0x00, 0x82, 0x81, 0x69, 0xBE, 0x36, 0xB0, 0xB3, 0x5B, 0x7B, 0x3F, 
0x89, 0x1E, 0x1D, 0x87, 0x51, 0x9A, 0x65, 0xFF, 0x00, 0x97, 0x8B, 0xEB, 0x49, 0x3E, 0xCD, 0x72, 
0xCD, 0xFF, 0x00, 0x6C, 0x1A, 0xC3, 0xFE, 0xF9, 0xAF, 0xE9, 0xAB, 0xCE, 0xF9, 0x2B, 0xF1, 0x17, 
0xFE, 0x0F, 0x42, 0xF8, 0x4B, 0xFD, 0xAB, 0xF0, 0x73, 0xE0, 0xBF, 0x8D, 0x97, 0xFE, 0x5C, 0x35, 
0x2D, 0x53, 0xC3, 0xED, 0xFF, 0x00, 0x6D, 0xA1, 0xFB, 0x4F, 0xFE, 0xD9, 0xD7, 0xE4, 0xB2, 0x3E, 
0xD2, 0x07, 0xF3, 0xAF, 0x1D, 0x6C, 0xF8, 0x2B, 0xC4, 0x37, 0x1E, 0x12, 0xF1, 0x1D, 0x8E, 0xA5, 
0x67, 0x27, 0x97, 0x79, 0x61, 0x3C, 0x77, 0x30, 0x9F, 0xFA, 0x69, 0x1B, 0x6E, 0x5F, 0xFC, 0x79, 
0x56, 0xB1, 0x17, 0x93, 0x56, 0x22, 0xFD, 0xCB, 0xFC, 0x92, 0x7C, 0xD5, 0xAD, 0x19, 0x72, 0xCC, 
0x1E, 0xC7, 0xEA, 0x1F, 0xFC, 0x1C, 0x33, 0xE1, 0x88, 0x7E, 0x27, 0x78, 0x4B, 0xE0, 0x2F, 0xC6, 
0x0D, 0x36, 0x48, 0xAE, 0xAC, 0xFC, 0x5B, 0xE1, 0x18, 0xED, 0xA4, 0x9A, 0x3F, 0xF9, 0x6A, 0xCB, 
0xFB, 0xF5, 0x6F, 0xFB, 0xF7, 0x25, 0x7E, 0x5C, 0x62, 0xBF, 0x5A, 0x7F, 0x67, 0xFB, 0x03, 0xFF, 
0x00, 0x05, 0x1C, 0xFF, 0x00, 0x82, 0x13, 0x6B, 0xBE, 0x0E, 0x82, 0x39, 0x75, 0x0F, 0x1E, 0x7C, 
0x09, 0xBE, 0xFB, 0x7E, 0x9F, 0x6E, 0xBF, 0x7A, 0xE2, 0xCD, 0x63, 0x6F, 0x95, 0x7F, 0xED, 0x8C, 
0x8C, 0xBF, 0xEF, 0x79, 0x75, 0xF9, 0x43, 0x7F, 0x62, 0xD6, 0x77, 0x6D, 0x1F, 0xDE, 0xF4, 0xAF, 
0x4F, 0x32, 0x8F, 0x37, 0x2D, 0x63, 0xCE, 0xCB, 0x65, 0x65, 0x2A, 0x32, 0xFB, 0x25, 0x29, 0x29, 
0xB4, 0xE9, 0x29, 0xB5, 0xE3, 0x9E, 0x88, 0x51, 0x45, 0x14, 0x00, 0x51, 0x45, 0x14, 0x00, 0x51, 
0x45, 0x14, 0x00, 0x51, 0x45, 0x14, 0x00, 0x51, 0x45, 0x14, 0x00, 0x54, 0x95, 0x1D, 0x14, 0x01, 
0x7B, 0xFB, 0x7A, 0xF3, 0x67, 0xFC, 0x7D, 0x4B, 0x55, 0x6A, 0x3A, 0x28, 0x00, 0xA2, 0x8A, 0x28, 
0x00, 0xA9, 0x3C, 0xEF, 0x96, 0x8A, 0xB1, 0x61, 0xA7, 0xC9, 0xAA, 0xDD, 0xC7, 0x0C, 0x6B, 0xFB, 
0xC6, 0xAB, 0x8C, 0x39, 0xD8, 0x6D, 0xA9, 0xF6, 0x67, 0xFC, 0x10, 0x7F, 0xF6, 0x60, 0x93, 0xF6, 
0x97, 0xFF, 0x00, 0x82, 0x86, 0x78, 0x4D, 0x66, 0x8F, 0xFE, 0x24, 0xBE, 0x0E, 0xDD, 0xE2, 0x0D, 
0x4A, 0x46, 0xFB, 0xB1, 0x47, 0x07, 0xDD, 0xFF, 0x00, 0xC8, 0xAC, 0xB5, 0xCF, 0x7F, 0xC1, 0x66, 
0x3F, 0x69, 0x03, 0xFB, 0x4A, 0xFE, 0xDF, 0x7F, 0x10, 0x35, 0xCB, 0x79, 0x8C, 0xDA, 0x5D, 0xBE, 
0xA1, 0xFD, 0x99, 0x61, 0xFF, 0x00, 0x5C, 0x6D, 0x57, 0xC8, 0xFF, 0x00, 0xD1, 0x9E, 0x73, 0x7F, 
0xDB, 0x4A, 0xFB, 0x93, 0xE0, 0xD7, 0x86, 0xED, 0xFF, 0x00, 0xE0, 0x8B, 0xBF, 0xF0, 0x49, 0x2F, 
0x11, 0x78, 0xCB, 0x5A, 0x54, 0xD3, 0xFE, 0x31, 0x7C, 0x66, 0x8E, 0x3B, 0x6D, 0x2E, 0xDD, 0xBF, 
0xE3, 0xEA, 0xD2, 0x16, 0x8F, 0xE5, 0x5F, 0xF8, 0x0C, 0x72, 0x34, 0x8D, 0xFE, 0xD5, 0x7E, 0x3A, 
0xEB, 0x3A, 0x84, 0x9A, 0xC5, 0xEC, 0x93, 0x49, 0x26, 0xE6, 0xAF, 0x67, 0x11, 0xFE, 0xCF, 0x86, 
0xF6, 0x3F, 0xCC, 0x79, 0x78, 0x69, 0x4A, 0xB6, 0x25, 0xD4, 0xFB, 0x25, 0x2A, 0x8E, 0x9D, 0x25, 
0x36, 0xBC, 0x33, 0xD4, 0x0A, 0x28, 0xA2, 0x80, 0x0A, 0x28, 0xA2, 0x80, 0x1D, 0x1D, 0x7F, 0x6F, 
0xDF, 0xF0, 0x4F, 0xAD, 0x2A, 0xCF, 0xC3, 0x7F, 0xB0, 0xF7, 0xC2, 0x5D, 0x3E, 0xC3, 0x6F, 0xD8, 
0xEC, 0xFC, 0x27, 0xA7, 0xAC, 0x3F, 0xF7, 0xE1, 0x6B, 0xF8, 0x7F, 0xAF, 0xEC, 0xE3, 0xFE, 0x08, 
0xCF, 0xF1, 0x2F, 0xFE, 0x16, 0x5F, 0xFC, 0x12, 0xB3, 0xE0, 0x3E, 0xA8, 0xD3, 0x2C, 0xD7, 0x1F, 
0xF0, 0x88, 0xD9, 0xC1, 0x75, 0x27, 0xFD, 0x36, 0x8E, 0x3F, 0x2A, 0x4A, 0x00, 0xFA, 0x8B, 0x5F, 
0x76, 0x3A, 0x0D, 0xE6, 0xCF, 0xBD, 0xE4, 0xB7, 0xFE, 0x83, 0x5F, 0xCC, 0xEF, 0xC3, 0x7D, 0x05, 
0xA6, 0xB9, 0xBC, 0xDE, 0xBF, 0xBC, 0xFE, 0xDA, 0xBA, 0xF3, 0x3F, 0xEF, 0xF3, 0x57, 0xF4, 0xC4, 
0xAD, 0xE7, 0x5A, 0xF9, 0x6F, 0xFF, 0x00, 0x2D, 0x6B, 0xF0, 0x4F, 0xE2, 0xBF, 0xC2, 0x26, 0xF8, 
0x2D, 0xFB, 0x4F, 0xFC, 0x48, 0xF0, 0xD9, 0x87, 0xCB, 0x8F, 0x4B, 0xF1, 0x25, 0xD5, 0xD4, 0x2B, 
0xFF, 0x00, 0x4C, 0x66, 0x93, 0xCF, 0x8F, 0xFF, 0x00, 0x46, 0x57, 0xEA, 0x5E, 0x1A, 0xD7, 0xA6, 
0xB1, 0x35, 0x69, 0x9F, 0x9F, 0x71, 0xA6, 0xD1, 0x91, 0xF9, 0x3F, 0xFF, 0x00, 0x05, 0x0E, 0xD0, 
0x1B, 0x41, 0xFD, 0xAE, 0x7C, 0x57, 0x1B, 0xAF, 0x97, 0xF6, 0x89, 0x62, 0x9A, 0x3F, 0xFB, 0x69, 
0x1D, 0x78, 0xDC, 0x75, 0xFB, 0xA9, 0xFB, 0x38, 0x7F, 0xC1, 0x1D, 0xBE, 0x1D, 0xFF, 0x00, 0xC1, 
0x49, 0x3F, 0x6C, 0x1D, 0x4B, 0x5B, 0xF8, 0x81, 0xAA, 0x6A, 0x56, 0xBA, 0x4E, 0x8F, 0xA0, 0xC2, 
0xBF, 0xD8, 0xFA, 0x6D, 0xCF, 0xD9, 0x9B, 0x52, 0x93, 0xCC, 0x68, 0xFE, 0xF2, 0xFC, 0xDE, 0x5A, 
0xFF, 0x00, 0xB1, 0x5F, 0x9C, 0xFF, 0x00, 0xF0, 0x5B, 0xCF, 0xD8, 0x97, 0xC0, 0xBF, 0xB0, 0x07, 
0xED, 0xEB, 0xE2, 0x4F, 0x00, 0xF8, 0x03, 0x58, 0xBA, 0xD4, 0xB4, 0x18, 0x2C, 0xEC, 0xEF, 0xA3, 
0x86, 0xF2, 0x6F, 0x3E, 0xF3, 0x4C, 0x9A, 0x68, 0xDB, 0xCC, 0xB6, 0x92, 0x4F, 0xF9, 0x68, 0xCB, 
0xB5, 0x64, 0xFF, 0x00, 0xB6, 0xEB, 0x5E, 0x2E, 0x7D, 0xFB, 0xAC, 0xC2, 0x54, 0x8F, 0xA5, 0xC9, 
0xF1, 0x0A, 0xAE, 0x0E, 0x9C, 0xA2, 0x7C, 0x87, 0x1D, 0x3A, 0x8A, 0x93, 0xCE, 0xFD, 0xCF, 0xC9, 
0x5C, 0xFC, 0xA7, 0x60, 0xD9, 0x2B, 0xBC, 0xFD, 0x92, 0xFC, 0x1D, 0xFF, 0x00, 0x09, 0xB7, 0xED, 
0x29, 0xE1, 0x3B, 0x3F, 0x2F, 0xCC, 0x8E, 0x2B, 0xE8, 0xEE, 0x64, 0xFF, 0x00, 0xAE, 0x6B, 0xFB, 
0xDA, 0xF3, 0xF7, 0x97, 0xFB, 0xF5, 0xF6, 0x3F, 0xFC, 0x12, 0xE7, 0xE0, 0xA4, 0xD6, 0xD1, 0x6B, 
0x5E, 0x3F, 0xBE, 0xB7, 0x68, 0xE1, 0x8A, 0x3F, 0xEC, 0xFD, 0x3F, 0xCC, 0xFF, 0x00, 0x96, 0xB2, 
0x7F, 0xCB, 0x46, 0xAF, 0x5B, 0x23, 0xC2, 0xFB, 0x6C, 0x5C, 0x62, 0x79, 0xF9, 0x8E, 0x2B, 0xEA, 
0xF8, 0x5A, 0x92, 0x3B, 0x4F, 0xDB, 0x93, 0x4D, 0x5F, 0xF8, 0x65, 0x2F, 0x17, 0x5D, 0x6D, 0xFD, 
0xDC, 0x5A, 0xA5, 0xBA, 0x47, 0xFF, 0x00, 0x7F, 0x96, 0xBF, 0x37, 0xDC, 0xE5, 0x8D, 0x7E, 0x94, 
0x7F, 0xC1, 0x4E, 0xAE, 0x7F, 0xE1, 0x03, 0xFD, 0x8C, 0xFC, 0x3F, 0x67, 0x27, 0x95, 0x1D, 0xE7, 
0x8D, 0xB5, 0xE9, 0x2E, 0xA3, 0x8F, 0xFE, 0x7A, 0xDA, 0xDB, 0xC7, 0xFB, 0xC6, 0xFF, 0x00, 0xBF, 
0xFB, 0x7F, 0xEF, 0xAA, 0xFC, 0xD8, 0x61, 0x9A, 0xE1, 0xE3, 0x8C, 0x45, 0x39, 0xE3, 0xB9, 0x69, 
0xFD, 0x90, 0xE1, 0x98, 0xFF, 0x00, 0xB2, 0x73, 0x48, 0x86, 0x8A, 0x0F, 0x14, 0x57, 0xC3, 0x9F, 
0x40, 0x14, 0x51, 0x45, 0x00, 0x15, 0x6F, 0x4D, 0xFF, 0x00, 0x8F, 0x83, 0xFE, 0xE3, 0x7F, 0xE8, 
0x35, 0x52, 0xA6, 0xB3, 0xDB, 0xE7, 0x7C, 0xDF, 0x76, 0xBA, 0x28, 0xFF, 0x00, 0x10, 0x1E, 0xC7, 
0xEB, 0x27, 0xC7, 0xBF, 0x09, 0x7F, 0x69, 0x7C, 0x22, 0xF1, 0x65, 0xBC, 0x71, 0xFC, 0xD2, 0xF8, 
0x76, 0x39, 0xE3, 0xFF, 0x00, 0xC0, 0x4A, 0xFC, 0xB7, 0x10, 0xFF, 0x00, 0xA4, 0x48, 0xBB, 0x5B, 
0x74, 0x55, 0xFB, 0x15, 0xE0, 0xDB, 0x3B, 0x5F, 0x1B, 0x7E, 0xCD, 0x5F, 0x07, 0xFC, 0x60, 0xB2, 
0x2D, 0xC5, 0x9F, 0x8D, 0xFC, 0x2B, 0x1E, 0x9F, 0xA8, 0x49, 0xFC, 0x3F, 0x6A, 0x85, 0x7C, 0x89, 
0x97, 0xFE, 0x03, 0x25, 0x6E, 0x7F, 0xC1, 0x13, 0xFF, 0x00, 0xE0, 0x81, 0xBF, 0x0A, 0xFF, 0x00, 
0x6B, 0x8F, 0x05, 0x7C, 0x40, 0xF1, 0x17, 0xC5, 0x89, 0xB5, 0x9D, 0x4A, 0x6D, 0x2F, 0x58, 0x93, 
0x48, 0xD2, 0xF4, 0xFD, 0x3F, 0x50, 0x6B, 0x47, 0xB2, 0x85, 0x57, 0xFE, 0x3E, 0xDB, 0x6F, 0xF1, 
0x37, 0xFC, 0xB3, 0xFE, 0x1A, 0xFD, 0x3B, 0x88, 0xFF, 0x00, 0x79, 0x81, 0xA5, 0x89, 0x89, 0xF1, 
0x39, 0x0D, 0x5F, 0x65, 0x88, 0xAB, 0x86, 0x99, 0xF8, 0xBF, 0xFF, 0x00, 0x4D, 0x3F, 0xD6, 0x47, 
0x52, 0x24, 0x35, 0xE9, 0x1F, 0xB6, 0x17, 0xC1, 0xCD, 0x1F, 0xF6, 0x79, 0xFD, 0xAD, 0x3E, 0x25, 
0x78, 0x07, 0xC3, 0xDA, 0xBF, 0xF6, 0xF6, 0x87, 0xE1, 0x5F, 0x10, 0x5E, 0x69, 0x56, 0x3A, 0x97, 
0xCB, 0x27, 0xDA, 0xE1, 0x86, 0x6F, 0x2D, 0x5B, 0xF7, 0x75, 0xC0, 0xFD, 0x9A, 0xBE, 0x4E, 0x84, 
0xAF, 0x4C, 0xFA, 0x49, 0x7B, 0x92, 0x21, 0xF2, 0x7E, 0x7A, 0xB1, 0xE4, 0xF9, 0x29, 0x4E, 0xB6, 
0x4F, 0x39, 0x3E, 0xED, 0x6A, 0x69, 0x3A, 0x05, 0xE6, 0xB7, 0xA9, 0x5A, 0xE9, 0xB6, 0x16, 0xBF, 
0x6A, 0xD4, 0xAF, 0xE6, 0x8E, 0xDA, 0xD6, 0x18, 0xE3, 0xFD, 0xEB, 0xB4, 0x92, 0x7E, 0xEE, 0xBA, 
0x28, 0xE1, 0xFD, 0xA3, 0x27, 0x9E, 0xDA, 0x9F, 0x63, 0xFF, 0x00, 0xC1, 0x38, 0x7E, 0x1E, 0xFD, 
0x93, 0xE0, 0x0E, 0xA9, 0xAA, 0x3C, 0x3F, 0x36, 0xB3, 0xAA, 0xB2, 0x47, 0xBB, 0xFD, 0x9F, 0x96, 
0xBF, 0x41, 0x7F, 0xE0, 0x8B, 0x7E, 0x0C, 0xFB, 0x4F, 0xFC, 0x15, 0x13, 0x47, 0xBA, 0x4F, 0xF9, 
0x82, 0xF8, 0x4E, 0xF1, 0xA4, 0xFF, 0x00, 0xB6, 0x92, 0x45, 0x17, 0xFE, 0xD3, 0xAF, 0x2D, 0xF8, 
0x67, 0xFB, 0x3F, 0xAF, 0xC0, 0xBF, 0x83, 0x5E, 0x1C, 0xF0, 0x7F, 0xEE, 0x7C, 0xED, 0x2E, 0xC6, 
0x3F, 0xB5, 0x49, 0xFD, 0xFB, 0xA9, 0x3F, 0xD6, 0x57, 0xDB, 0x9F, 0xF0, 0x41, 0xFF, 0x00, 0x82, 
0x0B, 0x3F, 0xC4, 0xBF, 0x89, 0x1F, 0x12, 0x2E, 0x21, 0xFD, 0xDC, 0x4B, 0x0F, 0x87, 0xB4, 0xF6, 
0xFF, 0x00, 0xA6, 0x71, 0xFE, 0xF6, 0x6F, 0xFD, 0x19, 0x5F, 0xA2, 0x67, 0x7C, 0xB8, 0x4C, 0x83, 
0xD9, 0x1F, 0x9D, 0xE1, 0xB1, 0x1F, 0x5A, 0xCE, 0x79, 0xA2, 0x7E, 0x9C, 0x7F, 0xAA, 0xAF, 0xC8, 
0xFF, 0x00, 0xF8, 0x3C, 0x3F, 0xFE, 0x4C, 0x1B, 0xE1, 0x9F, 0xFD, 0x94, 0x09, 0x3F, 0xF4, 0xCB, 
0xA8, 0x57, 0xEB, 0x47, 0x9F, 0x5F, 0x87, 0xBF, 0xF0, 0x79, 0xD7, 0xC6, 0xA9, 0xAC, 0x3C, 0x09, 
0xF0, 0x5F, 0xC0, 0x71, 0xB2, 0x98, 0x2E, 0x26, 0xD5, 0x3C, 0x43, 0x37, 0xFD, 0x74, 0x86, 0x34, 
0xB4, 0x8F, 0xFF, 0x00, 0x4B, 0x24, 0xFF, 0x00, 0xBF, 0x75, 0xF8, 0x6C, 0xCF, 0xD5, 0x29, 0x1F, 
0xCF, 0x6D, 0x49, 0x51, 0xD1, 0x59, 0x9A, 0x1F, 0x5B, 0x7F, 0xC1, 0x22, 0xFF, 0x00, 0x6F, 0x39, 
0xBF, 0x61, 0x1F, 0xDA, 0xAE, 0xC7, 0x58, 0xBE, 0x69, 0x6E, 0x3C, 0x1D, 0xE2, 0x08, 0xD7, 0x4A, 
0xF1, 0x25, 0xAF, 0xDE, 0xF3, 0x6D, 0x5B, 0xFE, 0x5A, 0x7F, 0xC0, 0x3F, 0xF4, 0x1D, 0xD5, 0xED, 
0x5F, 0xF0, 0x59, 0x1F, 0xF8, 0x26, 0x2C, 0x7F, 0x07, 0x35, 0xDF, 0xF8, 0x5C, 0x5F, 0x0C, 0xE3, 
0xFE, 0xDE, 0xF8, 0x47, 0xE3, 0x56, 0xFE, 0xD2, 0x8E, 0xE2, 0xCF, 0xE6, 0x8B, 0x47, 0x92, 0x6F, 
0x99, 0x97, 0xFE, 0xB8, 0x36, 0xEF, 0xDD, 0xFF, 0x00, 0x76, 0xBF, 0x39, 0xED, 0xA6, 0x68, 0x6E, 
0x37, 0x2F, 0xCA, 0xD5, 0xF7, 0x1F, 0xFC, 0x13, 0x7F, 0xFE, 0x0B, 0x1D, 0xE2, 0x4F, 0xD8, 0xE3, 
0x4A, 0x6F, 0x05, 0xF8, 0xB7, 0x4B, 0x4F, 0x88, 0x1F, 0x0A, 0xF5, 0x2F, 0xDD, 0x5D, 0x68, 0xB7, 
0x5F, 0xEB, 0x6D, 0x23, 0xFE, 0x2F, 0xB3, 0x6E, 0xF9, 0x7F, 0xE0, 0x3F, 0xFA, 0x0D, 0x7B, 0x18, 
0x5C, 0x55, 0x39, 0xD3, 0xF6, 0x35, 0x8E, 0x0C, 0x55, 0x19, 0xC2, 0x7E, 0xDA, 0x91, 0xF0, 0xD4, 
0xB0, 0xB4, 0x2F, 0xB5, 0x95, 0xA3, 0x6A, 0x8F, 0x6E, 0xFA, 0xFD, 0x5A, 0xFF, 0x00, 0x82, 0x9F, 
0x7F, 0xC1, 0x3D, 0x3E, 0x02, 0xDA, 0x7E, 0xC5, 0x16, 0x3F, 0xB4, 0x57, 0xC2, 0xFB, 0xAD, 0x73, 
0xC2, 0x76, 0x3E, 0x2A, 0xD4, 0x2D, 0x6D, 0x74, 0x7D, 0x06, 0xEA, 0x1D, 0xB6, 0xF7, 0x72, 0x4D, 
0x27, 0xEF, 0xBC, 0xB8, 0xDB, 0xE6, 0x5D, 0x91, 0xEE, 0x6F, 0x97, 0xFB, 0xB5, 0xF9, 0x53, 0x37, 
0xFA, 0xE6, 0xAE, 0x1C, 0x56, 0x19, 0xD2, 0x97, 0x29, 0xB6, 0x1B, 0x13, 0x1A, 0xD1, 0xE6, 0x89, 
0x0D, 0x15, 0x25, 0x3D, 0xAC, 0xE6, 0xDB, 0xBB, 0xC9, 0x6D, 0xBF, 0xEE, 0xD7, 0x29, 0xD2, 0x41, 
0x45, 0x14, 0x50, 0x01, 0x45, 0x14, 0x50, 0x01, 0x45, 0x18, 0xA2, 0x80, 0x0A, 0x28, 0xA2, 0x80, 
0x0A, 0x28, 0xA2, 0x80, 0x0A, 0x29, 0xDE, 0x5D, 0x4C, 0x96, 0x13, 0x32, 0x6E, 0xF2, 0x5F, 0xCB, 
0xAA, 0xE5, 0x60, 0x47, 0x4E, 0x8F, 0x9A, 0xE8, 0xBC, 0x0D, 0xF0, 0xAF, 0x5E, 0xF8, 0x8B, 0xAA, 
0x2D, 0x9E, 0x87, 0xA4, 0xEA, 0x9A, 0xC5, 0xD3, 0x7D, 0xD8, 0x6C, 0x6D, 0x5A, 0xE5, 0xBF, 0xF1, 
0xDA, 0xFB, 0x5F, 0xF6, 0x5D, 0xFF, 0x00, 0x83, 0x7C, 0xBE, 0x39, 0xFC, 0x7D, 0x68, 0x6F, 0x35, 
0x8D, 0x26, 0xD7, 0xE1, 0xFE, 0x83, 0xF7, 0xA6, 0xD4, 0x35, 0xC6, 0xF9, 0x91, 0x7F, 0xEB, 0x8A, 
0xFF, 0x00, 0xEC, 0xCD, 0x5D, 0x94, 0x70, 0x35, 0xA5, 0xF0, 0x98, 0xCB, 0x15, 0x4E, 0x9F, 0xC4, 
0x7C, 0x27, 0xA4, 0xE8, 0xD7, 0x1A, 0x9D, 0xE4, 0x71, 0xC3, 0x0B, 0x4D, 0x24, 0x8D, 0xB6, 0x35, 
0x55, 0xFB, 0xCD, 0xFD, 0xDA, 0xFD, 0x5F, 0xFF, 0x00, 0x82, 0x67, 0x7F, 0xC1, 0x2E, 0xBC, 0x37, 
0xFB, 0x2C, 0x7C, 0x34, 0xFF, 0x00, 0x86, 0x90, 0xFD, 0xA7, 0x19, 0x7C, 0x3D, 0xE1, 0x7F, 0x0C, 
0xED, 0xBE, 0xD1, 0x7C, 0x3B, 0x78, 0x9F, 0xE9, 0x5A, 0x84, 0xDF, 0xF2, 0xC6, 0x56, 0x8F, 0xF8, 
0x9B, 0x77, 0xFA, 0xB8, 0x7F, 0xBD, 0xFE, 0xD5, 0x7A, 0x05, 0x8F, 0x87, 0x3F, 0x63, 0xAF, 0xF8, 
0x22, 0xC5, 0x8B, 0x5E, 0x6A, 0x9A, 0xA4, 0x3F, 0x18, 0xFE, 0x30, 0xD9, 0xC3, 0xBA, 0x1B, 0x58, 
0x23, 0x8E, 0xE7, 0xEC, 0x93, 0x7F, 0xE8, 0xBB, 0x75, 0xAF, 0x83, 0x7F, 0x6B, 0x7F, 0xDB, 0x57, 
0xE3, 0x47, 0xFC, 0x15, 0x7B, 0xE2, 0xA4, 0xD2, 0x36, 0x97, 0xAC, 0xEA, 0x5A, 0x7E, 0x8D, 0x1B, 
0x4F, 0x67, 0xE1, 0xFF, 0x00, 0x0E, 0xD9, 0xCD, 0x77, 0x6B, 0xA3, 0xC3, 0xFD, 0xEF, 0x2D, 0x7E, 
0xF3, 0x7F, 0xD3, 0x4F, 0xFB, 0xE6, 0xBA, 0x79, 0x68, 0xE1, 0x7D, 0xFA, 0x9F, 0x11, 0xC3, 0xCD, 
0x57, 0x12, 0xF9, 0x61, 0xF0, 0x9C, 0xF7, 0xFC, 0x14, 0xE3, 0xFE, 0x0A, 0x0F, 0xE2, 0x0F, 0xF8, 
0x28, 0x2F, 0xC7, 0xFB, 0xAF, 0x13, 0x6A, 0x4B, 0x36, 0x9B, 0xA2, 0x58, 0x79, 0x96, 0xDA, 0x26, 
0x8E, 0xB2, 0x7C, 0xBA, 0x7D, 0xAF, 0xFB, 0x5F, 0xF4, 0xD9, 0xBF, 0xE5, 0xA5, 0x7C, 0xC4, 0x07, 
0x99, 0x5D, 0x07, 0x8A, 0xBC, 0x0B, 0xAB, 0x78, 0x4F, 0x58, 0x92, 0xC7, 0x50, 0xD3, 0xEE, 0xF4, 
0xFB, 0xE8, 0xFE, 0xFD, 0xAD, 0xC5, 0xBB, 0x43, 0x3A, 0x7F, 0xDB, 0x36, 0xF9, 0xAB, 0x0D, 0xA2, 
0x92, 0x26, 0xF9, 0x83, 0x2D, 0x79, 0x92, 0xC4, 0x7D, 0x62, 0x5C, 0xC8, 0xF4, 0xA3, 0x87, 0xF6, 
0x51, 0xE5, 0x89, 0x0D, 0x14, 0x51, 0x59, 0x94, 0x14, 0x51, 0x45, 0x00, 0x14, 0x51, 0x45, 0x00, 
0x3A, 0x1F, 0xBF, 0x5F, 0xD2, 0x37, 0xFC, 0x1A, 0x1D, 0xFB, 0x66, 0x43, 0xF1, 0x2F, 0xF6, 0x3B, 
0xF1, 0x27, 0xC1, 0xBB, 0xFB, 0xA8, 0xFF, 0x00, 0xB6, 0x3E, 0x1E, 0x5F, 0x49, 0x7D, 0xA7, 0xC2, 
0xDF, 0x7A, 0x5D, 0x3E, 0xEE, 0x4D, 0xDF, 0xF8, 0xEC, 0xFE, 0x65, 0x7F, 0x37, 0x31, 0xD7, 0xBD, 
0x7E, 0xC0, 0x7F, 0xB6, 0xF7, 0x8B, 0xBF, 0xE0, 0x9F, 0x3F, 0xB4, 0xA7, 0x87, 0xFE, 0x24, 0xF8, 
0x3A, 0x64, 0x3A, 0x86, 0x96, 0xDE, 0x55, 0xD5, 0xA4, 0xD2, 0x6D, 0xB7, 0xD4, 0xED, 0x64, 0xFF, 
0x00, 0x5D, 0x6B, 0x27, 0xFB, 0x2D, 0xFD, 0xEF, 0xE1, 0x6A, 0x00, 0xFE, 0xD3, 0x34, 0xAB, 0xFF, 
0x00, 0x3B, 0xF7, 0x7B, 0xBF, 0x79, 0x5F, 0x9F, 0x9F, 0xF0, 0x57, 0xEF, 0xD9, 0x9D, 0xB4, 0x7F, 
0x88, 0x7A, 0x3F, 0xC5, 0xCD, 0x36, 0xDF, 0xCC, 0xB1, 0xB8, 0xB7, 0x8F, 0x48, 0xF1, 0x06, 0xDF, 
0xE1, 0xFF, 0x00, 0x9E, 0x33, 0xFF, 0x00, 0xED, 0x3A, 0xFA, 0x5F, 0xF6, 0x16, 0xFD, 0xB9, 0xFC, 
0x07, 0xFF, 0x00, 0x05, 0x0D, 0xF8, 0x03, 0xA6, 0xF8, 0xFB, 0xE1, 0xFE, 0xA0, 0xAC, 0xAD, 0x1E, 
0xDD, 0x53, 0x4D, 0x92, 0x4F, 0xF4, 0xAD, 0x1E, 0xEB, 0xFE, 0x5A, 0x43, 0x34, 0x75, 0xEB, 0x9E, 
0x25, 0xD0, 0x34, 0xDF, 0x89, 0x1E, 0x18, 0xBC, 0xD0, 0x75, 0x9B, 0x5B, 0x7B, 0xEB, 0x1B, 0xF8, 
0x64, 0x82, 0xEA, 0x19, 0xBE, 0xEC, 0xB1, 0xC9, 0x5E, 0xDE, 0x49, 0x98, 0xD4, 0xC1, 0x62, 0xA3, 
0x89, 0x89, 0xF3, 0xF9, 0xCE, 0x5B, 0xF5, 0x9A, 0x3C, 0xA7, 0xE3, 0xBD, 0xB7, 0xC2, 0xC8, 0x7E, 
0x20, 0xF8, 0x6E, 0xE3, 0x4B, 0x7D, 0x7B, 0xC4, 0x1E, 0x11, 0xBC, 0xBC, 0x8F, 0xFD, 0x17, 0x5E, 
0xD0, 0xEE, 0xA4, 0xB4, 0xBC, 0xD3, 0xE4, 0xFF, 0x00, 0x96, 0x6C, 0xB2, 0x47, 0x5F, 0x8F, 0x7F, 
0xF0, 0x50, 0x4F, 0xD8, 0xBF, 0xE2, 0x87, 0xEC, 0xCF, 0xF1, 0x77, 0x52, 0xBC, 0xF1, 0xF4, 0x9A, 
0xA7, 0x88, 0x17, 0x54, 0xB8, 0xDD, 0x1F, 0x89, 0xA6, 0x9A, 0x4B, 0xB8, 0x35, 0x8F, 0xFA, 0x69, 
0xE7, 0x48, 0xCC, 0xDB, 0xBF, 0xDE, 0xAF, 0xDF, 0x8F, 0xDA, 0x0F, 0xF6, 0x2A, 0xF1, 0x27, 0xEC, 
0xA9, 0x7F, 0x35, 0xC5, 0x85, 0xBD, 0xD7, 0x88, 0xBC, 0x13, 0xF7, 0xA1, 0xB8, 0x86, 0x3F, 0x32, 
0xE3, 0x4F, 0x8F, 0xFB, 0xAD, 0xFF, 0x00, 0xC7, 0x2B, 0xCE, 0x75, 0xBD, 0x7B, 0x47, 0xF1, 0x9F, 
0x84, 0x5B, 0x49, 0xD5, 0xAD, 0xF4, 0xDD, 0x73, 0x4B, 0xB8, 0x8F, 0x6C, 0xD6, 0x7A, 0x84, 0x7E, 
0x64, 0x5F, 0xF7, 0xEE, 0x4A, 0xFD, 0x57, 0x19, 0x85, 0xC1, 0xE7, 0x74, 0xFE, 0xB1, 0x47, 0xE2, 
0x3E, 0x07, 0x03, 0x9A, 0x62, 0xB2, 0x9A, 0xDE, 0xC6, 0xBF, 0xC2, 0x7F, 0x39, 0x2F, 0x04, 0x9F, 
0xC7, 0xFB, 0xB9, 0x3F, 0xE7, 0x9D, 0x09, 0x0B, 0x4C, 0xBF, 0x25, 0x7E, 0xCD, 0xF8, 0xF7, 0xFE, 
0x09, 0x89, 0xFB, 0x3D, 0x78, 0xD2, 0xFE, 0x4B, 0xA8, 0xFC, 0x2D, 0x79, 0xA1, 0x49, 0xBB, 0xF7, 
0x91, 0xE9, 0xDA, 0x83, 0x43, 0x17, 0xFD, 0xFB, 0xA9, 0xBC, 0x07, 0xFF, 0x00, 0x04, 0xF6, 0xF8, 
0x17, 0xF0, 0xB2, 0xFD, 0x6F, 0x34, 0xDF, 0x06, 0xFF, 0x00, 0x6A, 0x5E, 0x41, 0xF3, 0xAC, 0xDA, 
0xBD, 0xD3, 0x5C, 0xED, 0xFF, 0x00, 0xB6, 0x6D, 0x5E, 0x24, 0x78, 0x52, 0xBF, 0x37, 0xBD, 0x23, 
0xE9, 0xBF, 0xD6, 0xEC, 0x24, 0xE9, 0xFB, 0xA7, 0xE7, 0x2F, 0xEC, 0x73, 0xFF, 0x00, 0x04, 0xF8, 
0xF1, 0x57, 0xED, 0x25, 0xAA, 0xC3, 0xAB, 0x5E, 0x43, 0x71, 0xA1, 0xF8, 0x36, 0xDE, 0x48, 0xFE, 
0xD5, 0xAA, 0x4D, 0x1E, 0xDD, 0xFF, 0x00, 0xF4, 0xCE, 0x1F, 0xF9, 0xE9, 0x25, 0x7E, 0x9E, 0xFC, 
0x13, 0xFD, 0x9A, 0xA4, 0xF8, 0x83, 0xE2, 0x1F, 0x0F, 0xFC, 0x37, 0xF0, 0x75, 0x8F, 0xD8, 0x74, 
0xDB, 0x78, 0xE3, 0x83, 0xFD, 0x9B, 0x48, 0x63, 0xFF, 0x00, 0x59, 0x34, 0x92, 0x7F, 0xE4, 0x4A, 
0xF4, 0xCF, 0x00, 0xFC, 0x1C, 0xF1, 0x57, 0xED, 0x03, 0xE2, 0x2B, 0x7D, 0x1F, 0xC2, 0xBA, 0x3B, 
0x5D, 0x43, 0x17, 0xEE, 0xBF, 0x73, 0x0F, 0x97, 0x6B, 0x65, 0x1F, 0xFE, 0x8A, 0xAF, 0x15, 0xFF, 
0x00, 0x82, 0xB2, 0xFF, 0x00, 0xC1, 0x43, 0x7C, 0x23, 0xFF, 0x00, 0x04, 0xDF, 0xF8, 0x2B, 0xAF, 
0x7C, 0x08, 0xF8, 0x4D, 0xAD, 0x5B, 0xF8, 0x83, 0xE2, 0xFF, 0x00, 0x8B, 0x6D, 0xBE, 0xCD, 0xE3, 
0x4F, 0x13, 0x58, 0x49, 0xF2, 0x78, 0x76, 0xD6, 0x4F, 0xBD, 0x65, 0x0B, 0x7F, 0xCF, 0x76, 0x5F, 
0xFB, 0xF6, 0xB5, 0xD3, 0x8A, 0xCC, 0x30, 0x79, 0x2E, 0x17, 0x96, 0x84, 0xB9, 0xAB, 0x48, 0xF2, 
0xE9, 0x47, 0x19, 0x9B, 0xD6, 0xF7, 0xA3, 0xCB, 0x4C, 0xF8, 0x2F, 0xFE, 0x0B, 0x5D, 0xFB, 0x54, 
0xE8, 0x3F, 0x1E, 0x3F, 0x6A, 0x7B, 0xAD, 0x07, 0xC1, 0x33, 0x79, 0xDE, 0x05, 0xF8, 0x6F, 0x6A, 
0xBE, 0x16, 0xD0, 0xA4, 0x8D, 0xFE, 0x4B, 0x95, 0x83, 0xFE, 0x3E, 0x2E, 0xFF, 0x00, 0xED, 0xBC, 
0xFF, 0x00, 0xF8, 0xEC, 0x31, 0xFF, 0x00, 0x7A, 0xBE, 0x2A, 0x53, 0x83, 0x4F, 0xB8, 0x9A, 0x49, 
0x9F, 0x75, 0x42, 0x06, 0x6B, 0xF2, 0xBC, 0x46, 0x22, 0xA5, 0x7A, 0x9E, 0xD2, 0xA1, 0xFA, 0x36, 
0x1E, 0x84, 0x69, 0x53, 0xF6, 0x71, 0x1B, 0x45, 0x14, 0x57, 0x29, 0xB0, 0x51, 0x45, 0x14, 0x00, 
0x53, 0x81, 0xFB, 0xD4, 0xDA, 0x92, 0x80, 0x3F, 0x5B, 0xBF, 0xE0, 0x84, 0x5F, 0x12, 0xAD, 0xFF, 
0x00, 0x6A, 0x2F, 0xD9, 0xB7, 0xC6, 0xFF, 0x00, 0xB3, 0xCD, 0xFD, 0xC2, 0xC7, 0xE2, 0xAF, 0x0F, 
0xC9, 0x27, 0x8B, 0xBC, 0x13, 0xE6, 0x7F, 0xCB, 0xC7, 0xFC, 0xFE, 0xDA, 0xAF, 0xFE, 0x85, 0xFF, 
0x00, 0x02, 0xAE, 0x8B, 0xE3, 0x5F, 0xEC, 0xED, 0xE3, 0x0F, 0x19, 0x78, 0x4A, 0xFA, 0xF3, 0xE1, 
0xBF, 0x8C, 0xBC, 0x4D, 0xE0, 0x7F, 0x16, 0x79, 0x7B, 0x6E, 0xAD, 0xF4, 0xFD, 0x62, 0x6D, 0x35, 
0x75, 0x28, 0xFF, 0x00, 0xE7, 0x8B, 0x79, 0x72, 0x57, 0xE5, 0x8F, 0xEC, 0xED, 0xF1, 0xD7, 0xC4, 
0x7F, 0xB3, 0x57, 0xC6, 0x9F, 0x0E, 0x78, 0xEB, 0xC2, 0x57, 0xDF, 0xD9, 0xBE, 0x24, 0xF0, 0xBD, 
0xE4, 0x77, 0xD6, 0x17, 0x1F, 0xDC, 0x65, 0xFE, 0xF7, 0xFB, 0x2C, 0xBB, 0x95, 0xBF, 0xD9, 0x6A, 
0xFD, 0xFE, 0xF8, 0x23, 0xE2, 0xDF, 0x05, 0xFF, 0x00, 0xC1, 0x5C, 0x3E, 0x14, 0x37, 0xC4, 0xEF, 
0x84, 0x32, 0x58, 0x69, 0xBF, 0x12, 0xAD, 0xE3, 0x8D, 0xBC, 0x65, 0xE0, 0x79, 0x26, 0x8E, 0x39, 
0xD2, 0x6D, 0xBF, 0x34, 0xD0, 0xFF, 0x00, 0xD3, 0x29, 0x7F, 0xE7, 0xA5, 0x7D, 0xEF, 0x0D, 0xE7, 
0x74, 0x7D, 0x9F, 0xD4, 0x31, 0x9F, 0x0C, 0x8F, 0x8C, 0xCF, 0x72, 0xCA, 0xD4, 0xAB, 0x7D, 0x77, 
0x08, 0x7E, 0x07, 0x78, 0xF7, 0xE1, 0x97, 0x88, 0xBE, 0x15, 0xF8, 0xBE, 0xF3, 0x49, 0xF1, 0x2E, 
0x9F, 0x7D, 0xA6, 0x6A, 0x91, 0x49, 0x27, 0x9D, 0x1D, 0xD4, 0x7F, 0x3F, 0xFB, 0xDB, 0xBF, 0x8B, 
0xFD, 0xEA, 0xA1, 0x6D, 0x0F, 0xFD, 0x34, 0x5F, 0xFB, 0xF9, 0x5F, 0xB8, 0x1F, 0x11, 0xFE, 0x0F, 
0x78, 0x67, 0xE2, 0x92, 0xB6, 0x83, 0xF1, 0x13, 0xC2, 0x76, 0xBA, 0xA5, 0xD5, 0x94, 0x9B, 0x64, 
0x86, 0xFA, 0x1F, 0x2A, 0xE2, 0xDE, 0x4A, 0xF3, 0x7F, 0xF8, 0x75, 0x27, 0xC0, 0x1B, 0xFB, 0xBF, 
0x3B, 0xFE, 0x11, 0xFD, 0x52, 0x35, 0xFF, 0x00, 0x9E, 0x31, 0xEA, 0x93, 0x6D, 0xFF, 0x00, 0xD1, 
0x95, 0xF4, 0x52, 0xE1, 0x77, 0xF1, 0x61, 0xA5, 0xCD, 0x13, 0x92, 0x3C, 0x4D, 0x4B, 0xFE, 0x62, 
0x7E, 0x23, 0xF2, 0x67, 0x44, 0xD0, 0xE6, 0xD6, 0xF5, 0x1B, 0x7B, 0x1B, 0x08, 0x6E, 0x2F, 0xAF, 
0xAF, 0x24, 0xF2, 0xA1, 0xB7, 0x86, 0x3F, 0x31, 0x9B, 0xFD, 0xD8, 0xEB, 0xF5, 0x0F, 0xFE, 0x09, 
0x91, 0xFF, 0x00, 0x04, 0xC2, 0x9B, 0xE0, 0x3B, 0x5B, 0xFC, 0x4B, 0xF8, 0x93, 0x66, 0xBF, 0xF0, 
0x93, 0x79, 0x3E, 0x6E, 0x8B, 0xA2, 0xC9, 0xFF, 0x00, 0x30, 0xDD, 0xDF, 0xF2, 0xDE, 0x4F, 0xF6, 
0xAB, 0xE8, 0x5F, 0x82, 0x7F, 0xB3, 0x87, 0xC3, 0x1F, 0xD9, 0xFD, 0x3C, 0xCF, 0x05, 0xF8, 0x37, 
0x4B, 0xD1, 0xEE, 0xA4, 0xFF, 0x00, 0x59, 0x79, 0x34, 0x7E, 0x7D, 0xC7, 0xFD, 0xFC, 0x92, 0xBD, 
0x1A, 0xC2, 0xEB, 0x50, 0xF1, 0x9E, 0xB6, 0xBA, 0x6E, 0x93, 0x6B, 0x75, 0xAE, 0x6A, 0x93, 0xFF, 
0x00, 0xAB, 0xB7, 0xB7, 0x8F, 0xCC, 0x95, 0xFF, 0x00, 0xEB, 0xA5, 0x7A, 0xD9, 0x7E, 0x4F, 0x87, 
0xC1, 0x7E, 0xFB, 0x12, 0x78, 0xF9, 0xA7, 0x12, 0x55, 0xC4, 0x7E, 0xE3, 0x0C, 0x71, 0x3E, 0x30, 
0xF0, 0xDE, 0xA1, 0xE2, 0xDD, 0x62, 0x3B, 0x1D, 0x36, 0xD7, 0xED, 0x5A, 0xC6, 0xB3, 0x37, 0xD9, 
0xAC, 0x61, 0x8F, 0xFD, 0x6C, 0xB2, 0x49, 0x5F, 0xAA, 0x9F, 0xB2, 0x2F, 0xEC, 0xF1, 0x67, 0xFB, 
0x2D, 0x7E, 0xCF, 0xFA, 0x0F, 0x84, 0xED, 0x76, 0xC9, 0x71, 0x6F, 0x0F, 0x9F, 0x79, 0x37, 0xFC, 
0xFC, 0x4C, 0xDF, 0x34, 0x92, 0x57, 0x98, 0xFE, 0xC4, 0xFF, 0x00, 0xB0, 0xAF, 0xFC, 0x2A, 0x3D, 
0x41, 0x7C, 0x61, 0xE3, 0x1F, 0x22, 0xEB, 0xC5, 0x52, 0xC7, 0xFE, 0x8B, 0x6E, 0xBF, 0xEA, 0xB4, 
0xC8, 0xFF, 0x00, 0xF8, 0xAA, 0xFA, 0x52, 0xE7, 0xCC, 0x99, 0xFE, 0x4A, 0xF8, 0x7E, 0x2E, 0xE2, 
0x5F, 0xAF, 0xD5, 0xF6, 0x34, 0x3E, 0x18, 0x9E, 0xD7, 0x0A, 0xE4, 0x95, 0x30, 0xD1, 0xF6, 0xF5, 
0xFE, 0x22, 0x64, 0x9F, 0xCE, 0x7A, 0xFE, 0x4F, 0xBF, 0xE0, 0xE3, 0xFF, 0x00, 0xDB, 0x82, 0xDF, 
0xF6, 0xC9, 0xFF, 0x00, 0x82, 0x93, 0x78, 0xBA, 0x4D, 0x16, 0xE2, 0x2B, 0xCF, 0x0D, 0xF8, 0x16, 
0x35, 0xF0, 0x76, 0x97, 0x34, 0x2D, 0xF2, 0xCD, 0x1D, 0xB3, 0x48, 0xD3, 0x49, 0xFF, 0x00, 0x02, 
0xB9, 0x92, 0x65, 0xFF, 0x00, 0x69, 0x60, 0x8E, 0xBF, 0x5B, 0xBF, 0xE0, 0xE0, 0x7F, 0xF8, 0x2E, 
0x5E, 0x8B, 0xFB, 0x16, 0x7C, 0x36, 0xD6, 0xBE, 0x12, 0xFC, 0x35, 0xD6, 0x16, 0xFB, 0xE2, 0xE7, 
0x88, 0x6D, 0x7E, 0xCD, 0x7D, 0x79, 0x6B, 0x26, 0xE5, 0xF0, 0xBC, 0x2D, 0xF7, 0x99, 0xBF, 0xE9, 
0xBF, 0xFC, 0xF3, 0x5A, 0xFE, 0x63, 0xAF, 0xEE, 0xA4, 0xBF, 0xB9, 0x92, 0x69, 0xA4, 0x69, 0xA4, 
0x66, 0xF9, 0x99, 0xAB, 0xE1, 0xA5, 0x2E, 0x73, 0xEE, 0x21, 0xA1, 0x56, 0x80, 0x71, 0x45, 0x15, 
0x99, 0xA1, 0x22, 0x7C, 0xED, 0x5F, 0x43, 0x7F, 0xC1, 0x3B, 0xFF, 0x00, 0x61, 0xCF, 0x10, 0x7E, 
0xDD, 0xFF, 0x00, 0xB4, 0x9F, 0x87, 0xFC, 0x17, 0xA5, 0xC3, 0x71, 0x1E, 0x9B, 0x75, 0x32, 0xCF, 
0xAB, 0x5E, 0x47, 0xF7, 0x6C, 0x2C, 0xD5, 0xBF, 0x79, 0x27, 0xFE, 0xCA, 0xBF, 0xED, 0x7F, 0xBA, 
0xD5, 0xCF, 0xFE, 0xC5, 0xFF, 0x00, 0xB1, 0xBF, 0x8D, 0x3F, 0x6D, 0xEF, 0x8B, 0xB6, 0xDE, 0x11, 
0xF0, 0x6E, 0x9F, 0x25, 0xD5, 0xD1, 0x1E, 0x7D, 0xD5, 0xC4, 0xDF, 0x2D, 0xAE, 0x9F, 0x0F, 0xF1, 
0x4D, 0x34, 0x9F, 0xC2, 0xBF, 0xFA, 0x15, 0x7E, 0xAF, 0x78, 0xA6, 0xDA, 0x6F, 0xF8, 0x25, 0x77, 
0xEC, 0xCF, 0x27, 0xC2, 0xFF, 0x00, 0xD9, 0xFF, 0x00, 0xC3, 0x9A, 0xE7, 0x8D, 0x7E, 0x2E, 0x78, 
0xC2, 0x3D, 0xBA, 0xD7, 0x8A, 0x2C, 0xF4, 0xB9, 0x27, 0xFB, 0x3F, 0xEE, 0xF6, 0xEE, 0x8E, 0x4F, 
0xBB, 0x1F, 0xFD, 0x33, 0x5A, 0xF7, 0x32, 0xCC, 0xBF, 0xDA, 0x7E, 0xF2, 0x5F, 0x09, 0xE5, 0xE3, 
0xF3, 0x08, 0x53, 0xFD, 0xCC, 0x7E, 0x23, 0xE6, 0x2F, 0xF8, 0x38, 0x2F, 0xF6, 0xBC, 0xD1, 0x3C, 
0x6D, 0xF1, 0x77, 0xC3, 0xBF, 0x06, 0x7C, 0x07, 0x32, 0xC7, 0xE0, 0x5F, 0x83, 0x76, 0x7F, 0xD9, 
0x4B, 0x1D, 0xAF, 0xFA, 0x89, 0xAF, 0x3C, 0xBD, 0xB2, 0x7F, 0xDF, 0xA8, 0xFF, 0x00, 0x73, 0xFF, 
0x00, 0x7F, 0x2B, 0xF3, 0x82, 0x08, 0x64, 0xB9, 0x9B, 0x6C, 0x2A, 0xCC, 0xDF, 0xDD, 0xAF, 0xBA, 
0xFE, 0x13, 0x7F, 0xC1, 0x03, 0xFF, 0x00, 0x69, 0x6F, 0x8F, 0x7A, 0xAB, 0x5F, 0x5E, 0x78, 0x46, 
0x5D, 0x06, 0x1B, 0xA9, 0x37, 0x4D, 0xA8, 0x78, 0x8A, 0xF9, 0x63, 0x6F, 0x9B, 0xEF, 0x48, 0xCA, 
0xBB, 0xA4, 0x6A, 0xFA, 0x5F, 0xC3, 0xBF, 0xF0, 0x4C, 0x7F, 0xD9, 0x5F, 0xFE, 0x09, 0xB5, 0x63, 
0x6F, 0xE2, 0x0F, 0xDA, 0x23, 0xE2, 0x55, 0x87, 0x8D, 0x35, 0xAB, 0x7F, 0x9A, 0x1F, 0x0C, 0xE9, 
0x7F, 0xF1, 0xEF, 0x70, 0xDF, 0xF5, 0xC5, 0x77, 0x48, 0xDF, 0xF0, 0x2A, 0x31, 0x18, 0x57, 0x56, 
0xB7, 0x34, 0xBE, 0x12, 0x70, 0xF8, 0xAA, 0x54, 0x69, 0x7B, 0x38, 0x7B, 0xC7, 0xC7, 0x3F, 0xF0, 
0x4C, 0xCF, 0xF8, 0x24, 0xDF, 0x8D, 0xBF, 0xE0, 0xA0, 0x5E, 0x39, 0x86, 0xE1, 0x61, 0x93, 0x43, 
0xF8, 0x7F, 0x60, 0xFE, 0x66, 0xB1, 0xE2, 0x09, 0xA3, 0xFF, 0x00, 0x47, 0x8A, 0x35, 0xFB, 0xD1, 
0xC3, 0xFF, 0x00, 0x3D, 0x27, 0xFF, 0x00, 0xC7, 0x63, 0xFE, 0x2F, 0xEE, 0xD7, 0xD9, 0xDF, 0x10, 
0xBE, 0x1C, 0xFF, 0x00, 0xC1, 0x34, 0xFC, 0x0D, 0xAE, 0xDC, 0x78, 0x27, 0x50, 0xD5, 0x35, 0xC5, 
0xD5, 0x34, 0x36, 0xFB, 0x24, 0xDA, 0xB6, 0x9E, 0xD7, 0x72, 0x6F, 0x99, 0x7F, 0xD6, 0x7E, 0xFA, 
0x3F, 0xF5, 0x95, 0xF3, 0xFF, 0x00, 0xED, 0xE9, 0xFF, 0x00, 0x05, 0xDC, 0xF1, 0x47, 0xC7, 0x5F, 
0x0B, 0x49, 0xF0, 0xFF, 0x00, 0xE1, 0x2E, 0x92, 0x9F, 0x0A, 0x7E, 0x18, 0xC7, 0x1F, 0xD9, 0xA3, 
0xB3, 0xD3, 0xF6, 0xC7, 0x7F, 0x7F, 0x0F, 0xDD, 0xDA, 0xD2, 0x47, 0xFE, 0xA5, 0x7F, 0xE9, 0x9C, 
0x55, 0xF9, 0xE9, 0xF6, 0xC9, 0x09, 0xFB, 0xDF, 0x95, 0x1E, 0xDE, 0x8D, 0x1F, 0x76, 0x31, 0xE6, 
0x2F, 0xD8, 0x55, 0xAF, 0xEF, 0x4A, 0x5C, 0xA7, 0xEB, 0x44, 0x5F, 0xF0, 0x49, 0xDF, 0xD8, 0xFF, 
0x00, 0xF6, 0x80, 0xBF, 0xDD, 0xF0, 0xEF, 0xF6, 0x87, 0xB7, 0xB1, 0x92, 0x5F, 0xF9, 0x75, 0xD4, 
0x35, 0x08, 0x66, 0x6F, 0xFC, 0x7A, 0x3F, 0x32, 0xA2, 0xF1, 0x07, 0xFC, 0x1B, 0x55, 0xA7, 0xEA, 
0x87, 0xCC, 0xF0, 0xCF, 0xC7, 0x0F, 0x06, 0xDF, 0x79, 0xBF, 0xF2, 0xCE, 0xE2, 0x35, 0xFF, 0x00, 
0xD9, 0x64, 0x5A, 0xFC, 0xA1, 0x1A, 0x93, 0x27, 0xDE, 0x55, 0x6F, 0xF7, 0x96, 0xAC, 0xE8, 0xBE, 
0x30, 0xD4, 0x3C, 0x3F, 0x73, 0xE7, 0x59, 0x5E, 0xDD, 0xD8, 0xCD, 0xDA, 0x4B, 0x79, 0x9A, 0x16, 
0xFF, 0x00, 0xC7, 0x69, 0x7D, 0x73, 0x0F, 0xF6, 0xA0, 0x2F, 0xA8, 0xD7, 0x8F, 0xC3, 0x54, 0xFD, 
0x23, 0xF1, 0x3F, 0xFC, 0x1B, 0x3B, 0xF1, 0x52, 0xDB, 0x77, 0xF6, 0x3F, 0x8A, 0xBC, 0x07, 0xAC, 
0x7F, 0xCF, 0x3D, 0xB7, 0x13, 0x27, 0x9B, 0xFF, 0x00, 0x8F, 0x35, 0x72, 0x57, 0x3F, 0xF0, 0x6D, 
0xAF, 0xED, 0x1F, 0x0B, 0xFE, 0xE7, 0x43, 0xF0, 0xFD, 0xD2, 0xFF, 0x00, 0xD3, 0x1D, 0x5D, 0xBF, 
0xF8, 0xCD, 0x7C, 0x71, 0xA5, 0xFE, 0xD5, 0x5F, 0x12, 0x34, 0x29, 0x96, 0x4B, 0x3F, 0x1E, 0x78, 
0xCE, 0xD3, 0x6F, 0xFC, 0xF1, 0xD6, 0xEE, 0x7F, 0xF8, 0xE5, 0x77, 0x1A, 0x2F, 0xFC, 0x14, 0xCF, 
0xE3, 0x9F, 0x87, 0xE2, 0xF2, 0xED, 0x3E, 0x28, 0xF8, 0xD9, 0x55, 0x7F, 0xBD, 0xA9, 0x79, 0x9F, 
0xFA, 0x12, 0xD2, 0xF6, 0xB8, 0x4F, 0xE5, 0x2B, 0xD9, 0xE2, 0xD7, 0xDA, 0x3E, 0x81, 0x7F, 0xF8, 
0x37, 0x0B, 0xF6, 0x9C, 0x85, 0xFF, 0x00, 0xE4, 0x4F, 0xD3, 0xA4, 0xFF, 0x00, 0x77, 0x55, 0xFF, 
0x00, 0xED, 0x74, 0x27, 0xFC, 0x1B, 0x8B, 0xFB, 0x4F, 0xB7, 0xFC, 0xC9, 0x36, 0x3F, 0xF8, 0x35, 
0xFF, 0x00, 0xED, 0x75, 0xE3, 0x56, 0xDF, 0xF0, 0x57, 0x8F, 0xDA, 0x2A, 0xDB, 0xEE, 0x7C, 0x59, 
0xF1, 0x72, 0xFF, 0x00, 0xDB, 0x68, 0x7F, 0xF8, 0xDD, 0x4D, 0xFF, 0x00, 0x0F, 0x89, 0xFD, 0xA3, 
0xFF, 0x00, 0xE8, 0xAF, 0x78, 0xBB, 0xFE, 0xFE, 0x45, 0xFF, 0x00, 0xC4, 0xD3, 0xFF, 0x00, 0x62, 
0x27, 0x93, 0x1D, 0xFD, 0xD3, 0xDA, 0xED, 0xBF, 0xE0, 0xDA, 0xCF, 0xDA, 0x62, 0x6F, 0xBF, 0xE1, 
0x8D, 0x1E, 0x1F, 0xFA, 0xE9, 0xAC, 0xED, 0xFF, 0x00, 0xDA, 0x35, 0xAF, 0x63, 0xFF, 0x00, 0x06, 
0xCC, 0x7E, 0xD1, 0x57, 0x07, 0xFD, 0x22, 0x1F, 0x04, 0x69, 0xB0, 0xFF, 0x00, 0xCB, 0x49, 0x26, 
0xD6, 0x99, 0xBC, 0xAF, 0xFC, 0x83, 0x5F, 0x38, 0x5F, 0xFF, 0x00, 0xC1, 0x5A, 0xFF, 0x00, 0x68, 
0x8D, 0x41, 0x36, 0xDC, 0x7C, 0x58, 0xF1, 0x7C, 0x9F, 0xF6, 0xF0, 0xBF, 0xFC, 0x4D, 0x72, 0xDA, 
0xFF, 0x00, 0xFC, 0x14, 0x0F, 0xE3, 0x2F, 0x8A, 0xA4, 0x6F, 0xB7, 0x7C, 0x4A, 0xF1, 0xB4, 0x9B, 
0xBF, 0xE7, 0x8E, 0xAD, 0x24, 0x3F, 0xFA, 0x0D, 0x5C, 0x65, 0x81, 0x2B, 0x93, 0x1A, 0x7D, 0xC5, 
0xA3, 0xFF, 0x00, 0xC1, 0xB1, 0x3E, 0x3E, 0xD9, 0x1F, 0xF6, 0xE7, 0xC4, 0xAF, 0x87, 0x3A, 0x3F, 
0xFC, 0xF4, 0xFB, 0xD2, 0x6C, 0xFF, 0x00, 0xC7, 0x96, 0xBB, 0x2D, 0x1F, 0xFE, 0x0D, 0xC5, 0xF0, 
0x2F, 0x86, 0x2D, 0xBC, 0xEF, 0x12, 0x7E, 0xD0, 0x5E, 0x19, 0xB7, 0x8D, 0x3F, 0xD6, 0x7D, 0x9E, 
0xDA, 0x1E, 0x3F, 0xEF, 0xAD, 0xD5, 0xF9, 0x77, 0xAA, 0xFE, 0xD1, 0xDE, 0x3B, 0xD7, 0x17, 0x6D, 
0xF7, 0x8D, 0x3C, 0x59, 0x7A, 0xBF, 0xF4, 0xF5, 0xAD, 0x5C, 0xC9, 0xFF, 0x00, 0xB3, 0x57, 0x2F, 
0x7B, 0xE2, 0x0B, 0xAD, 0x46, 0xE5, 0xA6, 0x9E, 0x49, 0x2E, 0x26, 0x97, 0xFE, 0x5A, 0x4A, 0xDB, 
0x9A, 0xA7, 0xEB, 0x58, 0x48, 0xFD, 0x92, 0xE5, 0x86, 0xAE, 0xFE, 0xD1, 0xFA, 0xC2, 0xDF, 0xF0, 
0x4D, 0xCF, 0xD8, 0x77, 0xE0, 0x96, 0xA1, 0x22, 0xF8, 0xC3, 0xF6, 0x81, 0x6D, 0x72, 0xE2, 0x0F, 
0xF5, 0x96, 0xB6, 0x1A, 0x94, 0x30, 0xB7, 0xFD, 0xF2, 0xB1, 0xAD, 0x3D, 0x3E, 0x3A, 0xFF, 0x00, 
0xC1, 0x38, 0x3E, 0x01, 0x0F, 0x3B, 0x45, 0xF0, 0x4E, 0xB3, 0xE3, 0x6B, 0xEB, 0x3F, 0x99, 0x7C, 
0xFB, 0x69, 0xAE, 0x7C, 0xD6, 0xFF, 0x00, 0x7A, 0x6F, 0xDD, 0xD7, 0xE4, 0x87, 0xDB, 0x64, 0x3F, 
0xC5, 0xB7, 0xFD, 0xDA, 0x63, 0x4E, 0xD2, 0xFD, 0xF6, 0x66, 0xA9, 0xFE, 0xD2, 0xA7, 0xF6, 0x62, 
0x2F, 0xA8, 0xCA, 0x5F, 0x14, 0x8F, 0xD5, 0xBF, 0x18, 0xFF, 0x00, 0xC1, 0xC6, 0xDA, 0x4F, 0xC3, 
0xDD, 0x36, 0x4D, 0x37, 0xE1, 0x1F, 0xC1, 0x7F, 0x0A, 0xF8, 0x76, 0xDF, 0x6F, 0xEE, 0x6E, 0xB5, 
0x2D, 0xBB, 0x93, 0xFE, 0xD8, 0xC3, 0xBB, 0xFF, 0x00, 0x46, 0xD7, 0xC8, 0x7F, 0xB4, 0x4F, 0xFC, 
0x15, 0xDB, 0xE3, 0xD7, 0xED, 0x2B, 0x05, 0xC5, 0xBF, 0x88, 0xBE, 0x20, 0x6A, 0xD0, 0xE9, 0x77, 
0x47, 0xE6, 0xD3, 0x74, 0xB9, 0x3E, 0xC1, 0x6A, 0x9F, 0xEC, 0xFE, 0xEF, 0xE6, 0x65, 0xFF, 0x00, 
0x81, 0x57, 0xCB, 0xD5, 0xA5, 0xA0, 0xA4, 0x66, 0xFE, 0x15, 0x92, 0x3F, 0x39, 0x5B, 0xFE, 0x59, 
0xF9, 0x9B, 0x77, 0xFF, 0x00, 0xB3, 0x5C, 0xB5, 0xF3, 0x1A, 0xAF, 0xED, 0x1D, 0x14, 0x30, 0x34, 
0xA1, 0xD0, 0x86, 0xE3, 0xCE, 0x8F, 0xFD, 0x62, 0xFC, 0xAD, 0x5F, 0x5E, 0x7F, 0xC1, 0x20, 0xFF, 
0x00, 0xE0, 0xA8, 0x17, 0x9F, 0xF0, 0x4C, 0x2F, 0x8F, 0x17, 0x1E, 0x20, 0x6F, 0x0F, 0xDA, 0xF8, 
0x9B, 0x41, 0xF1, 0x05, 0x9A, 0xE9, 0xBA, 0xC5, 0x9B, 0x3F, 0x95, 0x3F, 0x93, 0xE6, 0x33, 0x2B, 
0x41, 0x27, 0xF0, 0xC9, 0xF3, 0x37, 0xDE, 0xAF, 0xD2, 0xFF, 0x00, 0xDB, 0x1B, 0xFE, 0x09, 0x2B, 
0xF0, 0x9F, 0xFE, 0x0A, 0x21, 0xFB, 0x00, 0xF8, 0x07, 0xE2, 0x17, 0xC0, 0x0D, 0x07, 0x4C, 0xF0, 
0xBF, 0x8C, 0xAC, 0xFC, 0x37, 0x0D, 0xCE, 0x9F, 0x0D, 0x9C, 0x3E, 0x45, 0xBF, 0x88, 0x21, 0x8D, 
0x7F, 0x79, 0x69, 0x37, 0xFD, 0x37, 0x8B, 0xF8, 0x5A, 0xBF, 0x08, 0xFC, 0x57, 0xE1, 0x6B, 0xEF, 
0x0A, 0xEB, 0xD7, 0x5A, 0x7E, 0xA1, 0x69, 0x3D, 0x9D, 0xF5, 0x94, 0xCD, 0x05, 0xC4, 0x13, 0x2E, 
0xD9, 0x62, 0x92, 0x36, 0xDA, 0xCA, 0xDF, 0xED, 0x6E, 0xAF, 0x9B, 0xA3, 0x99, 0xE1, 0xB3, 0x38, 
0xCE, 0x85, 0xF5, 0xF8, 0x64, 0x7A, 0x92, 0xC3, 0xCB, 0x0F, 0xFB, 0xC3, 0xFA, 0x79, 0xF0, 0x3F, 
0x8D, 0x7F, 0x67, 0x1F, 0xF8, 0x2B, 0x37, 0xC3, 0xE9, 0xB5, 0x2D, 0x2B, 0x47, 0xF0, 0x87, 0xC4, 
0x7B, 0x78, 0xA3, 0xFF, 0x00, 0x4C, 0xD2, 0xEF, 0xAC, 0xE3, 0x83, 0x5C, 0xD2, 0xBF, 0xD9, 0x65, 
0xFF, 0x00, 0x59, 0x5F, 0x9F, 0x7F, 0xF0, 0x59, 0xFF, 0x00, 0xF8, 0x22, 0x5F, 0xC3, 0x3F, 0xD9, 
0xEB, 0xF6, 0x56, 0xD5, 0xBE, 0x32, 0x7C, 0x35, 0x9B, 0x5E, 0xF0, 0xEC, 0x3A, 0x4E, 0xA5, 0x67, 
0x63, 0x7D, 0xE1, 0xFB, 0xE6, 0xF3, 0xED, 0xFF, 0x00, 0xD2, 0x27, 0xF2, 0x57, 0xC9, 0x91, 0xBF, 
0x78, 0xBB, 0x77, 0x7D, 0xDA, 0xFC, 0xA5, 0xF8, 0x49, 0xF1, 0xA7, 0xC5, 0x1F, 0x03, 0x7C, 0x5F, 
0x6B, 0xE2, 0x0F, 0x0A, 0xEB, 0xDA, 0xA7, 0x87, 0xF5, 0x7B, 0x3F, 0xF8, 0xF7, 0xBC, 0xB1, 0xB8, 
0x68, 0x65, 0x4F, 0xBB, 0xFF, 0x00, 0x7D, 0x2F, 0xFB, 0x2D, 0xF2, 0xD7, 0xB9, 0x7E, 0xD9, 0x1F, 
0xF0, 0x57, 0x5F, 0x8E, 0x1F, 0xB7, 0x1F, 0xC3, 0x1D, 0x1F, 0xC2, 0x3E, 0x3C, 0xF1, 0x62, 0xDF, 
0x68, 0x7A, 0x3C, 0x9E, 0x7F, 0xD9, 0xEC, 0xED, 0xBE, 0xCD, 0xF6, 0xF9, 0xBF, 0x86, 0x69, 0xFF, 
0x00, 0xE7, 0xA3, 0x57, 0xCA, 0xE1, 0x38, 0x57, 0x1F, 0x81, 0xCC, 0x63, 0x5F, 0x0F, 0x5F, 0xF7, 
0x3F, 0xCA, 0x7A, 0x95, 0xF3, 0x2A, 0x35, 0x70, 0xDC, 0xB2, 0x8F, 0xBC, 0x7C, 0xAB, 0xFE, 0xCD, 
0x36, 0x8A, 0x2B, 0xEF, 0x8F, 0x9F, 0x0A, 0x28, 0xA2, 0x80, 0x0A, 0x92, 0x8A, 0x28, 0x00, 0xAB, 
0x16, 0x76, 0x73, 0x5C, 0xBF, 0xCA, 0xAD, 0x25, 0x7B, 0x07, 0xEC, 0x8B, 0xFB, 0x1A, 0x78, 0xAB, 
0xF6, 0xC3, 0xF1, 0xFC, 0x7A, 0x1F, 0x86, 0xED, 0xD7, 0xCB, 0x87, 0xF7, 0xF7, 0xD7, 0xD3, 0x7C, 
0xB6, 0xFA, 0x7C, 0x3F, 0xF3, 0xD2, 0x46, 0xAF, 0xD3, 0xEF, 0x82, 0x9F, 0xF0, 0x4B, 0x0F, 0x82, 
0x7F, 0x04, 0x2C, 0x23, 0x5D, 0x63, 0x4D, 0xBA, 0xF8, 0x89, 0xAA, 0x45, 0xFE, 0xBA, 0xE2, 0xF2, 
0x4F, 0x2A, 0xCF, 0x77, 0xFB, 0x30, 0xD7, 0x0E, 0x23, 0x19, 0x4E, 0x91, 0xF6, 0xDC, 0x3B, 0xC1, 
0x38, 0xFC, 0xD3, 0xDE, 0x8C, 0x7D, 0xD3, 0xF3, 0x5B, 0xF6, 0x2A, 0xFD, 0xBA, 0xBE, 0x2B, 0x7E, 
0xC0, 0x3F, 0x17, 0xA1, 0xF1, 0x87, 0xC3, 0x3D, 0x7A, 0x6D, 0x07, 0x52, 0xF9, 0x62, 0xBA, 0xB7, 
0x98, 0x79, 0x96, 0x5A, 0x84, 0x7F, 0xDD, 0xB8, 0x87, 0xFE, 0x5A, 0x2F, 0xFE, 0x3D, 0xFE, 0xD5, 
0x7E, 0xFB, 0x7E, 0xC2, 0x3F, 0xF0, 0x75, 0x3F, 0xC1, 0xCF, 0x8E, 0xFA, 0x55, 0x8E, 0x93, 0xF1, 
0x97, 0x4F, 0xBA, 0xF8, 0x5B, 0xE2, 0xA9, 0x7C, 0xB8, 0xA4, 0xD4, 0xBC, 0xBF, 0x3F, 0x41, 0xB8, 
0x93, 0xFE, 0x7A, 0x2C, 0xDF, 0xF2, 0xC7, 0xFE, 0xDA, 0xD7, 0x88, 0x2F, 0xEC, 0xE1, 0xF0, 0xC7, 
0x47, 0xB0, 0xFB, 0x3C, 0x7F, 0x0B, 0xFC, 0x1B, 0x6B, 0x6F, 0x2C, 0x7F, 0xBB, 0x5F, 0xEC, 0xF8, 
0xEB, 0x8B, 0xF8, 0x83, 0xFF, 0x00, 0x04, 0xDA, 0xF8, 0x33, 0xE3, 0xED, 0x05, 0xBC, 0xCF, 0x06, 
0xDA, 0xF8, 0x6E, 0x6B, 0x8F, 0xF5, 0x77, 0xDA, 0x5F, 0xEE, 0x1B, 0xFE, 0x03, 0x5C, 0xB1, 0xCE, 
0x2C, 0x7D, 0x6E, 0x23, 0xC2, 0x2C, 0x6C, 0x69, 0xFB, 0xAC, 0xFD, 0xCE, 0xF8, 0x65, 0xFB, 0x43, 
0x7C, 0x39, 0xF8, 0xF3, 0xE1, 0x5B, 0x7D, 0x43, 0xC2, 0xBE, 0x32, 0xF0, 0x9F, 0x8A, 0xB4, 0x7D, 
0x52, 0x3F, 0x36, 0x39, 0xAC, 0xF5, 0x08, 0x66, 0x5B, 0x88, 0xDA, 0xB8, 0xEF, 0x89, 0x3F, 0xF0, 
0x4F, 0x8F, 0x87, 0x7F, 0x12, 0xAF, 0xE4, 0xBC, 0x93, 0x45, 0x6D, 0x3E, 0xF2, 0xE3, 0xFE, 0x5B, 
0x5A, 0x47, 0xE5, 0x57, 0xF2, 0xF5, 0xFB, 0x63, 0xFF, 0x00, 0xC1, 0x3A, 0x7C, 0x71, 0xFB, 0x0E, 
0x59, 0xB7, 0x8D, 0xBC, 0x0F, 0xE2, 0x2D, 0x4A, 0xFB, 0xC2, 0xED, 0x24, 0x70, 0x36, 0xA5, 0xA5, 
0xCD, 0x25, 0x95, 0xD6, 0x9F, 0x27, 0xF0, 0xAC, 0xDE, 0x4E, 0xDF, 0xFB, 0xEA, 0xBE, 0x7A, 0x87, 
0xF6, 0xF6, 0xF8, 0xE1, 0xA7, 0x23, 0x47, 0x0F, 0xC6, 0x6F, 0x8B, 0x90, 0xC7, 0xF7, 0x76, 0xAF, 
0x8C, 0xAF, 0xD5, 0x7F, 0xF4, 0x65, 0x7B, 0xD9, 0x76, 0x69, 0x5A, 0x1E, 0xF6, 0x1A, 0xA1, 0xF9, 
0x26, 0x7D, 0xC2, 0x92, 0xC2, 0xD6, 0xF6, 0x38, 0xF8, 0x1F, 0xD6, 0x07, 0x88, 0x3F, 0xE0, 0x95, 
0x1E, 0x03, 0xD3, 0x87, 0x9D, 0x79, 0xE2, 0x6D, 0x4B, 0x4D, 0xB5, 0xFE, 0xF5, 0xC4, 0xD1, 0xC7, 
0xFF, 0x00, 0xA3, 0x2B, 0xC3, 0xBF, 0x68, 0xAF, 0x1E, 0x7E, 0xC5, 0x7F, 0xB0, 0x36, 0x95, 0xFD, 
0xA1, 0xF1, 0x0B, 0xE2, 0x16, 0x9B, 0xAB, 0x6A, 0x50, 0xFE, 0xF6, 0x1D, 0x2E, 0x1B, 0xEF, 0xB7, 
0x5E, 0x5C, 0x7F, 0xBB, 0x0C, 0x35, 0xFC, 0xCB, 0xF8, 0xB3, 0xF6, 0xC1, 0xF8, 0xA9, 0xE3, 0x8B, 
0x46, 0x83, 0x5B, 0xF8, 0x99, 0xF1, 0x0F, 0x5C, 0xB5, 0x6F, 0xF9, 0x63, 0xA9, 0x78, 0x92, 0xF6, 
0xE5, 0x3F, 0xF1, 0xE9, 0x2B, 0xCF, 0x45, 0xDB, 0x2A, 0x6D, 0x5D, 0xB1, 0xFF, 0x00, 0xBB, 0x5E, 
0x94, 0xB3, 0xEC, 0x7C, 0xFD, 0xD9, 0x54, 0x3E, 0x76, 0x1C, 0x3D, 0x82, 0x87, 0xBD, 0xCA, 0x7E, 
0xB0, 0x7F, 0xC1, 0x47, 0xFF, 0x00, 0xE0, 0xE6, 0x6F, 0x12, 0x7C, 0x5C, 0xF0, 0xAD, 0xE7, 0xC3, 
0xFF, 0x00, 0x80, 0x3A, 0x10, 0xF8, 0x4B, 0xE0, 0x7B, 0x88, 0xDA, 0x0B, 0x8B, 0xE8, 0x76, 0xAE, 
0xB5, 0x7E, 0xBF, 0xF5, 0xD2, 0x3F, 0xF5, 0x2B, 0xFF, 0x00, 0x91, 0x3F, 0xDD, 0xAF, 0xCA, 0x4D, 
0x4B, 0x57, 0xB8, 0xD6, 0x2F, 0x26, 0xBA, 0xBA, 0x9A, 0x5B, 0x89, 0xAE, 0x24, 0x69, 0x24, 0x92, 
0x49, 0x37, 0x33, 0xB7, 0xF7, 0xAA, 0x93, 0x75, 0x34, 0xD4, 0x8B, 0x73, 0x57, 0x97, 0x52, 0xAC, 
0xA7, 0xAC, 0x8F, 0x5A, 0x8E, 0x1E, 0x30, 0xF7, 0x60, 0x1B, 0x3D, 0xE9, 0xD5, 0xBF, 0xFF, 0x00, 
0x0A, 0xCB, 0x5A, 0x16, 0x6B, 0x37, 0xF6, 0x6D, 0xD7, 0x92, 0xCB, 0xF7, 0xBC, 0xBA, 0xCC, 0xBB, 
0xD0, 0xEE, 0x6C, 0x5B, 0xF7, 0xD0, 0x49, 0x1F, 0xFB, 0xD1, 0xD6, 0x67, 0x57, 0xD5, 0xEA, 0x14, 
0x77, 0x0F, 0x4A, 0x37, 0x0F, 0x4A, 0x77, 0x92, 0xDE, 0xF4, 0xDF, 0x21, 0xBF, 0xBB, 0x41, 0x9F, 
0x2B, 0x1B, 0x8A, 0x92, 0x9D, 0xF6, 0x73, 0x8E, 0xF5, 0x35, 0xBE, 0x99, 0x71, 0x76, 0xDF, 0xBB, 
0x8E, 0x49, 0x3F, 0xDD, 0xA0, 0xAF, 0x65, 0x22, 0xBD, 0x37, 0x1F, 0xED, 0x57, 0x5F, 0xE1, 0xFF, 
0x00, 0x83, 0xBA, 0xEE, 0xBD, 0xFE, 0xAE, 0xCD, 0xA1, 0x8F, 0xFE, 0x7A, 0x4D, 0xFB, 0xB5, 0xAE, 
0xD3, 0x48, 0xFD, 0x9D, 0xAC, 0xED, 0xDD, 0x5B, 0x53, 0xD4, 0xB7, 0x37, 0xF1, 0x47, 0x6F, 0x1D, 
0x3E, 0x56, 0x75, 0x61, 0xF2, 0xDA, 0xD5, 0x7E, 0x13, 0xC7, 0xC8, 0xDA, 0x2B, 0xD0, 0xFF, 0x00, 
0x67, 0x6F, 0xDA, 0x5F, 0xC6, 0xDF, 0xB2, 0x97, 0xC5, 0x5D, 0x33, 0xC6, 0x9E, 0x03, 0xF1, 0x06, 
0xA5, 0xE1, 0xDF, 0x10, 0xE9, 0x32, 0x66, 0x0B, 0xAB, 0x17, 0xDB, 0xF2, 0xFF, 0x00, 0x75, 0xBF, 
0xE7, 0xA2, 0xFF, 0x00, 0xB2, 0xD5, 0xD1, 0x7C, 0x42, 0xF8, 0x45, 0xA2, 0xE9, 0x7E, 0x06, 0xBE, 
0xD4, 0x2C, 0x23, 0xB8, 0x86, 0xE2, 0xCF, 0xCB, 0xFF, 0x00, 0x59, 0x27, 0xF7, 0xA4, 0xDB, 0x5E, 
0x37, 0x27, 0xC8, 0x76, 0xD5, 0x86, 0x3B, 0x01, 0x53, 0x0F, 0x2E, 0x4A, 0x87, 0xEF, 0x37, 0xEC, 
0xB9, 0xFF, 0x00, 0x07, 0x26, 0x7C, 0x19, 0xFD, 0xAB, 0x34, 0x8B, 0x1D, 0x17, 0xF6, 0xA0, 0xF0, 
0x4C, 0x5E, 0x19, 0xF1, 0x2C, 0x51, 0xAC, 0x7F, 0xF0, 0x95, 0xE8, 0x50, 0x33, 0x5A, 0xDC, 0x49, 
0xFB, 0xBF, 0x99, 0xA3, 0x5F, 0xDE, 0x41, 0xFA, 0xAF, 0xFB, 0x55, 0xF7, 0x6F, 0xC1, 0xCF, 0xD9, 
0xFF, 0x00, 0xF6, 0x77, 0xFD, 0xA7, 0x34, 0x81, 0xAA, 0x7C, 0x36, 0xF8, 0xC5, 0xA4, 0xEB, 0xBA, 
0x6C, 0x9F, 0x77, 0xEC, 0xFA, 0xA4, 0x12, 0xCB, 0x17, 0xFD, 0x33, 0xFD, 0xE5, 0x7F, 0x25, 0x89, 
0x36, 0xD3, 0xF2, 0xFD, 0xEA, 0xD2, 0xD1, 0x3C, 0x49, 0x79, 0xE1, 0xED, 0x4A, 0x1B, 0xCB, 0x1B, 
0xAB, 0x8B, 0x3B, 0xAB, 0x7F, 0xBB, 0x35, 0xBC, 0x8D, 0x0C, 0xA9, 0xFF, 0x00, 0x02, 0x5A, 0xF4, 
0xB0, 0xB9, 0xC6, 0x37, 0x0F, 0xEE, 0xD0, 0xA8, 0x7C, 0xDE, 0x23, 0x25, 0xC2, 0x55, 0xA9, 0xCF, 
0x28, 0x9F, 0xD9, 0x37, 0x85, 0x7F, 0xE0, 0x94, 0xFE, 0x03, 0xB3, 0x11, 0xCD, 0xA9, 0x5E, 0x6A, 
0xDA, 0xE4, 0x7F, 0xC2, 0xA6, 0xE3, 0xF7, 0x4F, 0xFF, 0x00, 0x7E, 0xEB, 0xDA, 0xBE, 0x1E, 0xFC, 
0x08, 0xF0, 0x7F, 0xC0, 0x5D, 0x22, 0x45, 0xD1, 0x34, 0x7D, 0x37, 0x43, 0xB5, 0xFF, 0x00, 0x96, 
0x97, 0x0D, 0x1A, 0xC5, 0xFF, 0x00, 0x7D, 0x48, 0xD5, 0xFC, 0x5C, 0x69, 0x9F, 0xB7, 0x7F, 0xC6, 
0x8D, 0x2A, 0x1F, 0x26, 0xD7, 0xE3, 0x07, 0xC5, 0x5B, 0x68, 0x57, 0xEE, 0xA4, 0x3E, 0x2E, 0xBD, 
0x8D, 0x7F, 0xF4, 0x65, 0x33, 0x56, 0xFD, 0xB4, 0x7E, 0x31, 0x78, 0xCA, 0xD9, 0xAC, 0xF5, 0x0F, 
0x8A, 0x9F, 0x13, 0xF5, 0x4B, 0x79, 0xBF, 0xD6, 0x43, 0x79, 0xE2, 0x9B, 0xD9, 0xE2, 0x7F, 0xF8, 
0x0F, 0x99, 0x59, 0xE2, 0xB3, 0x6C, 0x5D, 0x7F, 0xE3, 0xD4, 0x34, 0xC2, 0xE4, 0xB8, 0x68, 0x54, 
0xFD, 0xD5, 0x33, 0xFA, 0xFC, 0xFD, 0xAA, 0xFF, 0x00, 0xE0, 0xA7, 0x5F, 0x01, 0xFF, 0x00, 0x63, 
0x4F, 0x0D, 0x4D, 0x7D, 0xF1, 0x0F, 0xE2, 0x77, 0x86, 0xB4, 0xB9, 0x11, 0x64, 0x78, 0xF4, 0xF8, 
0x6E, 0x96, 0xEE, 0xFE, 0xE3, 0xCB, 0xFF, 0x00, 0x96, 0x70, 0xC3, 0x1F, 0xEF, 0x24, 0xAF, 0xC6, 
0x5F, 0xF8, 0x29, 0x97, 0xFC, 0x1D, 0x79, 0xE2, 0x6F, 0x8A, 0xDA, 0x46, 0xA5, 0xE0, 0xFF, 0x00, 
0xD9, 0xE7, 0x45, 0xBC, 0xF0, 0x9E, 0x93, 0x71, 0xFE, 0x8F, 0x37, 0x89, 0xB5, 0x01, 0xFF, 0x00, 
0x13, 0x6B, 0x85, 0xFF, 0x00, 0xA7, 0x68, 0x7F, 0xE5, 0x8F, 0xFB, 0xCD, 0xFF, 0x00, 0x7C, 0xD7, 
0xC7, 0x9F, 0xB1, 0xE7, 0xFC, 0x11, 0xEB, 0xC5, 0x1F, 0x1A, 0xF4, 0x0B, 0x5F, 0x18, 0x78, 0xDF, 
0x50, 0xFF, 0x00, 0x84, 0x3F, 0x43, 0xBE, 0xF9, 0xE1, 0xF3, 0xA3, 0xF3, 0x35, 0x2D, 0x42, 0x3F, 
0xEF, 0x47, 0x1B, 0x7F, 0xAB, 0xFF, 0x00, 0xAE, 0x8F, 0x5F, 0x68, 0x78, 0x13, 0xFE, 0x09, 0xA1, 
0xF0, 0x33, 0xC1, 0x16, 0x0D, 0x0C, 0x7E, 0x0F, 0x6F, 0x13, 0x5E, 0x2F, 0x32, 0x5C, 0x6A, 0x93, 
0x34, 0xD5, 0xF3, 0x38, 0x8C, 0xDA, 0x9C, 0x3D, 0xD3, 0xF5, 0xCC, 0x93, 0xC3, 0x0C, 0xC7, 0x1B, 
0x4F, 0xDB, 0x7C, 0x27, 0xE2, 0xDF, 0x88, 0x6F, 0x35, 0x6F, 0x17, 0x6A, 0xF7, 0x9A, 0x86, 0xA5, 
0x35, 0xE5, 0xF5, 0xF5, 0xE4, 0xCD, 0x3C, 0xD7, 0x37, 0x53, 0x34, 0xD2, 0xDC, 0x48, 0xDF, 0x79, 
0x99, 0x9B, 0xE6, 0x66, 0xAE, 0x7A, 0x48, 0xBC, 0x87, 0xDB, 0x5F, 0xBB, 0xD7, 0x3F, 0xB1, 0x47, 
0xC1, 0x7D, 0x7E, 0x6F, 0xB2, 0x9F, 0x86, 0x7E, 0x1D, 0x5F, 0xF9, 0x65, 0xB6, 0x1B, 0x5F, 0x2A, 
0x5F, 0x32, 0xBE, 0x7B, 0xFD, 0xA9, 0x7F, 0xE0, 0x89, 0x3E, 0x1F, 0xF1, 0x36, 0x8F, 0x75, 0x7D, 
0xF0, 0xBE, 0xF2, 0xEB, 0x4D, 0xD7, 0xA2, 0xF9, 0xE3, 0xD1, 0x6F, 0x9B, 0x72, 0xDC, 0xFF, 0x00, 
0xD3, 0x38, 0x64, 0xFE, 0x16, 0xAC, 0xF0, 0xF9, 0xC5, 0x39, 0x54, 0xE5, 0x91, 0xDF, 0x9C, 0x78, 
0x5B, 0x8F, 0xC2, 0x51, 0xF6, 0xF4, 0x7D, 0xE3, 0xF2, 0x8F, 0xCB, 0xA8, 0xE3, 0xE1, 0xAB, 0xA0, 
0xF1, 0x8F, 0x84, 0x35, 0x0F, 0x01, 0xF8, 0x8E, 0xFB, 0x4A, 0xD4, 0xED, 0x6E, 0x2C, 0x75, 0x0D, 
0x3E, 0x69, 0x2D, 0xAE, 0x60, 0x99, 0x7C, 0xB9, 0x62, 0x91, 0x7E, 0xF2, 0xB5, 0x60, 0x13, 0xF3, 
0x0A, 0xF6, 0x2F, 0x73, 0xF2, 0xAA, 0xB4, 0x65, 0x4E, 0x5C, 0x93, 0x3E, 0x83, 0xFD, 0x87, 0xBF, 
0xE0, 0xA1, 0xBF, 0x10, 0x3F, 0xE0, 0x9F, 0xFE, 0x21, 0xD7, 0x35, 0x2F, 0x01, 0xB6, 0x8E, 0xCD, 
0xE2, 0x2B, 0x58, 0xEC, 0xF5, 0x0B, 0x7D, 0x52, 0xCF, 0xED, 0x30, 0x4B, 0x1A, 0xFD, 0xDF, 0xE2, 
0x5F, 0xEF, 0x57, 0xD0, 0x52, 0x7F, 0xC1, 0xC7, 0x5F, 0x1F, 0xA2, 0xB7, 0x65, 0xB5, 0xB7, 0xF8, 
0x7B, 0x62, 0xCD, 0xFF, 0x00, 0x2D, 0x2D, 0x74, 0x46, 0x8D, 0xD7, 0xFF, 0x00, 0x23, 0x57, 0xE7, 
0xD4, 0x66, 0x97, 0x7F, 0xBD, 0x75, 0x52, 0xC6, 0x56, 0xA5, 0x1E, 0x58, 0xC8, 0xE1, 0xA9, 0x81, 
0xA1, 0x52, 0xA7, 0x34, 0xA2, 0x7D, 0x49, 0xF1, 0x83, 0xFE, 0x0B, 0x13, 0xFB, 0x44, 0x7C, 0x69, 
0xB4, 0x9A, 0xCF, 0x54, 0xF8, 0x9B, 0xE2, 0x0B, 0x5B, 0x3B, 0x8F, 0xBD, 0x0E, 0x9D, 0x2F, 0xD8, 
0xBF, 0xF1, 0xE8, 0xFF, 0x00, 0x79, 0xFF, 0x00, 0x8F, 0x57, 0xCD, 0xFA, 0xDF, 0x88, 0xEF, 0x35, 
0xED, 0x52, 0xE2, 0xEA, 0xFA, 0xEA, 0x6B, 0xCB, 0xAB, 0x89, 0x37, 0xCB, 0x34, 0xCE, 0xD2, 0x4B, 
0x2F, 0xFB, 0xD2, 0x37, 0xCD, 0x59, 0x78, 0xFF, 0x00, 0x66, 0x9D, 0xE6, 0xEC, 0xFE, 0x1A, 0xCE, 
0x75, 0xEA, 0x4F, 0xE2, 0x34, 0xA7, 0x87, 0xA7, 0x4F, 0xE1, 0x89, 0x1C, 0x94, 0xDA, 0x28, 0xAC, 
0x4D, 0x82, 0x8A, 0x28, 0xA0, 0x02, 0x8A, 0x28, 0xA0, 0x02, 0x8A, 0x28, 0xA0, 0x02, 0x8A, 0x28, 
0xA0, 0x02, 0x8A, 0x28, 0xA0, 0x02, 0x8A, 0x28, 0xA0, 0x02, 0xA6, 0x8F, 0xF8, 0x6A, 0x1A, 0x74, 
0x75, 0x51, 0x03, 0xF6, 0x6F, 0xFE, 0x0D, 0xA8, 0xFD, 0xBE, 0xD6, 0xE9, 0xEF, 0xBE, 0x00, 0xF8, 
0x82, 0xFB, 0xEC, 0xF3, 0x5E, 0x5D, 0x49, 0xAD, 0x78, 0x3E, 0x69, 0x24, 0xDB, 0xB2, 0xEB, 0xEF, 
0x4D, 0x6D, 0xFF, 0x00, 0x02, 0xFF, 0x00, 0x5D, 0xFF, 0x00, 0x7F, 0x2B, 0xBC, 0xFF, 0x00, 0x83, 
0x8B, 0x3F, 0xE0, 0x9C, 0x1A, 0x0F, 0x8D, 0x7E, 0x0B, 0x6A, 0x1F, 0xB4, 0x57, 0x86, 0xED, 0x20, 
0xD1, 0xFC, 0x41, 0xA2, 0xDE, 0x5B, 0xD8, 0xF8, 0xC6, 0xCD, 0x63, 0xDB, 0x16, 0xA1, 0xE6, 0x7E, 
0xED, 0x6F, 0x57, 0xFD, 0xAD, 0xDB, 0x77, 0x7F, 0x79, 0x7F, 0xEB, 0x9A, 0xD7, 0xE2, 0x77, 0xC3, 
0x6F, 0x88, 0xFA, 0xC7, 0xC2, 0x7F, 0x1C, 0xE9, 0x7E, 0x24, 0xF0, 0xFE, 0xA5, 0x75, 0xA4, 0xEB, 
0x5A, 0x2D, 0xC4, 0x77, 0x76, 0x37, 0x96, 0xED, 0xFB, 0xDB, 0x79, 0xA3, 0xFB, 0xAD, 0x5F, 0x5F, 
0x7E, 0xDD, 0x5F, 0xF0, 0x5D, 0x3F, 0x8C, 0x3F, 0xB7, 0xAF, 0xC0, 0xDD, 0x3F, 0xC0, 0x3E, 0x26, 
0xFF, 0x00, 0x84, 0x77, 0x4F, 0xD0, 0xE2, 0x9A, 0x1B, 0x9D, 0x4B, 0xFB, 0x2E, 0xD5, 0xA2, 0x7D, 
0x62, 0x68, 0x7E, 0xEB, 0x4D, 0xFE, 0xCE, 0xEF, 0xDE, 0x6D, 0xFE, 0xF5, 0x7C, 0x2E, 0x27, 0x86, 
0x71, 0x34, 0xB3, 0x98, 0xE6, 0x38, 0x39, 0x72, 0xC6, 0x5F, 0x11, 0xED, 0xC7, 0x1D, 0x4E, 0x78, 
0x4F, 0x61, 0x50, 0xF8, 0x76, 0x48, 0x7C, 0xA9, 0x19, 0x5B, 0xF8, 0x6A, 0x3A, 0x73, 0x9D, 0xEF, 
0x4D, 0xAF, 0xB8, 0x3C, 0x40, 0xA2, 0x8A, 0x28, 0x00, 0xA2, 0x8A, 0x28, 0x00, 0xA9, 0xA1, 0x4D, 
0xEE, 0xAA, 0xDF, 0xDE, 0xA8, 0x69, 0xD1, 0xD0, 0x07, 0xED, 0x07, 0xFC, 0x12, 0x87, 0xC1, 0xFA, 
0x3F, 0x82, 0xBF, 0x60, 0xCD, 0x27, 0x52, 0xD2, 0xF6, 0xFF, 0x00, 0x69, 0x78, 0xAB, 0x50, 0xBA, 
0x9F, 0x54, 0xBA, 0x8F, 0xEF, 0x23, 0x47, 0x26, 0xD8, 0xE1, 0xFF, 0x00, 0x80, 0xAA, 0xD7, 0xD5, 
0xDF, 0x07, 0xBC, 0x15, 0x0F, 0x89, 0xB5, 0x8F, 0xB5, 0x5D, 0x79, 0x51, 0xD9, 0x59, 0xFC, 0xCF, 
0x5F, 0x90, 0xBF, 0xF0, 0x4C, 0x8F, 0xF8, 0x28, 0xE4, 0x1F, 0xB2, 0xC5, 0xFD, 0xE7, 0x84, 0x7C, 
0x61, 0x6B, 0x71, 0xA9, 0x78, 0x0F, 0x5C, 0x9B, 0xCE, 0x9B, 0xC9, 0xFF, 0x00, 0x8F, 0x8D, 0x32, 
0x6F, 0xF9, 0xED, 0x1F, 0xFE, 0xCC, 0xB5, 0xFA, 0xA5, 0xF0, 0xEF, 0xE2, 0x26, 0x83, 0xF1, 0x6B, 
0xC2, 0xD2, 0x4D, 0xE0, 0x5F, 0x18, 0x68, 0xBA, 0xE6, 0x8B, 0x7C, 0xBF, 0xF2, 0xEF, 0x75, 0x1C, 
0x77, 0x1F, 0xF5, 0xCE, 0x48, 0xEB, 0xE5, 0x71, 0xF8, 0x7A, 0x8A, 0xB7, 0x31, 0xFD, 0x55, 0xC0, 
0x3C, 0x41, 0x97, 0xD5, 0xCA, 0xA1, 0x86, 0x52, 0xE5, 0x94, 0x4E, 0x82, 0xFB, 0x52, 0x9B, 0xE3, 
0x17, 0xC6, 0xE6, 0xB3, 0xB1, 0x5F, 0x2F, 0x4B, 0xB3, 0xF9, 0x7C, 0xCF, 0xF6, 0x56, 0xAF, 0x7C, 
0x65, 0xF1, 0x04, 0x23, 0x55, 0xB7, 0xD1, 0xF4, 0xA6, 0x5F, 0x26, 0xC6, 0x3F, 0xE1, 0xFF, 0x00, 
0x9E, 0x95, 0x8B, 0xE1, 0xED, 0x03, 0x5A, 0xF0, 0xCD, 0xCB, 0x49, 0x61, 0x0F, 0x97, 0x34, 0xB1, 
0xED, 0xF3, 0xA3, 0x92, 0x3A, 0xC7, 0xF1, 0x25, 0x85, 0xAF, 0x83, 0x2C, 0x2E, 0x35, 0x2F, 0x13, 
0x6B, 0xDA, 0x1F, 0x87, 0xEC, 0xE3, 0x8F, 0x74, 0xD7, 0x57, 0x97, 0xD1, 0xEE, 0xAF, 0x3E, 0x54, 
0xAA, 0x1F, 0x79, 0xF5, 0xCC, 0x25, 0x27, 0xCD, 0x3A, 0xDE, 0xE9, 0x6B, 0x4A, 0xD2, 0xB4, 0xFF, 
0x00, 0x19, 0xF8, 0x6F, 0xC4, 0xDA, 0x0E, 0xAD, 0x1A, 0xCD, 0xA0, 0xEA, 0x9A, 0x3D, 0xD7, 0xF6, 
0xA2, 0xCD, 0xFE, 0xAB, 0xCB, 0xF2, 0xFF, 0x00, 0xD6, 0x57, 0xF3, 0xC7, 0xE2, 0x34, 0x48, 0x35, 
0x29, 0x15, 0x6B, 0xF4, 0xAB, 0xFE, 0x0A, 0x07, 0xFF, 0x00, 0x05, 0x5B, 0xF0, 0xED, 0xAF, 0xC3, 
0xBD, 0x63, 0xE1, 0xF7, 0xC2, 0xBB, 0x89, 0xEF, 0xBF, 0xB6, 0xE1, 0xFB, 0x2E, 0xAD, 0xE2, 0x06, 
0xF9, 0x7C, 0xD8, 0x7F, 0x8A, 0x18, 0x7F, 0xF8, 0xE5, 0x7E, 0x66, 0xDE, 0x5C, 0xB5, 0xCC, 0xFE, 
0x63, 0x37, 0xCC, 0xD5, 0xF4, 0x59, 0x3D, 0x0A, 0x94, 0xA3, 0xEF, 0x1F, 0xCE, 0x3E, 0x28, 0x67, 
0x78, 0x3C, 0x7E, 0x25, 0x47, 0x0D, 0xF6, 0x4A, 0xB4, 0x67, 0x14, 0xE9, 0x29, 0xB5, 0xEC, 0x1F, 
0x93, 0x92, 0x55, 0xBD, 0x10, 0xEC, 0xD4, 0x6D, 0xF7, 0x7D, 0xDF, 0x31, 0x6A, 0x96, 0x7E, 0x7A, 
0x74, 0x5F, 0x24, 0x94, 0x15, 0x4B, 0x49, 0x1F, 0x55, 0x5E, 0x4C, 0xD0, 0xDC, 0xC3, 0xB6, 0x4F, 
0x2E, 0x3F, 0x2F, 0xFD, 0x5D, 0x55, 0xBC, 0x99, 0x6E, 0x53, 0x6D, 0xC4, 0x36, 0xF7, 0x0B, 0xFD, 
0xD6, 0x8E, 0xB3, 0x7C, 0x2D, 0xAE, 0xFF, 0x00, 0x6E, 0xF8, 0x26, 0xC6, 0xFB, 0x77, 0xEF, 0x3C, 
0xBD, 0xB2, 0x7F, 0xD7, 0x48, 0xEB, 0xA6, 0xF0, 0x07, 0xC3, 0x4F, 0x11, 0x7C, 0x60, 0xD6, 0x3E, 
0xC7, 0xE1, 0xDD, 0x36, 0xE2, 0xFA, 0x4F, 0xF9, 0x69, 0x37, 0xFA, 0xB8, 0x93, 0xFE, 0xDA, 0x56, 
0xDC, 0xF4, 0xE1, 0xF1, 0x1F, 0xAB, 0xE5, 0xB9, 0x7F, 0xD7, 0x29, 0xC7, 0xD9, 0xD3, 0x39, 0x5B, 
0xCF, 0x06, 0xE8, 0x77, 0xDF, 0x7B, 0x4D, 0xB5, 0x8F, 0xFE, 0xD9, 0xD5, 0x56, 0xF0, 0x1F, 0x86, 
0x7F, 0x8E, 0xDE, 0xD7, 0x77, 0xFD, 0x74, 0xAF, 0xAF, 0x3C, 0x19, 0xFF, 0x00, 0x04, 0xE8, 0xB3, 
0x87, 0xCB, 0x6F, 0x18, 0x6B, 0xD7, 0x17, 0x13, 0x7F, 0xCF, 0x9D, 0x8D, 0x7A, 0xC7, 0x86, 0xBF, 
0xE0, 0x9F, 0xDF, 0x0E, 0x45, 0xB2, 0xFD, 0x9F, 0xC1, 0x37, 0x17, 0x5F, 0xED, 0x5E, 0x4D, 0x24, 
0x95, 0xE7, 0xE2, 0xB3, 0x4A, 0x31, 0x3E, 0xBB, 0x0B, 0xE1, 0xBD, 0x59, 0xC7, 0x9B, 0x94, 0xFC, 
0xF1, 0xB0, 0xF0, 0x97, 0x86, 0xEC, 0x26, 0xFD, 0xDD, 0x9D, 0xAC, 0x9F, 0xF5, 0xD2, 0xB5, 0xAC, 
0xFC, 0x9B, 0x04, 0xFF, 0x00, 0x43, 0xB3, 0xB5, 0x85, 0x7F, 0xEB, 0x9D, 0x7E, 0x85, 0x5F, 0xFF, 
0x00, 0xC1, 0x3F, 0xBE, 0x1E, 0xCC, 0xBF, 0x37, 0xC3, 0xD5, 0x8F, 0xFE, 0xB8, 0xC9, 0x25, 0x70, 
0xBE, 0x38, 0xFF, 0x00, 0x82, 0x71, 0x78, 0x16, 0xFF, 0x00, 0x77, 0xD8, 0x23, 0xD7, 0x3C, 0x33, 
0x37, 0xFC, 0xB3, 0xDB, 0x34, 0x92, 0x2C, 0x5F, 0xF7, 0xF2, 0xB3, 0xA5, 0x9B, 0x51, 0x36, 0x97, 
0x86, 0xF5, 0x69, 0xFB, 0xDC, 0xA7, 0xC6, 0xAF, 0x75, 0x35, 0xCA, 0x2E, 0xF6, 0xA8, 0xFF, 0x00, 
0xD4, 0xFF, 0x00, 0xD7, 0x4A, 0xF4, 0xAF, 0x8C, 0x1F, 0xB2, 0x5F, 0x8C, 0x3E, 0x0F, 0xF9, 0xD7, 
0x5E, 0x5F, 0xFC, 0x24, 0x1A, 0x3C, 0x5F, 0xF2, 0xF9, 0x6F, 0xF7, 0xA2, 0xFF, 0x00, 0x7A, 0x3A, 
0xF3, 0x1F, 0xB4, 0xC7, 0x7F, 0x6D, 0xF2, 0xC9, 0x5E, 0xC6, 0x1F, 0x15, 0x4E, 0x7F, 0x09, 0xE1, 
0x62, 0xB2, 0xA9, 0x60, 0xA5, 0xCB, 0x52, 0x99, 0x83, 0xF1, 0x52, 0xF3, 0xEC, 0x1F, 0x0A, 0x2F, 
0xB7, 0x7F, 0xCB, 0xD5, 0xC4, 0x70, 0x7F, 0xED, 0x5A, 0xF0, 0x29, 0xCE, 0x5E, 0xBD, 0x5B, 0xF6, 
0x8A, 0xF1, 0x02, 0xFD, 0xA6, 0xCF, 0x45, 0x85, 0xBE, 0x5B, 0x08, 0xF7, 0x4C, 0xBF, 0xF4, 0xD9, 
0xAB, 0xCA, 0x85, 0x63, 0x2A, 0x9C, 0xE7, 0xE5, 0x79, 0xEE, 0x2B, 0xDA, 0xE2, 0x74, 0x23, 0xA2, 
0x8A, 0x07, 0x5A, 0xCC, 0xF0, 0xC9, 0x03, 0x7C, 0xBF, 0xEF, 0x57, 0xD6, 0x1F, 0xF0, 0x48, 0x0F, 
0x81, 0x3A, 0x4F, 0xC7, 0x4F, 0xDB, 0x0F, 0x47, 0xB7, 0xF1, 0x04, 0x2B, 0x75, 0xA4, 0xE8, 0x56, 
0xD3, 0x6B, 0x33, 0x5B, 0xB7, 0xFC, 0xBC, 0x79, 0x1F, 0x76, 0x3F, 0xFB, 0xEA, 0xBE, 0x51, 0xDB, 
0xD6, 0xBD, 0x7B, 0xF6, 0x30, 0xFD, 0xA7, 0x6F, 0xBF, 0x64, 0x8F, 0x8F, 0x5A, 0x1F, 0x8C, 0xAC, 
0xE1, 0x5B, 0xA8, 0xEC, 0x64, 0xF2, 0xEE, 0xED, 0x5B, 0xFE, 0x5E, 0xAD, 0xDB, 0xFD, 0x64, 0x75, 
0x8E, 0x23, 0x58, 0xDA, 0x27, 0xB5, 0x90, 0xD6, 0xA3, 0x4B, 0x30, 0xA5, 0x53, 0x11, 0xF0, 0x9F, 
0xB9, 0x9A, 0xDE, 0xAF, 0x36, 0xBD, 0xA9, 0x5D, 0x4D, 0x27, 0xEF, 0x24, 0xFB, 0xB1, 0xC7, 0x1F, 
0xEE, 0xD6, 0x28, 0xFF, 0x00, 0xE7, 0x9A, 0xD7, 0xA1, 0x5B, 0x69, 0x30, 0xFC, 0x1D, 0xF8, 0x2D, 
0x36, 0xAB, 0x7D, 0x1A, 0xC9, 0xAA, 0x6A, 0x1F, 0x2D, 0xB4, 0x32, 0x57, 0x8C, 0xFC, 0x0D, 0xFD, 
0xA0, 0x3C, 0x0B, 0xFB, 0x49, 0x68, 0xF6, 0xBA, 0xE7, 0x82, 0x75, 0xEB, 0x3B, 0xEF, 0x37, 0xFD, 
0x76, 0x9B, 0x34, 0xCB, 0x15, 0xE5, 0xA3, 0x7F, 0x75, 0xA3, 0xAE, 0xFB, 0xC7, 0xD7, 0xDA, 0xC7, 
0x8D, 0x35, 0x5B, 0x3F, 0xED, 0x38, 0x6E, 0xBC, 0x9B, 0x1F, 0x96, 0x18, 0x7C, 0xB9, 0x3C, 0xAA, 
0xF9, 0x0A, 0x98, 0x7E, 0x57, 0xEF, 0x1F, 0xD8, 0x98, 0x7C, 0x6E, 0x1F, 0x15, 0x4A, 0x97, 0xD5, 
0xAA, 0x7B, 0xA6, 0xF7, 0xC1, 0xFF, 0x00, 0x0F, 0x2F, 0x82, 0xFC, 0x09, 0x79, 0xE2, 0xBD, 0x73, 
0xF7, 0x97, 0x97, 0x91, 0xFE, 0xEA, 0x1A, 0xE1, 0xEF, 0xF5, 0xE9, 0xAE, 0x75, 0x59, 0x26, 0xDD, 
0xE5, 0xCD, 0x2C, 0x9B, 0xA3, 0xFF, 0x00, 0x62, 0xBA, 0x0D, 0x5E, 0xE3, 0x5A, 0xF1, 0x35, 0x9C, 
0x30, 0xCF, 0x0B, 0x5B, 0xD8, 0xD9, 0xC7, 0xF2, 0xAB, 0x7E, 0xE1, 0x6B, 0xC0, 0x7F, 0x6A, 0x3F, 
0xDB, 0xAF, 0xE1, 0xBF, 0xEC, 0x7D, 0xA2, 0xCD, 0x71, 0x79, 0xA9, 0x69, 0xFE, 0x2A, 0xF1, 0x95, 
0xBA, 0xEE, 0xD3, 0xF4, 0x1B, 0x39, 0xBC, 0xC8, 0x84, 0x9F, 0xF2, 0xCD, 0xAE, 0x64, 0xFE, 0x15, 
0xAC, 0xBE, 0xAB, 0x52, 0xAD, 0x4F, 0x74, 0x58, 0xEC, 0xDB, 0x09, 0x81, 0xC3, 0xD4, 0xA9, 0x89, 
0xA8, 0x7C, 0x17, 0xFF, 0x00, 0x05, 0xDC, 0xF0, 0xFE, 0x9B, 0xA0, 0xFE, 0xDB, 0x32, 0x4D, 0xA7, 
0xC6, 0xB1, 0xDC, 0x6A, 0x9A, 0x1E, 0x9F, 0x7D, 0xA9, 0x2A, 0xFF, 0x00, 0xCF, 0xD4, 0x91, 0xB6, 
0xE6, 0x6F, 0xF6, 0xAB, 0xE2, 0x71, 0x26, 0xC6, 0x5F, 0x6A, 0xEE, 0x3E, 0x3D, 0x7C, 0x69, 0xD7, 
0x3F, 0x68, 0x5F, 0x89, 0xBA, 0xDF, 0x8B, 0x7C, 0x45, 0x77, 0xF6, 0xCD, 0x5F, 0x5A, 0xBA, 0x6B, 
0x9B, 0x89, 0x3E, 0xBF, 0xC2, 0xBF, 0xEC, 0xAD, 0x70, 0xBB, 0xB9, 0xCD, 0x7D, 0xA6, 0x1E, 0x3C, 
0xB4, 0xF9, 0x59, 0xFC, 0x75, 0x9E, 0x62, 0xA9, 0xE2, 0x71, 0x95, 0x2B, 0x52, 0xF8, 0x64, 0x46, 
0x4E, 0x4D, 0x14, 0x51, 0x5B, 0x1E, 0x38, 0x51, 0x45, 0x14, 0x00, 0x51, 0x45, 0x14, 0x00, 0x51, 
0x45, 0x14, 0x00, 0x51, 0x45, 0x14, 0x00, 0x51, 0x45, 0x14, 0x00, 0x51, 0x45, 0x14, 0x00, 0x51, 
0x45, 0x14, 0x00, 0x51, 0x45, 0x14, 0x00, 0x51, 0x45, 0x14, 0x00, 0x51, 0x45, 0x14, 0x00, 0x51, 
0x45, 0x14, 0x00, 0x51, 0x45, 0x14, 0x00, 0x51, 0x45, 0x14, 0x00, 0x50, 0x0E, 0x28, 0xA2, 0x80, 
0x25, 0x59, 0x76, 0x48, 0xAD, 0x5B, 0xBE, 0x1E, 0xF1, 0xC6, 0xA3, 0xE1, 0xCB, 0xBF, 0xB4, 0x58, 
0xDF, 0x5E, 0x58, 0xDC, 0x7F, 0xCF, 0x4B, 0x69, 0x9A, 0x16, 0xFF, 0x00, 0xC7, 0x6B, 0x9D, 0x03, 
0x35, 0x2E, 0xC3, 0x43, 0xA5, 0x73, 0xA3, 0x0F, 0x89, 0xAB, 0x4B, 0xF8, 0x67, 0x7F, 0xFF, 0x00, 
0x0D, 0x2F, 0xE3, 0x9F, 0x27, 0xCB, 0xFF, 0x00, 0x84, 0xC3, 0xC5, 0x4A, 0xBF, 0xDD, 0xFE, 0xD4, 
0x9F, 0xFF, 0x00, 0x8A, 0xAC, 0x1F, 0x11, 0x7C, 0x46, 0xD6, 0x7C, 0x53, 0x26, 0xED, 0x43, 0x54, 
0xD4, 0x35, 0x16, 0xFF, 0x00, 0xA7, 0xAB, 0xA6, 0x9B, 0xFF, 0x00, 0x42, 0xAE, 0x77, 0xCC, 0xDF, 
0x4D, 0xCF, 0xFB, 0x35, 0x9F, 0xB0, 0x81, 0xD3, 0x3C, 0xDB, 0x15, 0x3D, 0x25, 0x22, 0x49, 0xA6, 
0xF3, 0x7E, 0xF5, 0x43, 0x4E, 0x92, 0x9D, 0x5A, 0x1E, 0x75, 0xDB, 0xDC, 0x8E, 0x8A, 0x28, 0xA0, 
0x02, 0x8A, 0x28, 0xA0, 0x0F, 0xA1, 0xFF, 0x00, 0x60, 0xCD, 0x13, 0x4D, 0xF8, 0x99, 0xF1, 0x5F, 
0x4D, 0xF0, 0x6E, 0xB5, 0x70, 0x6D, 0x74, 0xFD, 0x66, 0x6D, 0xB1, 0xFE, 0xF3, 0x6F, 0xEF, 0xB6, 
0xFD, 0xDF, 0xF8, 0x15, 0x7E, 0xA5, 0xF8, 0x03, 0xE1, 0x2C, 0x7E, 0x1B, 0xB6, 0x87, 0x43, 0xD2, 
0x6C, 0xD7, 0x4D, 0xB5, 0x8B, 0xE5, 0xF2, 0xE1, 0x8F, 0xCB, 0x6F, 0xF8, 0x15, 0x7E, 0x21, 0x78, 
0x77, 0x5C, 0x9B, 0x40, 0xD4, 0xA1, 0xB8, 0xB6, 0x91, 0xA1, 0x96, 0x29, 0x37, 0x2C, 0x91, 0xFD, 
0xE4, 0xAF, 0xD9, 0x8F, 0xF8, 0x25, 0x2F, 0xED, 0xE9, 0xA0, 0xFE, 0xD4, 0xFE, 0x1F, 0xB7, 0xF0, 
0x9F, 0x89, 0xAF, 0xA0, 0xD3, 0xFE, 0x25, 0xD9, 0xC7, 0xE5, 0xC1, 0x3C, 0xD2, 0x2A, 0xAE, 0xB6, 
0xBF, 0xDE, 0x5F, 0xFA, 0x6F, 0x5E, 0x5E, 0x63, 0x1A, 0xDC, 0xBE, 0xE9, 0xFB, 0x8F, 0x85, 0xFC, 
0x4B, 0x84, 0xC3, 0xFF, 0x00, 0xB3, 0x62, 0x4F, 0xA4, 0xFC, 0x07, 0xF0, 0x5A, 0xC7, 0x47, 0xB6, 
0xF3, 0xAE, 0xA3, 0x59, 0xAE, 0xAB, 0xB2, 0xB6, 0xD0, 0xA1, 0x85, 0x3E, 0x48, 0xFC, 0xB5, 0xAB, 
0x9E, 0x4C, 0x9A, 0x3C, 0xCD, 0x0D, 0xD4, 0x2D, 0x1C, 0xD1, 0x7F, 0xCB, 0x36, 0xA0, 0xCC, 0xB3, 
0x7E, 0xF2, 0xBE, 0x56, 0xAF, 0xB4, 0xFB, 0x47, 0xF4, 0x35, 0x1C, 0x5A, 0x9F, 0xBD, 0x48, 0x87, 
0xEC, 0x11, 0xEC, 0xF9, 0x23, 0xAA, 0x77, 0xFE, 0x19, 0xB5, 0xD5, 0x7C, 0xC5, 0x92, 0x1F, 0xFC, 
0x87, 0x5A, 0x1E, 0x77, 0x9B, 0x51, 0xA4, 0xCB, 0x3B, 0xFC, 0x9F, 0x7A, 0xA6, 0x03, 0xAD, 0x5A, 
0x7F, 0x13, 0x3C, 0xAF, 0xE2, 0x2F, 0xC1, 0xFF, 0x00, 0xB3, 0x5B, 0x79, 0xD6, 0x11, 0xFE, 0xEF, 
0xFE, 0x5A, 0x43, 0x24, 0x7F, 0xBA, 0xAF, 0x86, 0x7F, 0xE0, 0xA0, 0xBF, 0xB3, 0x96, 0x83, 0xF0, 
0x77, 0xE1, 0xBC, 0xDF, 0x12, 0xAC, 0x36, 0xE9, 0x77, 0x4D, 0x78, 0xB6, 0x7F, 0xD9, 0xFF, 0x00, 
0xC1, 0xA8, 0x4C, 0xDF, 0xDD, 0xFF, 0x00, 0xAE, 0x7F, 0xEB, 0x2B, 0xF4, 0xA3, 0xE2, 0xA7, 0x8F, 
0xFC, 0x37, 0xF0, 0x73, 0xE1, 0xA5, 0xF7, 0x8B, 0x3C, 0x6D, 0xA9, 0x5B, 0xE8, 0x7E, 0x19, 0xB0, 
0x8F, 0x74, 0x93, 0x4D, 0xFF, 0x00, 0x1F, 0x17, 0xBF, 0xF4, 0xCE, 0x18, 0xFF, 0x00, 0xE5, 0xA4, 
0x95, 0xF8, 0x7F, 0xFF, 0x00, 0x05, 0x15, 0xFD, 0xBD, 0xAF, 0xBF, 0x6C, 0xEF, 0x89, 0xBF, 0xE8, 
0x70, 0xB6, 0x97, 0xE1, 0x0D, 0x1B, 0x74, 0x1A, 0x2E, 0x9B, 0xFD, 0xC8, 0xFF, 0x00, 0xE7, 0xB4, 
0x9F, 0xDE, 0x99, 0xEB, 0xDE, 0xCB, 0x63, 0x50, 0xFC, 0xA3, 0xC4, 0x2E, 0x24, 0xC1, 0x53, 0xC2, 
0x7B, 0x15, 0xF1, 0x1F, 0x35, 0xEB, 0xFA, 0xAC, 0xDA, 0xC6, 0xA3, 0x35, 0xC5, 0xC4, 0x9E, 0x64, 
0xD3, 0xC9, 0xB9, 0x9A, 0xB3, 0xDC, 0xF1, 0x44, 0x87, 0x34, 0xDA, 0xFA, 0x23, 0xF9, 0x8A, 0xB4, 
0xF9, 0xE5, 0xCC, 0x14, 0x51, 0x45, 0x06, 0x61, 0x4E, 0x43, 0x4D, 0xA7, 0x79, 0x94, 0x01, 0xBD, 
0xE1, 0x5F, 0x1C, 0x6A, 0x5E, 0x0F, 0xD4, 0xE3, 0xBC, 0xD3, 0x6F, 0xAE, 0xAC, 0xAE, 0xE3, 0xFB, 
0xB2, 0xDA, 0xDC, 0x34, 0x32, 0x2F, 0xFC, 0x0A, 0xBD, 0x93, 0xC1, 0xFF, 0x00, 0xF0, 0x52, 0x4F, 
0x8C, 0x9E, 0x0D, 0xD3, 0xBE, 0xC7, 0x61, 0xF1, 0x03, 0xC4, 0xB1, 0xC3, 0xDB, 0xCE, 0xB8, 0xF3, 
0xBF, 0xF1, 0xE9, 0x33, 0x5E, 0x02, 0x4E, 0x47, 0x4A, 0x23, 0x35, 0x8C, 0xF0, 0xF4, 0xE5, 0xB9, 
0xEB, 0x61, 0x73, 0xAC, 0x76, 0x1F, 0xDD, 0xA3, 0x50, 0xF6, 0x0F, 0x88, 0x5F, 0xB7, 0x17, 0xC5, 
0x1F, 0x8A, 0x07, 0x6E, 0xB9, 0xE3, 0x8F, 0x11, 0xDE, 0x2F, 0xF7, 0x4D, 0xF3, 0x2A, 0xFF, 0x00, 
0xE3, 0xB5, 0xE5, 0x37, 0xFA, 0x94, 0xDA, 0x84, 0xCC, 0xD2, 0x49, 0xB9, 0xB7, 0x55, 0x3A, 0x90, 
0x1A, 0xAA, 0x74, 0x69, 0xC4, 0xCB, 0x15, 0x99, 0x62, 0xB1, 0x1F, 0xC7, 0xA8, 0x47, 0x51, 0xD4, 
0x95, 0x1D, 0x68, 0x79, 0xC1, 0x45, 0x14, 0x50, 0x01, 0x45, 0x14, 0x50, 0x01, 0x45, 0x14, 0x50, 
0x01, 0x45, 0x14, 0x50, 0x01, 0x45, 0x14, 0x50, 0x01, 0x45, 0x14, 0x50, 0x01, 0x45, 0x14, 0x50, 
0x01, 0x45, 0x14, 0x50, 0x01, 0x45, 0x14, 0x50, 0x01, 0x45, 0x14, 0x50, 0x01, 0x45, 0x14, 0x50, 
0x01, 0x45, 0x14, 0x50, 0x01, 0x45, 0x14, 0x50, 0x01, 0x45, 0x14, 0x50, 0x01, 0x45, 0x14, 0x50, 
0x01, 0x46, 0x68, 0xA2, 0x80, 0x0A, 0x28, 0xA2, 0x80, 0x0A, 0x28, 0xA2, 0x80, 0x0A, 0x28, 0xA2, 
0x80, 0x0A, 0x28, 0xA2, 0x80, 0x24, 0xAD, 0x6D, 0x03, 0xC4, 0x77, 0x9E, 0x18, 0xD4, 0xE1, 0xBC, 
0xB4, 0xB8, 0x9E, 0xD6, 0xEA, 0xDE, 0x4F, 0x32, 0x19, 0xA2, 0x93, 0xCB, 0x64, 0x6F, 0xEF, 0x2B, 
0x56, 0x4D, 0x1F, 0x72, 0x83, 0x4A, 0x55, 0xA5, 0x4D, 0xF3, 0x40, 0xFD, 0x26, 0xFD, 0x8F, 0xFF, 
0x00, 0xE0, 0xBE, 0xBE, 0x24, 0xF0, 0x3E, 0x8F, 0x6B, 0xA0, 0xFC, 0x54, 0xD2, 0x1B, 0xC7, 0x1A, 
0x5D, 0xAE, 0xD8, 0xA1, 0xD4, 0xD2, 0x5F, 0x2B, 0x52, 0xB7, 0x5F, 0xFD, 0xA9, 0x5F, 0x6A, 0xF8, 
0x37, 0xFE, 0x0A, 0xB9, 0xFB, 0x39, 0x78, 0xFB, 0x4D, 0x5B, 0x88, 0xFC, 0x7D, 0x37, 0x87, 0xE4, 
0x93, 0xEF, 0x5B, 0xEA, 0x56, 0x3E, 0x5B, 0x25, 0x7E, 0x02, 0x66, 0xA4, 0x49, 0x9B, 0xFB, 0xCD, 
0x5E, 0x7D, 0x7C, 0xB6, 0x9D, 0x43, 0xEE, 0xB2, 0x9F, 0x10, 0xB3, 0x1C, 0x14, 0x79, 0x7E, 0x23, 
0xFA, 0x13, 0xD5, 0x7F, 0xE0, 0xA3, 0x1F, 0xB3, 0xB6, 0x94, 0x9E, 0x74, 0x9F, 0x15, 0xF4, 0x2B, 
0x85, 0x5F, 0xF9, 0x67, 0x6B, 0x1F, 0x98, 0xD5, 0xE0, 0x9F, 0x1E, 0xFF, 0x00, 0xE0, 0xBC, 0xFF, 
0x00, 0x0A, 0x7E, 0x19, 0xDA, 0x4D, 0x1F, 0xC3, 0xFD, 0x0F, 0x55, 0xF1, 0xC6, 0xAD, 0xFF, 0x00, 
0x2C, 0xEE, 0xB5, 0x08, 0xFE, 0xC9, 0x67, 0x14, 0x9F, 0xFA, 0x31, 0xAB, 0xF1, 0x9D, 0xE6, 0xC1, 
0xFB, 0xCD, 0x48, 0x59, 0x9B, 0xEF, 0x35, 0x63, 0x4F, 0x2B, 0xA5, 0x03, 0xBB, 0x1D, 0xE2, 0x8E, 
0x67, 0x88, 0xA7, 0xEC, 0xFE, 0x13, 0xDB, 0x7F, 0x6B, 0x5F, 0xDB, 0xCF, 0xE2, 0x07, 0xED, 0x97, 
0xE2, 0x95, 0xD4, 0xBC, 0x65, 0xAC, 0x49, 0x75, 0x15, 0xB9, 0xFF, 0x00, 0x43, 0xB1, 0x87, 0xF7, 
0x76, 0xB6, 0x1F, 0xF5, 0xCE, 0x3A, 0xF1, 0x1B, 0x99, 0xBC, 0xCA, 0x6D, 0x2C, 0x75, 0xE9, 0x46, 
0x9A, 0x81, 0xF9, 0xFE, 0x2B, 0x1D, 0x5B, 0x13, 0x2E, 0x6A, 0xD2, 0x22, 0xA2, 0x8A, 0x2B, 0x43, 
0x8C, 0x28, 0xA2, 0x8A, 0x00, 0x28, 0xA2, 0x8A, 0x00, 0x28, 0xA2, 0x8A, 0x00, 0x28, 0xCE, 0x28, 
0xA2, 0x80, 0x0A, 0x28, 0xA2, 0x80, 0x0A, 0x28, 0xA2, 0x80, 0x0A, 0x28, 0xA2, 0x80, 0x0A, 0x28, 
0xA2, 0x80, 0x0A, 0x28, 0xA2, 0x80, 0x0A, 0x28, 0xA2, 0x80, 0x0A, 0x28, 0xA2, 0x80, 0x0A, 0x28, 
0xA2, 0x80, 0x0A, 0x28, 0xA2, 0x80, 0x0A, 0x28, 0xA2, 0x80, 0x0A, 0x28, 0xA2, 0x80, 0x0A, 0x28, 
0xA2, 0x80, 0x0A, 0x28, 0xA2, 0x80, 0x0A, 0x28, 0xA2, 0x80, 0x0A, 0x28, 0xA2, 0x80, 0x0A, 0x28, 
0xA2, 0x80, 0x0A, 0x28, 0xA2, 0x80, 0x0A, 0x28, 0xA2, 0x80, 0x0A, 0x28, 0xA2, 0x80, 0x0A, 0x28, 
0xA2, 0x80, 0x0A, 0x28, 0xA2, 0x80, 0x0A, 0x28, 0xA2, 0x80, 0x0A, 0x28, 0xA2, 0x80, 0x0A, 0x33, 
0x45, 0x14, 0x00, 0x51, 0x9C, 0x51, 0x45, 0x00, 0x14, 0x51, 0x45, 0x00, 0x14, 0x51, 0x45, 0x00, 
0x14, 0x51, 0x45, 0x00, 0x14, 0x51, 0x45, 0x00, 0x14, 0x51, 0x45, 0x00, 0x14, 0x51, 0x45, 0x00, 
0x14, 0x51, 0x45, 0x00, 0x14, 0x51, 0x45, 0x00, 0x14, 0x51, 0x45, 0x00, 0x14, 0x51, 0x45, 0x00, 
0x14, 0x51, 0x45, 0x00, 0x14, 0x51, 0x45, 0x00, 0x14, 0x51, 0x45, 0x00, 0x14, 0x51, 0x45, 0x00, 
0x14, 0x51, 0x45, 0x00, 0x14, 0x51, 0x45, 0x00, 0x14, 0x51, 0x45, 0x00, 0x14, 0x51, 0x45, 0x00, 
0x14, 0x51, 0x45, 0x00, 0x14, 0x51, 0x45, 0x00, 0x14, 0x51, 0x45, 0x00, 0x14, 0x51, 0x45, 0x00, 
0x14, 0x51, 0x45, 0x00, 0x14, 0x51, 0x45, 0x00, 0x14, 0x51, 0x45, 0x00, 0x14, 0x51, 0x45, 0x00, 
0x14, 0x51, 0x45, 0x00, 0x14, 0x51, 0x45, 0x00, 0x14, 0x51, 0x45, 0x00, 0x14, 0x51, 0x45, 0x00, 
0x14, 0x51, 0x45, 0x00, 0x14, 0x51, 0x45, 0x00, 0x14, 0x51, 0x45, 0x00, 0x14, 0x51, 0x45, 0x00, 
0x14, 0x51, 0x45, 0x00, 0x14, 0x51, 0x45, 0x00, 0x14, 0x51, 0x45, 0x00, 0x14, 0x51, 0x45, 0x00, 
0x14, 0x51, 0x45, 0x00, 0x14, 0x51, 0x45, 0x00, 0x14, 0x51, 0x45, 0x00, 0x14, 0x51, 0x45, 0x00, 
0x14, 0x51, 0x45, 0x00, 0x14, 0x51, 0x45, 0x00, 0x14, 0x51, 0x45, 0x00, 0x14, 0x51, 0x45, 0x00, 
0x14, 0x51, 0x45, 0x00, 0x14, 0x51, 0x45, 0x00, 0x14, 0x51, 0x45, 0x00, 0x14, 0x51, 0x45, 0x00, 
0x14, 0x51, 0x45, 0x00, 0x14, 0x51, 0x45, 0x00, 0x14, 0x51, 0x45, 0x00, 0x14, 0x51, 0x45, 0x00, 
0x14, 0x51, 0x45, 0x00, 0x14, 0x51, 0x45, 0x00, 0x14, 0x51, 0x45, 0x00, 0x14, 0x51, 0x45, 0x00, 
0x14, 0x51, 0x45, 0x00, 0x14, 0x51, 0x45, 0x00, 0x14, 0x51, 0x45, 0x00, 0x14, 0x51, 0x45, 0x00, 
0x14, 0x51, 0x45, 0x00, 0x14, 0x51, 0x45, 0x00, 0x14, 0x51, 0x45, 0x00, 0x14, 0x51, 0x45, 0x00, 
0x14, 0x51, 0x45, 0x00, 0x14, 0x51, 0x45, 0x00, 0x14, 0x51, 0x45, 0x00, 0x14, 0x51, 0x45, 0x00, 
0x14, 0x51, 0x45, 0x00, 0x14, 0x51, 0x45, 0x00, 0x14, 0x51, 0x45, 0x00, 0x14, 0x51, 0x45, 0x00, 
0x14, 0x51, 0x45, 0x00, 0x14, 0x51, 0x45, 0x00, 0x14, 0x51, 0x45, 0x00, 0x14, 0x51, 0x45, 0x00, 
0x14, 0x51, 0x45, 0x00, 0x14, 0x51, 0x45, 0x00, 0x14, 0x51, 0x45, 0x00, 0x14, 0x51, 0x45, 0x00, 
0x14, 0x51, 0x45, 0x00, 0x14, 0x51, 0x45, 0x00, 0x14, 0x51, 0x45, 0x00, 0x14, 0x51, 0x45, 0x00, 
0x14, 0x51, 0x45, 0x00, 0x14, 0x51, 0x45, 0x00, 0x14, 0x51, 0x45, 0x00, 0x14, 0x51, 0x45, 0x00, 
0x14, 0x51, 0x45, 0x00, 0x14, 0x51, 0x45, 0x00, 0x14, 0x51, 0x45, 0x00, 0x14, 0x51, 0x45, 0x00, 
0x14, 0x51, 0x45, 0x00, 0x14, 0x51, 0x45, 0x00, 0x14, 0x51, 0x45, 0x00, 0x14, 0x51, 0x45, 0x00, 
0x14, 0x51, 0x45, 0x00, 0x14, 0x51, 0x45, 0x00, 0x14, 0x51, 0x45, 0x00, 0x14, 0x51, 0x45, 0x00, 
0x14, 0x51, 0x45, 0x00, 0x14, 0x51, 0x45, 0x00, 0x14, 0x51, 0x45, 0x00, 0x14, 0x51, 0x45, 0x00, 
0x14, 0x51, 0x45, 0x00, 0x14, 0x51, 0x45, 0x00, 0x14, 0x51, 0x45, 0x00, 0x7F, 0xFF, 0xD9
};
unsigned int Q_size = sizeof(Q);