const unsigned char TM[] = {
0xFF, 0xD8, 0xFF, 0xE0, 0x00, 0x10, 0x4A, 0x46, 0x49, 0x46, 0x00, 0x01, 0x01, 0x01, 0x00, 0x48, 
0x00, 0x48, 0x00, 0x00, 0xFF, 0xE1, 0x00, 0x22, 0x45, 0x78, 0x69, 0x66, 0x00, 0x00, 0x4D, 0x4D, 
0x00, 0x2A, 0x00, 0x00, 0x00, 0x08, 0x00, 0x01, 0x01, 0x12, 0x00, 0x03, 0x00, 0x00, 0x00, 0x01, 
0x00, 0x01, 0x00, 0x00, 0x00, 0x00, 0x00, 0x00, 0xFF, 0xE2, 0x02, 0x28, 0x49, 0x43, 0x43, 0x5F, 
0x50, 0x52, 0x4F, 0x46, 0x49, 0x4C, 0x45, 0x00, 0x01, 0x01, 0x00, 0x00, 0x02, 0x18, 0x00, 0x00, 
0x00, 0x00, 0x02, 0x10, 0x00, 0x00, 0x6D, 0x6E, 0x74, 0x72, 0x52, 0x47, 0x42, 0x20, 0x58, 0x59, 
0x5A, 0x20, 0x00, 0x00, 0x00, 0x00, 0x00, 0x00, 0x00, 0x00, 0x00, 0x00, 0x00, 0x00, 0x61, 0x63, 
0x73, 0x70, 0x00, 0x00, 0x00, 0x00, 0x00, 0x00, 0x00, 0x00, 0x00, 0x00, 0x00, 0x00, 0x00, 0x00, 
0x00, 0x00, 0x00, 0x00, 0x00, 0x00, 0x00, 0x00, 0x00, 0x00, 0x00, 0x00, 0x00, 0x01, 0x00, 0x00, 
0xF6, 0xD6, 0x00, 0x01, 0x00, 0x00, 0x00, 0x00, 0xD3, 0x2D, 0x00, 0x00, 0x00, 0x00, 0x00, 0x00, 
0x00, 0x00, 0x00, 0x00, 0x00, 0x00, 0x00, 0x00, 0x00, 0x00, 0x00, 0x00, 0x00, 0x00, 0x00, 0x00, 
0x00, 0x00, 0x00, 0x00, 0x00, 0x00, 0x00, 0x00, 0x00, 0x00, 0x00, 0x00, 0x00, 0x00, 0x00, 0x00, 
0x00, 0x00, 0x00, 0x00, 0x00, 0x00, 0x00, 0x00, 0x00, 0x00, 0x00, 0x00, 0x00, 0x09, 0x64, 0x65, 
0x73, 0x63, 0x00, 0x00, 0x00, 0xF0, 0x00, 0x00, 0x00, 0x74, 0x72, 0x58, 0x59, 0x5A, 0x00, 0x00, 
0x01, 0x64, 0x00, 0x00, 0x00, 0x14, 0x67, 0x58, 0x59, 0x5A, 0x00, 0x00, 0x01, 0x78, 0x00, 0x00, 
0x00, 0x14, 0x62, 0x58, 0x59, 0x5A, 0x00, 0x00, 0x01, 0x8C, 0x00, 0x00, 0x00, 0x14, 0x72, 0x54, 
0x52, 0x43, 0x00, 0x00, 0x01, 0xA0, 0x00, 0x00, 0x00, 0x28, 0x67, 0x54, 0x52, 0x43, 0x00, 0x00, 
0x01, 0xA0, 0x00, 0x00, 0x00, 0x28, 0x62, 0x54, 0x52, 0x43, 0x00, 0x00, 0x01, 0xA0, 0x00, 0x00, 
0x00, 0x28, 0x77, 0x74, 0x70, 0x74, 0x00, 0x00, 0x01, 0xC8, 0x00, 0x00, 0x00, 0x14, 0x63, 0x70, 
0x72, 0x74, 0x00, 0x00, 0x01, 0xDC, 0x00, 0x00, 0x00, 0x3C, 0x6D, 0x6C, 0x75, 0x63, 0x00, 0x00, 
0x00, 0x00, 0x00, 0x00, 0x00, 0x01, 0x00, 0x00, 0x00, 0x0C, 0x65, 0x6E, 0x55, 0x53, 0x00, 0x00, 
0x00, 0x58, 0x00, 0x00, 0x00, 0x1C, 0x00, 0x73, 0x00, 0x52, 0x00, 0x47, 0x00, 0x42, 0x00, 0x00, 
0x00, 0x00, 0x00, 0x00, 0x00, 0x00, 0x00, 0x00, 0x00, 0x00, 0x00, 0x00, 0x00, 0x00, 0x00, 0x00, 
0x00, 0x00, 0x00, 0x00, 0x00, 0x00, 0x00, 0x00, 0x00, 0x00, 0x00, 0x00, 0x00, 0x00, 0x00, 0x00, 
0x00, 0x00, 0x00, 0x00, 0x00, 0x00, 0x00, 0x00, 0x00, 0x00, 0x00, 0x00, 0x00, 0x00, 0x00, 0x00, 
0x00, 0x00, 0x00, 0x00, 0x00, 0x00, 0x00, 0x00, 0x00, 0x00, 0x00, 0x00, 0x00, 0x00, 0x00, 0x00, 
0x00, 0x00, 0x00, 0x00, 0x00, 0x00, 0x00, 0x00, 0x00, 0x00, 0x00, 0x00, 0x00, 0x00, 0x58, 0x59, 
0x5A, 0x20, 0x00, 0x00, 0x00, 0x00, 0x00, 0x00, 0x6F, 0xA2, 0x00, 0x00, 0x38, 0xF5, 0x00, 0x00, 
0x03, 0x90, 0x58, 0x59, 0x5A, 0x20, 0x00, 0x00, 0x00, 0x00, 0x00, 0x00, 0x62, 0x99, 0x00, 0x00, 
0xB7, 0x85, 0x00, 0x00, 0x18, 0xDA, 0x58, 0x59, 0x5A, 0x20, 0x00, 0x00, 0x00, 0x00, 0x00, 0x00, 
0x24, 0xA0, 0x00, 0x00, 0x0F, 0x84, 0x00, 0x00, 0xB6, 0xCF, 0x70, 0x61, 0x72, 0x61, 0x00, 0x00, 
0x00, 0x00, 0x00, 0x04, 0x00, 0x00, 0x00, 0x02, 0x66, 0x66, 0x00, 0x00, 0xF2, 0xA7, 0x00, 0x00, 
0x0D, 0x59, 0x00, 0x00, 0x13, 0xD0, 0x00, 0x00, 0x0A, 0x5B, 0x00, 0x00, 0x00, 0x00, 0x00, 0x00, 
0x00, 0x00, 0x58, 0x59, 0x5A, 0x20, 0x00, 0x00, 0x00, 0x00, 0x00, 0x00, 0xF6, 0xD6, 0x00, 0x01, 
0x00, 0x00, 0x00, 0x00, 0xD3, 0x2D, 0x6D, 0x6C, 0x75, 0x63, 0x00, 0x00, 0x00, 0x00, 0x00, 0x00, 
0x00, 0x01, 0x00, 0x00, 0x00, 0x0C, 0x65, 0x6E, 0x55, 0x53, 0x00, 0x00, 0x00, 0x20, 0x00, 0x00, 
0x00, 0x1C, 0x00, 0x47, 0x00, 0x6F, 0x00, 0x6F, 0x00, 0x67, 0x00, 0x6C, 0x00, 0x65, 0x00, 0x20, 
0x00, 0x49, 0x00, 0x6E, 0x00, 0x63, 0x00, 0x2E, 0x00, 0x20, 0x00, 0x32, 0x00, 0x30, 0x00, 0x31, 
0x00, 0x36, 0xFF, 0xDB, 0x00, 0x43, 0x00, 0x02, 0x01, 0x01, 0x02, 0x01, 0x01, 0x02, 0x02, 0x02, 
0x02, 0x02, 0x02, 0x02, 0x02, 0x03, 0x05, 0x03, 0x03, 0x03, 0x03, 0x03, 0x06, 0x04, 0x04, 0x03, 
0x05, 0x07, 0x06, 0x07, 0x07, 0x07, 0x06, 0x07, 0x07, 0x08, 0x09, 0x0B, 0x09, 0x08, 0x08, 0x0A, 
0x08, 0x07, 0x07, 0x0A, 0x0D, 0x0A, 0x0A, 0x0B, 0x0C, 0x0C, 0x0C, 0x0C, 0x07, 0x09, 0x0E, 0x0F, 
0x0D, 0x0C, 0x0E, 0x0B, 0x0C, 0x0C, 0x0C, 0xFF, 0xDB, 0x00, 0x43, 0x01, 0x02, 0x02, 0x02, 0x03, 
0x03, 0x03, 0x06, 0x03, 0x03, 0x06, 0x0C, 0x08, 0x07, 0x08, 0x0C, 0x0C, 0x0C, 0x0C, 0x0C, 0x0C, 
0x0C, 0x0C, 0x0C, 0x0C, 0x0C, 0x0C, 0x0C, 0x0C, 0x0C, 0x0C, 0x0C, 0x0C, 0x0C, 0x0C, 0x0C, 0x0C, 
0x0C, 0x0C, 0x0C, 0x0C, 0x0C, 0x0C, 0x0C, 0x0C, 0x0C, 0x0C, 0x0C, 0x0C, 0x0C, 0x0C, 0x0C, 0x0C, 
0x0C, 0x0C, 0x0C, 0x0C, 0x0C, 0x0C, 0x0C, 0x0C, 0x0C, 0x0C, 0x0C, 0x0C, 0xFF, 0xC0, 0x00, 0x11, 
0x08, 0x01, 0x40, 0x01, 0xE0, 0x03, 0x01, 0x22, 0x00, 0x02, 0x11, 0x01, 0x03, 0x11, 0x01, 0xFF, 
0xC4, 0x00, 0x1F, 0x00, 0x00, 0x01, 0x05, 0x01, 0x01, 0x01, 0x01, 0x01, 0x01, 0x00, 0x00, 0x00, 
0x00, 0x00, 0x00, 0x00, 0x00, 0x01, 0x02, 0x03, 0x04, 0x05, 0x06, 0x07, 0x08, 0x09, 0x0A, 0x0B, 
0xFF, 0xC4, 0x00, 0xB5, 0x10, 0x00, 0x02, 0x01, 0x03, 0x03, 0x02, 0x04, 0x03, 0x05, 0x05, 0x04, 
0x04, 0x00, 0x00, 0x01, 0x7D, 0x01, 0x02, 0x03, 0x00, 0x04, 0x11, 0x05, 0x12, 0x21, 0x31, 0x41, 
0x06, 0x13, 0x51, 0x61, 0x07, 0x22, 0x71, 0x14, 0x32, 0x81, 0x91, 0xA1, 0x08, 0x23, 0x42, 0xB1, 
0xC1, 0x15, 0x52, 0xD1, 0xF0, 0x24, 0x33, 0x62, 0x72, 0x82, 0x09, 0x0A, 0x16, 0x17, 0x18, 0x19, 
0x1A, 0x25, 0x26, 0x27, 0x28, 0x29, 0x2A, 0x34, 0x35, 0x36, 0x37, 0x38, 0x39, 0x3A, 0x43, 0x44, 
0x45, 0x46, 0x47, 0x48, 0x49, 0x4A, 0x53, 0x54, 0x55, 0x56, 0x57, 0x58, 0x59, 0x5A, 0x63, 0x64, 
0x65, 0x66, 0x67, 0x68, 0x69, 0x6A, 0x73, 0x74, 0x75, 0x76, 0x77, 0x78, 0x79, 0x7A, 0x83, 0x84, 
0x85, 0x86, 0x87, 0x88, 0x89, 0x8A, 0x92, 0x93, 0x94, 0x95, 0x96, 0x97, 0x98, 0x99, 0x9A, 0xA2, 
0xA3, 0xA4, 0xA5, 0xA6, 0xA7, 0xA8, 0xA9, 0xAA, 0xB2, 0xB3, 0xB4, 0xB5, 0xB6, 0xB7, 0xB8, 0xB9, 
0xBA, 0xC2, 0xC3, 0xC4, 0xC5, 0xC6, 0xC7, 0xC8, 0xC9, 0xCA, 0xD2, 0xD3, 0xD4, 0xD5, 0xD6, 0xD7, 
0xD8, 0xD9, 0xDA, 0xE1, 0xE2, 0xE3, 0xE4, 0xE5, 0xE6, 0xE7, 0xE8, 0xE9, 0xEA, 0xF1, 0xF2, 0xF3, 
0xF4, 0xF5, 0xF6, 0xF7, 0xF8, 0xF9, 0xFA, 0xFF, 0xC4, 0x00, 0x1F, 0x01, 0x00, 0x03, 0x01, 0x01, 
0x01, 0x01, 0x01, 0x01, 0x01, 0x01, 0x01, 0x00, 0x00, 0x00, 0x00, 0x00, 0x00, 0x01, 0x02, 0x03, 
0x04, 0x05, 0x06, 0x07, 0x08, 0x09, 0x0A, 0x0B, 0xFF, 0xC4, 0x00, 0xB5, 0x11, 0x00, 0x02, 0x01, 
0x02, 0x04, 0x04, 0x03, 0x04, 0x07, 0x05, 0x04, 0x04, 0x00, 0x01, 0x02, 0x77, 0x00, 0x01, 0x02, 
0x03, 0x11, 0x04, 0x05, 0x21, 0x31, 0x06, 0x12, 0x41, 0x51, 0x07, 0x61, 0x71, 0x13, 0x22, 0x32, 
0x81, 0x08, 0x14, 0x42, 0x91, 0xA1, 0xB1, 0xC1, 0x09, 0x23, 0x33, 0x52, 0xF0, 0x15, 0x62, 0x72, 
0xD1, 0x0A, 0x16, 0x24, 0x34, 0xE1, 0x25, 0xF1, 0x17, 0x18, 0x19, 0x1A, 0x26, 0x27, 0x28, 0x29, 
0x2A, 0x35, 0x36, 0x37, 0x38, 0x39, 0x3A, 0x43, 0x44, 0x45, 0x46, 0x47, 0x48, 0x49, 0x4A, 0x53, 
0x54, 0x55, 0x56, 0x57, 0x58, 0x59, 0x5A, 0x63, 0x64, 0x65, 0x66, 0x67, 0x68, 0x69, 0x6A, 0x73, 
0x74, 0x75, 0x76, 0x77, 0x78, 0x79, 0x7A, 0x82, 0x83, 0x84, 0x85, 0x86, 0x87, 0x88, 0x89, 0x8A, 
0x92, 0x93, 0x94, 0x95, 0x96, 0x97, 0x98, 0x99, 0x9A, 0xA2, 0xA3, 0xA4, 0xA5, 0xA6, 0xA7, 0xA8, 
0xA9, 0xAA, 0xB2, 0xB3, 0xB4, 0xB5, 0xB6, 0xB7, 0xB8, 0xB9, 0xBA, 0xC2, 0xC3, 0xC4, 0xC5, 0xC6, 
0xC7, 0xC8, 0xC9, 0xCA, 0xD2, 0xD3, 0xD4, 0xD5, 0xD6, 0xD7, 0xD8, 0xD9, 0xDA, 0xE2, 0xE3, 0xE4, 
0xE5, 0xE6, 0xE7, 0xE8, 0xE9, 0xEA, 0xF2, 0xF3, 0xF4, 0xF5, 0xF6, 0xF7, 0xF8, 0xF9, 0xFA, 0xFF, 
0xDA, 0x00, 0x0C, 0x03, 0x01, 0x00, 0x02, 0x11, 0x03, 0x11, 0x00, 0x3F, 0x00, 0xFD, 0xF8, 0xA2, 
0xB1, 0xFF, 0x00, 0xE1, 0x36, 0xB7, 0xFF, 0x00, 0x9F, 0x79, 0xA8, 0xFF, 0x00, 0x84, 0xDA, 0xDF, 
0xFE, 0x7D, 0xE6, 0xA0, 0x0D, 0x8A, 0x2B, 0x1F, 0xFE, 0x13, 0x6B, 0x7F, 0xF9, 0xF7, 0x9A, 0x8F, 
0xF8, 0x4D, 0xAD, 0xFF, 0x00, 0xE7, 0xDE, 0x6A, 0x00, 0xD8, 0xA2, 0xB1, 0xFF, 0x00, 0xE1, 0x36, 
0xB7, 0xFF, 0x00, 0x9F, 0x79, 0xA8, 0xFF, 0x00, 0x84, 0xDA, 0xDF, 0xFE, 0x7D, 0xE6, 0xA0, 0x0D, 
0x8A, 0x2B, 0x1F, 0xFE, 0x13, 0x6B, 0x7F, 0xF9, 0xF7, 0x9A, 0x8F, 0xF8, 0x4D, 0xAD, 0xFF, 0x00, 
0xE7, 0xDE, 0x6A, 0x00, 0xD8, 0xA2, 0xB1, 0xFF, 0x00, 0xE1, 0x36, 0xB7, 0xFF, 0x00, 0x9F, 0x79, 
0xA8, 0xFF, 0x00, 0x84, 0xDA, 0xDF, 0xFE, 0x7D, 0xE6, 0xA0, 0x0D, 0x8A, 0x2B, 0x1F, 0xFE, 0x13, 
0x6B, 0x7F, 0xF9, 0xF7, 0x9A, 0x8F, 0xF8, 0x4D, 0xAD, 0xFF, 0x00, 0xE7, 0xDE, 0x6A, 0x00, 0xD8, 
0xA2, 0xB1, 0xFF, 0x00, 0xE1, 0x36, 0xB7, 0xFF, 0x00, 0x9F, 0x79, 0xA8, 0xFF, 0x00, 0x84, 0xDA, 
0xDF, 0xFE, 0x7D, 0xE6, 0xA0, 0x0D, 0x8A, 0x2B, 0x1F, 0xFE, 0x13, 0x6B, 0x7F, 0xF9, 0xF7, 0x9A, 
0x8F, 0xF8, 0x4D, 0xAD, 0xFF, 0x00, 0xE7, 0xDE, 0x6A, 0x00, 0xD8, 0xA2, 0xB1, 0xFF, 0x00, 0xE1, 
0x36, 0xB7, 0xFF, 0x00, 0x9F, 0x79, 0xA8, 0xFF, 0x00, 0x84, 0xDA, 0xDF, 0xFE, 0x7D, 0xE6, 0xA0, 
0x0D, 0x8A, 0x2B, 0x1F, 0xFE, 0x13, 0x6B, 0x7F, 0xF9, 0xF7, 0x9A, 0x8F, 0xF8, 0x4D, 0xAD, 0xFF, 
0x00, 0xE7, 0xDE, 0x6A, 0x00, 0xD8, 0xA2, 0xB1, 0xFF, 0x00, 0xE1, 0x36, 0xB7, 0xFF, 0x00, 0x9F, 
0x79, 0xA8, 0xFF, 0x00, 0x84, 0xDA, 0xDF, 0xFE, 0x7D, 0xE6, 0xA0, 0x0D, 0x8A, 0x2B, 0x1F, 0xFE, 
0x13, 0x6B, 0x7F, 0xF9, 0xF7, 0x9A, 0x8F, 0xF8, 0x4D, 0xAD, 0xFF, 0x00, 0xE7, 0xDE, 0x6A, 0x00, 
0xD8, 0xA2, 0xB1, 0xFF, 0x00, 0xE1, 0x36, 0xB7, 0xFF, 0x00, 0x9F, 0x79, 0xA8, 0xFF, 0x00, 0x84, 
0xDA, 0xDF, 0xFE, 0x7D, 0xE6, 0xA0, 0x0D, 0x8A, 0x2B, 0x1F, 0xFE, 0x13, 0x6B, 0x7F, 0xF9, 0xF7, 
0x9A, 0x8F, 0xF8, 0x4D, 0xAD, 0xFF, 0x00, 0xE7, 0xDE, 0x6A, 0x00, 0xD8, 0xA2, 0xB1, 0xFF, 0x00, 
0xE1, 0x36, 0xB7, 0xFF, 0x00, 0x9F, 0x79, 0xA8, 0xFF, 0x00, 0x84, 0xDA, 0xDF, 0xFE, 0x7D, 0xE6, 
0xA0, 0x0D, 0x8A, 0x2B, 0x1F, 0xFE, 0x13, 0x6B, 0x7F, 0xF9, 0xF7, 0x9A, 0x8F, 0xF8, 0x4D, 0xAD, 
0xFF, 0x00, 0xE7, 0xDE, 0x6A, 0x00, 0xD8, 0xA2, 0xB1, 0xFF, 0x00, 0xE1, 0x36, 0xB7, 0xFF, 0x00, 
0x9F, 0x79, 0xA8, 0xFF, 0x00, 0x84, 0xDA, 0xDF, 0xFE, 0x7D, 0xE6, 0xA0, 0x0D, 0x8A, 0x2B, 0x1F, 
0xFE, 0x13, 0x6B, 0x7F, 0xF9, 0xF7, 0x9A, 0x8F, 0xF8, 0x4D, 0xAD, 0xFF, 0x00, 0xE7, 0xDE, 0x6A, 
0x00, 0xD8, 0xA2, 0xB1, 0xFF, 0x00, 0xE1, 0x36, 0xB7, 0xFF, 0x00, 0x9F, 0x79, 0xA8, 0xFF, 0x00, 
0x84, 0xDA, 0xDF, 0xFE, 0x7D, 0xE6, 0xA0, 0x0D, 0x8A, 0x2B, 0x1F, 0xFE, 0x13, 0x6B, 0x7F, 0xF9, 
0xF7, 0x9A, 0x8F, 0xF8, 0x4D, 0xAD, 0xFF, 0x00, 0xE7, 0xDE, 0x6A, 0x00, 0xD8, 0xA2, 0xB1, 0xFF, 
0x00, 0xE1, 0x36, 0xB7, 0xFF, 0x00, 0x9F, 0x79, 0xA8, 0xFF, 0x00, 0x84, 0xDA, 0xDF, 0xFE, 0x7D, 
0xE6, 0xA0, 0x0D, 0x8A, 0x2B, 0x1F, 0xFE, 0x13, 0x6B, 0x7F, 0xF9, 0xF7, 0x9A, 0x8F, 0xF8, 0x4D, 
0xAD, 0xFF, 0x00, 0xE7, 0xDE, 0x6A, 0x00, 0xD8, 0xA2, 0xB1, 0xFF, 0x00, 0xE1, 0x36, 0xB7, 0xFF, 
0x00, 0x9F, 0x79, 0xA8, 0xFF, 0x00, 0x84, 0xDA, 0xDF, 0xFE, 0x7D, 0xE6, 0xA0, 0x0D, 0x8A, 0x2B, 
0x1F, 0xFE, 0x13, 0x6B, 0x7F, 0xF9, 0xF7, 0x9A, 0x8F, 0xF8, 0x4D, 0xAD, 0xFF, 0x00, 0xE7, 0xDE, 
0x6A, 0x00, 0xD8, 0xA2, 0xB1, 0xFF, 0x00, 0xE1, 0x36, 0xB7, 0xFF, 0x00, 0x9F, 0x79, 0xA8, 0xFF, 
0x00, 0x84, 0xDA, 0xDF, 0xFE, 0x7D, 0xE6, 0xA0, 0x0D, 0x8A, 0x2B, 0x1F, 0xFE, 0x13, 0x6B, 0x7F, 
0xF9, 0xF7, 0x9A, 0x8F, 0xF8, 0x4D, 0xAD, 0xFF, 0x00, 0xE7, 0xDE, 0x6A, 0x00, 0xD8, 0xA2, 0xB1, 
0xFF, 0x00, 0xE1, 0x36, 0xB7, 0xFF, 0x00, 0x9F, 0x79, 0xA8, 0xFF, 0x00, 0x84, 0xDA, 0xDF, 0xFE, 
0x7D, 0xE6, 0xA0, 0x0D, 0x8A, 0x2B, 0x1F, 0xFE, 0x13, 0x6B, 0x7F, 0xF9, 0xF7, 0x9A, 0x8F, 0xF8, 
0x4D, 0xAD, 0xFF, 0x00, 0xE7, 0xDE, 0x6A, 0x00, 0xD8, 0xA2, 0xB1, 0xFF, 0x00, 0xE1, 0x36, 0xB7, 
0xFF, 0x00, 0x9F, 0x79, 0xA8, 0xFF, 0x00, 0x84, 0xDA, 0xDF, 0xFE, 0x7D, 0xE6, 0xA0, 0x0D, 0x8A, 
0x2B, 0x1F, 0xFE, 0x13, 0x6B, 0x7F, 0xF9, 0xF7, 0x9A, 0x8F, 0xF8, 0x4D, 0xAD, 0xFF, 0x00, 0xE7, 
0xDE, 0x6A, 0x00, 0xE6, 0xE8, 0xAE, 0xCB, 0xFB, 0x06, 0xD7, 0xFE, 0x7D, 0x61, 0xA3, 0xFB, 0x06, 
0xD7, 0xFE, 0x7D, 0x61, 0xA0, 0x0E, 0x36, 0x8A, 0xEC, 0xBF, 0xB0, 0x6D, 0x7F, 0xE7, 0xD6, 0x1A, 
0x3F, 0xB0, 0x6D, 0x7F, 0xE7, 0xD6, 0x1A, 0x00, 0xE3, 0x68, 0xAE, 0xCB, 0xFB, 0x06, 0xD7, 0xFE, 
0x7D, 0x61, 0xA3, 0xFB, 0x06, 0xD7, 0xFE, 0x7D, 0x61, 0xA0, 0x0E, 0x36, 0x8A, 0xEC, 0xBF, 0xB0, 
0x6D, 0x7F, 0xE7, 0xD6, 0x1A, 0x3F, 0xB0, 0x6D, 0x7F, 0xE7, 0xD6, 0x1A, 0x00, 0xE3, 0x68, 0xAE, 
0xCB, 0xFB, 0x06, 0xD7, 0xFE, 0x7D, 0x61, 0xA3, 0xFB, 0x06, 0xD7, 0xFE, 0x7D, 0x61, 0xA0, 0x0E, 
0x36, 0x8A, 0xEC, 0xBF, 0xB0, 0x6D, 0x7F, 0xE7, 0xD6, 0x1A, 0x3F, 0xB0, 0x6D, 0x7F, 0xE7, 0xD6, 
0x1A, 0x00, 0xE3, 0x68, 0xAE, 0xCB, 0xFB, 0x06, 0xD7, 0xFE, 0x7D, 0x61, 0xA3, 0xFB, 0x06, 0xD7, 
0xFE, 0x7D, 0x61, 0xA0, 0x0E, 0x36, 0x8A, 0xEC, 0xBF, 0xB0, 0x6D, 0x7F, 0xE7, 0xD6, 0x1A, 0x3F, 
0xB0, 0x6D, 0x7F, 0xE7, 0xD6, 0x1A, 0x00, 0xE3, 0x68, 0xAE, 0xCB, 0xFB, 0x06, 0xD7, 0xFE, 0x7D, 
0x61, 0xA3, 0xFB, 0x06, 0xD7, 0xFE, 0x7D, 0x61, 0xA0, 0x0E, 0x36, 0x8A, 0xEC, 0xBF, 0xB0, 0x6D, 
0x7F, 0xE7, 0xD6, 0x1A, 0x3F, 0xB0, 0x6D, 0x7F, 0xE7, 0xD6, 0x1A, 0x00, 0xE3, 0x68, 0xAE, 0xCB, 
0xFB, 0x06, 0xD7, 0xFE, 0x7D, 0x61, 0xA3, 0xFB, 0x06, 0xD7, 0xFE, 0x7D, 0x61, 0xA0, 0x0E, 0x36, 
0x8A, 0xEC, 0xBF, 0xB0, 0x6D, 0x7F, 0xE7, 0xD6, 0x1A, 0x3F, 0xB0, 0x6D, 0x7F, 0xE7, 0xD6, 0x1A, 
0x00, 0xE3, 0x68, 0xAE, 0xCB, 0xFB, 0x06, 0xD7, 0xFE, 0x7D, 0x61, 0xA3, 0xFB, 0x06, 0xD7, 0xFE, 
0x7D, 0x61, 0xA0, 0x0E, 0x36, 0x8A, 0xEC, 0xBF, 0xB0, 0x6D, 0x7F, 0xE7, 0xD6, 0x1A, 0x3F, 0xB0, 
0x6D, 0x7F, 0xE7, 0xD6, 0x1A, 0x00, 0xE3, 0x68, 0xAE, 0xCB, 0xFB, 0x06, 0xD7, 0xFE, 0x7D, 0x61, 
0xA3, 0xFB, 0x06, 0xD7, 0xFE, 0x7D, 0x61, 0xA0, 0x0E, 0x36, 0x8A, 0xEC, 0xBF, 0xB0, 0x6D, 0x7F, 
0xE7, 0xD6, 0x1A, 0x3F, 0xB0, 0x6D, 0x7F, 0xE7, 0xD6, 0x1A, 0x00, 0xE3, 0x68, 0xAE, 0xCB, 0xFB, 
0x06, 0xD7, 0xFE, 0x7D, 0x61, 0xA3, 0xFB, 0x06, 0xD7, 0xFE, 0x7D, 0x61, 0xA0, 0x0E, 0x36, 0x8A, 
0xEC, 0xBF, 0xB0, 0x6D, 0x7F, 0xE7, 0xD6, 0x1A, 0x3F, 0xB0, 0x6D, 0x7F, 0xE7, 0xD6, 0x1A, 0x00, 
0xE3, 0x68, 0xAE, 0xCB, 0xFB, 0x06, 0xD7, 0xFE, 0x7D, 0x61, 0xA3, 0xFB, 0x06, 0xD7, 0xFE, 0x7D, 
0x61, 0xA0, 0x0E, 0x36, 0x8A, 0xEC, 0xBF, 0xB0, 0x6D, 0x7F, 0xE7, 0xD6, 0x1A, 0x3F, 0xB0, 0x6D, 
0x7F, 0xE7, 0xD6, 0x1A, 0x00, 0xE3, 0x68, 0xAE, 0xCB, 0xFB, 0x06, 0xD7, 0xFE, 0x7D, 0x61, 0xA3, 
0xFB, 0x06, 0xD7, 0xFE, 0x7D, 0x61, 0xA0, 0x0E, 0x36, 0x8A, 0xEC, 0xBF, 0xB0, 0x6D, 0x7F, 0xE7, 
0xD6, 0x1A, 0x3F, 0xB0, 0x6D, 0x7F, 0xE7, 0xD6, 0x1A, 0x00, 0xE3, 0x68, 0xAE, 0xCB, 0xFB, 0x06, 
0xD7, 0xFE, 0x7D, 0x61, 0xA3, 0xFB, 0x06, 0xD7, 0xFE, 0x7D, 0x61, 0xA0, 0x0E, 0x36, 0x8A, 0xEC, 
0xBF, 0xB0, 0x6D, 0x7F, 0xE7, 0xD6, 0x1A, 0x3F, 0xB0, 0x6D, 0x7F, 0xE7, 0xD6, 0x1A, 0x00, 0xE3, 
0x68, 0xAE, 0xCB, 0xFB, 0x06, 0xD7, 0xFE, 0x7D, 0x61, 0xA3, 0xFB, 0x06, 0xD7, 0xFE, 0x7D, 0x61, 
0xA0, 0x0E, 0x36, 0x8A, 0xEC, 0xBF, 0xB0, 0x6D, 0x7F, 0xE7, 0xD6, 0x1A, 0x3F, 0xB0, 0x6D, 0x7F, 
0xE7, 0xD6, 0x1A, 0x00, 0xE3, 0x68, 0xAE, 0xCB, 0xFB, 0x06, 0xD7, 0xFE, 0x7D, 0x61, 0xA3, 0xFB, 
0x06, 0xD7, 0xFE, 0x7D, 0x61, 0xA0, 0x0E, 0x36, 0x8A, 0xEC, 0xBF, 0xB0, 0x6D, 0x7F, 0xE7, 0xD6, 
0x1A, 0x3F, 0xB0, 0x6D, 0x7F, 0xE7, 0xD6, 0x1A, 0x00, 0xE3, 0x68, 0xAE, 0xCB, 0xFB, 0x06, 0xD7, 
0xFE, 0x7D, 0x61, 0xA3, 0xFB, 0x06, 0xD7, 0xFE, 0x7D, 0x61, 0xA0, 0x0E, 0x36, 0x8A, 0xEC, 0xBF, 
0xB0, 0x6D, 0x7F, 0xE7, 0xD6, 0x1A, 0x3F, 0xB0, 0x6D, 0x7F, 0xE7, 0xD6, 0x1A, 0x00, 0x87, 0xFE, 
0x12, 0x7B, 0x1F, 0xF9, 0xF9, 0xA3, 0xFE, 0x12, 0x7B, 0x1F, 0xF9, 0xF9, 0xAE, 0x4E, 0x8A, 0x00, 
0xEB, 0x3F, 0xE1, 0x27, 0xB1, 0xFF, 0x00, 0x9F, 0x9A, 0x3F, 0xE1, 0x27, 0xB1, 0xFF, 0x00, 0x9F, 
0x9A, 0xE4, 0xE8, 0xA0, 0x0E, 0xB3, 0xFE, 0x12, 0x7B, 0x1F, 0xF9, 0xF9, 0xA9, 0xAC, 0x35, 0x8B, 
0x7D, 0x57, 0x77, 0x96, 0xD5, 0xC6, 0xD6, 0xC7, 0x83, 0x3F, 0xE3, 0xFE, 0xE3, 0xFD, 0xCA, 0x00, 
0xE9, 0x28, 0xA2, 0x8A, 0x00, 0x28, 0xA2, 0x8A, 0x00, 0x28, 0xA2, 0x8A, 0x00, 0x28, 0xA2, 0x8A, 
0x00, 0x28, 0xA2, 0x8A, 0x00, 0x28, 0xA2, 0x8A, 0x00, 0x28, 0xA2, 0x8A, 0x00, 0x28, 0xA2, 0x8A, 
0x00, 0x28, 0xA2, 0x8A, 0x00, 0x28, 0xA2, 0x8A, 0x00, 0x28, 0xA2, 0x8A, 0x00, 0x28, 0xA2, 0x8A, 
0x00, 0x28, 0xA2, 0x8A, 0x00, 0x28, 0xA2, 0x8A, 0x00, 0x28, 0xA2, 0x8A, 0x00, 0x28, 0xA2, 0x8A, 
0x00, 0x28, 0xA2, 0x8A, 0x00, 0x28, 0xA2, 0x8A, 0x00, 0x28, 0xA2, 0x8A, 0x00, 0x28, 0xA2, 0x8A, 
0x00, 0x28, 0xA2, 0x8A, 0x00, 0x28, 0xA2, 0x8A, 0x00, 0x28, 0xA2, 0x8A, 0x00, 0x28, 0xA2, 0x8A, 
0x00, 0xAB, 0x7F, 0xAC, 0x5B, 0xE9, 0x3F, 0xEB, 0x1A, 0xA1, 0xFF, 0x00, 0x84, 0x9E, 0xC7, 0xFE, 
0x7E, 0x6B, 0x2F, 0xC6, 0x7F, 0xF1, 0xFF, 0x00, 0x6F, 0xFE, 0xE5, 0x63, 0xD0, 0x07, 0x59, 0xFF, 
0x00, 0x09, 0x3D, 0x8F, 0xFC, 0xFC, 0xD1, 0xFF, 0x00, 0x09, 0x3D, 0x8F, 0xFC, 0xFC, 0xD7, 0x27, 
0x45, 0x00, 0x75, 0x9F, 0xF0, 0x93, 0xD8, 0xFF, 0x00, 0xCF, 0xCD, 0x1F, 0xF0, 0x93, 0xD8, 0xFF, 
0x00, 0xCF, 0xCD, 0x72, 0x74, 0x50, 0x07, 0x4D, 0xFF, 0x00, 0x08, 0x9D, 0x8F, 0xFD, 0x35, 0xFF, 
0x00, 0xBE, 0xA8, 0xFF, 0x00, 0x84, 0x4E, 0xC7, 0xFE, 0x9A, 0xFF, 0x00, 0xDF, 0x55, 0x7B, 0xED, 
0xF6, 0xFF, 0x00, 0xF3, 0xDA, 0x0F, 0xFB, 0xFD, 0x47, 0xDB, 0xED, 0xFF, 0x00, 0xE7, 0xB4, 0x1F, 
0xF7, 0xFA, 0x80, 0x28, 0xFF, 0x00, 0xC2, 0x27, 0x63, 0xFF, 0x00, 0x4D, 0x7F, 0xEF, 0xAA, 0x3F, 
0xE1, 0x13, 0xB1, 0xFF, 0x00, 0xA6, 0xBF, 0xF7, 0xD5, 0x5E, 0xFB, 0x7D, 0xBF, 0xFC, 0xF6, 0x83, 
0xFE, 0xFF, 0x00, 0x51, 0xF6, 0xFB, 0x7F, 0xF9, 0xED, 0x07, 0xFD, 0xFE, 0xA0, 0x0A, 0x3F, 0xF0, 
0x89, 0xD8, 0xFF, 0x00, 0xD3, 0x5F, 0xFB, 0xEA, 0xAD, 0x58, 0xE8, 0xD6, 0xF6, 0x37, 0x0D, 0x34, 
0x75, 0x27, 0xDB, 0xED, 0xFF, 0x00, 0xE7, 0xB4, 0x1F, 0xF7, 0xFA, 0x9D, 0x15, 0xCC, 0x73, 0x7F, 
0xAB, 0x68, 0x28, 0x02, 0x6A, 0x28, 0xA2, 0x80, 0x0A, 0x28, 0xA2, 0x80, 0x0A, 0x28, 0xA2, 0x80, 
0x0A, 0x28, 0xA2, 0x80, 0x0A, 0x28, 0xA2, 0x80, 0x0A, 0x28, 0xA2, 0x80, 0x0A, 0x28, 0xA2, 0x80, 
0x0A, 0x28, 0xA2, 0x80, 0x0A, 0x28, 0xA2, 0x80, 0x0A, 0x28, 0xA2, 0x80, 0x0A, 0x2B, 0xCF, 0xBE, 
0x35, 0xFE, 0xD3, 0x9E, 0x01, 0xFD, 0x9B, 0xF4, 0xDB, 0x7B, 0xEF, 0x1C, 0xF8, 0xAB, 0x47, 0xF0, 
0xBC, 0x37, 0x9F, 0xEA, 0x5A, 0xF2, 0x6D, 0xBE, 0x7D, 0x7C, 0x91, 0xF1, 0x5F, 0xFE, 0x0E, 0x1E, 
0xF8, 0x0F, 0xE0, 0x63, 0x24, 0x3A, 0x22, 0xF8, 0xD3, 0xC5, 0x97, 0x10, 0x7F, 0xCF, 0x9E, 0x8F, 
0xF6, 0x4B, 0x7F, 0xFB, 0xF9, 0x77, 0xE5, 0xD0, 0x07, 0xDF, 0x14, 0x57, 0xE5, 0x7E, 0xB7, 0xFF, 
0x00, 0x07, 0x35, 0x68, 0x30, 0xC9, 0xE5, 0xE8, 0xFF, 0x00, 0x0B, 0xF5, 0x4B, 0x85, 0xFF, 0x00, 
0x9E, 0x97, 0xDA, 0xD4, 0x71, 0xFF, 0x00, 0xEC, 0xB5, 0x6B, 0x41, 0xFF, 0x00, 0x83, 0x9A, 0x7C, 
0x27, 0x2C, 0x2B, 0xFD, 0xB1, 0xF0, 0xCF, 0x5C, 0x8E, 0x4F, 0xFA, 0x71, 0xD5, 0xA1, 0x9E, 0x80, 
0x3F, 0x51, 0xA8, 0xAF, 0x8C, 0x3E, 0x0D, 0x7F, 0xC1, 0x75, 0xFF, 0x00, 0x67, 0xDF, 0x8B, 0x82, 
0x38, 0x64, 0xF1, 0x06, 0xA9, 0xE1, 0x1B, 0x8F, 0xFA, 0x98, 0x34, 0xB9, 0xA0, 0x5F, 0xFB, 0xEA, 
0xBE, 0xBB, 0xF0, 0xDF, 0x89, 0xB4, 0xFF, 0x00, 0x19, 0xE8, 0x36, 0xBA, 0x96, 0x9B, 0x79, 0x6F, 
0x7F, 0xA7, 0xDF, 0xC7, 0xE6, 0xDB, 0xCD, 0x0F, 0xDD, 0x9D, 0x68, 0x03, 0x43, 0x77, 0xBD, 0x49, 
0xBB, 0xDE, 0xBC, 0xCF, 0x55, 0xF8, 0x9D, 0xAE, 0x3F, 0x89, 0xB5, 0x0D, 0x2F, 0xC3, 0xFE, 0x1D, 
0xB5, 0xD5, 0x3F, 0xB2, 0x76, 0xFD, 0xAA, 0x49, 0xB5, 0x0F, 0xB3, 0x79, 0x4D, 0x27, 0xCD, 0xB7, 
0xEE, 0xD1, 0xFF, 0x00, 0x09, 0x67, 0xC4, 0x3F, 0xFA, 0x12, 0x34, 0xBF, 0xFC, 0x1F, 0x7F, 0xF6, 
0xBA, 0xDA, 0x38, 0x4A, 0xAF, 0xDE, 0xF7, 0x7F, 0xF0, 0x24, 0x70, 0xFF, 0x00, 0x68, 0x52, 0xFE, 
0xF7, 0xFE, 0x02, 0xCF, 0x48, 0xF9, 0x68, 0xF9, 0x6B, 0xCE, 0x7F, 0xE1, 0x31, 0xF8, 0x8F, 0xFF, 
0x00, 0x42, 0x4E, 0x97, 0xFF, 0x00, 0x83, 0xCF, 0xFE, 0xD7, 0x47, 0xFC, 0x26, 0x3F, 0x11, 0xFF, 
0x00, 0xE8, 0x49, 0xD2, 0xFF, 0x00, 0xF0, 0x79, 0xFF, 0x00, 0xDA, 0xEB, 0x6F, 0xA9, 0xCF, 0xF9, 
0xA3, 0xFF, 0x00, 0x81, 0x23, 0x3F, 0xAF, 0x52, 0xFE, 0x59, 0x7F, 0xE0, 0x2C, 0xF4, 0x24, 0x9B, 
0x7A, 0xFC, 0xD4, 0xD4, 0x4F, 0x93, 0xEF, 0x7C, 0xB5, 0xE1, 0xBF, 0x10, 0x3F, 0x6B, 0x66, 0xF8, 
0x23, 0xAD, 0x68, 0xD6, 0xBE, 0x3A, 0xD2, 0x6D, 0x74, 0x38, 0x75, 0xB9, 0x1A, 0x08, 0x64, 0xB7, 
0xD4, 0x3E, 0xD6, 0xDF, 0xF7, 0xEF, 0x6D, 0x7A, 0xD7, 0x83, 0xFC, 0x67, 0xA4, 0xFC, 0x40, 0xD2, 
0x23, 0xBF, 0xD1, 0xEF, 0x2D, 0xEF, 0xEC, 0xEE, 0x39, 0x57, 0x5A, 0xE3, 0xA9, 0xA5, 0x4F, 0x67, 
0xFE, 0x47, 0xAB, 0x4F, 0x0F, 0x88, 0x78, 0x68, 0xE2, 0xDD, 0x39, 0x7B, 0x39, 0x7F, 0x75, 0xFE, 
0xA7, 0x45, 0x45, 0x14, 0x50, 0x40, 0x51, 0x45, 0x14, 0x00, 0x51, 0x45, 0x14, 0x00, 0x51, 0x45, 
0x14, 0x00, 0x51, 0x45, 0x14, 0x00, 0x51, 0x45, 0x14, 0x00, 0x51, 0x45, 0x14, 0x00, 0x51, 0x45, 
0x14, 0x01, 0x57, 0x50, 0xD1, 0xE1, 0xD5, 0x76, 0xF9, 0x95, 0x4F, 0xFE, 0x11, 0x3B, 0x1F, 0xFA, 
0x6B, 0xFF, 0x00, 0x7D, 0x56, 0x84, 0xB7, 0x31, 0xC3, 0xFE, 0xB1, 0xA0, 0xA6, 0xFD, 0xBE, 0xDF, 
0xFE, 0x7B, 0x41, 0xFF, 0x00, 0x7F, 0xA8, 0x02, 0x8F, 0xFC, 0x22, 0x76, 0x3F, 0xF4, 0xD7, 0xFE, 
0xFA, 0xA3, 0xFE, 0x11, 0x3B, 0x1F, 0xFA, 0x6B, 0xFF, 0x00, 0x7D, 0x55, 0xEF, 0xB7, 0xDB, 0xFF, 
0x00, 0xCF, 0x68, 0x3F, 0xEF, 0xF5, 0x1F, 0x6F, 0xB7, 0xFF, 0x00, 0x9E, 0xD0, 0x7F, 0xDF, 0xEA, 
0x00, 0xA3, 0xFF, 0x00, 0x08, 0x9D, 0x8F, 0xFD, 0x35, 0xFF, 0x00, 0xBE, 0xA8, 0xFF, 0x00, 0x84, 
0x4E, 0xC7, 0xFE, 0x9A, 0xFF, 0x00, 0xDF, 0x55, 0x7B, 0xED, 0xF6, 0xFF, 0x00, 0xF3, 0xDA, 0x0F, 
0xFB, 0xFD, 0x47, 0xDB, 0xED, 0xFF, 0x00, 0xE7, 0xB4, 0x1F, 0xF7, 0xFA, 0x80, 0x38, 0xBA, 0x2B, 
0xA0, 0xFF, 0x00, 0x84, 0x26, 0x3F, 0xF9, 0xF8, 0x34, 0x7F, 0xC2, 0x13, 0x1F, 0xFC, 0xFC, 0x1A, 
0x00, 0xE7, 0xE8, 0xAE, 0x83, 0xFE, 0x10, 0x98, 0xFF, 0x00, 0xE7, 0xE0, 0xD1, 0xFF, 0x00, 0x08, 
0x4C, 0x7F, 0xF3, 0xF0, 0x68, 0x03, 0x9F, 0xAD, 0x8F, 0x06, 0x7F, 0xC7, 0xFD, 0xC7, 0xFB, 0x95, 
0x63, 0xFE, 0x10, 0x98, 0xFF, 0x00, 0xE7, 0xE0, 0xD5, 0xAD, 0x23, 0x40, 0x8F, 0x47, 0xB9, 0x92, 
0x6F, 0x32, 0x80, 0x34, 0xA8, 0xA2, 0x8A, 0x00, 0x28, 0xA2, 0x8A, 0x00, 0x28, 0xA2, 0x8A, 0x00, 
0x28, 0xA2, 0x8A, 0x00, 0x28, 0xA2, 0x8A, 0x00, 0x28, 0xA2, 0x8A, 0x00, 0x28, 0xA2, 0x8A, 0x00, 
0x28, 0xA2, 0x8A, 0x00, 0x28, 0xA2, 0x8A, 0x00, 0x28, 0xA2, 0x8A, 0x00, 0xF1, 0x3F, 0xDB, 0x7B, 
0x5B, 0xF0, 0x07, 0x83, 0x7F, 0x67, 0x0F, 0x14, 0x78, 0xA3, 0xE2, 0x27, 0x85, 0xF4, 0xCF, 0x14, 
0x78, 0x6F, 0xC3, 0x7A, 0x5C, 0xDA, 0x84, 0x96, 0x77, 0x90, 0xC7, 0x2B, 0x5C, 0x37, 0x97, 0xFE, 
0xA5, 0x77, 0x7F, 0x13, 0xD7, 0xF2, 0xE7, 0xF1, 0xE3, 0x5E, 0xBE, 0xF8, 0x85, 0xF1, 0x43, 0x5C, 
0xD7, 0xB4, 0x1D, 0x37, 0x4B, 0xF0, 0xAE, 0x9B, 0xAA, 0x5F, 0x49, 0x3D, 0xAE, 0x87, 0xA6, 0xFF, 
0x00, 0xC7, 0x9E, 0x95, 0x1F, 0xFC, 0xF3, 0x5A, 0xFD, 0x84, 0xFF, 0x00, 0x83, 0x99, 0xBE, 0x39, 
0xB7, 0xD8, 0x3C, 0x07, 0xF0, 0xD6, 0xC6, 0x4B, 0xAF, 0x32, 0x58, 0xEE, 0xBC, 0x4B, 0xA8, 0x79, 
0x3F, 0xF3, 0xCE, 0x3F, 0xDD, 0x43, 0xBB, 0xFF, 0x00, 0x22, 0x57, 0xC7, 0xFF, 0x00, 0x0D, 0xFF, 
0x00, 0x60, 0x2F, 0x0F, 0xFC, 0x3D, 0xD6, 0x3E, 0x1E, 0xC3, 0xE3, 0x8F, 0x23, 0x5C, 0xF1, 0x27, 
0x8B, 0xEC, 0x63, 0xD4, 0x21, 0xF0, 0xDC, 0xDA, 0xD7, 0xF6, 0x5F, 0xFD, 0xB3, 0xFF, 0x00, 0x9E, 
0x8D, 0x5F, 0x19, 0xC4, 0x1C, 0x55, 0x47, 0x2A, 0x97, 0xBF, 0x2F, 0xFB, 0x77, 0xE5, 0x76, 0x7D, 
0x36, 0x57, 0x91, 0xFD, 0x62, 0x97, 0x3C, 0x8F, 0x8C, 0x7E, 0x16, 0xFC, 0x16, 0xF8, 0xC5, 0xF1, 
0xBE, 0xFF, 0x00, 0xEC, 0xBE, 0x0D, 0xF0, 0x6E, 0xB1, 0xE2, 0x29, 0xAD, 0xFF, 0x00, 0xD7, 0x4D, 
0x67, 0x0A, 0xF9, 0x56, 0xFF, 0x00, 0xEF, 0x48, 0xD4, 0xDF, 0x89, 0x1F, 0x05, 0xBE, 0x25, 0x7C, 
0x25, 0xF1, 0x84, 0xDA, 0x0F, 0x8C, 0xAC, 0xEE, 0x3C, 0x3B, 0xA9, 0x5B, 0xFF, 0x00, 0xCB, 0x19, 
0xAB, 0xF7, 0xE9, 0x34, 0x8D, 0x1F, 0xE0, 0x67, 0xC2, 0xBB, 0x85, 0xD0, 0x74, 0x5D, 0x2F, 0x4B, 
0xD3, 0x74, 0x4B, 0x1F, 0x3E, 0x3B, 0x1B, 0x3F, 0x2E, 0xD1, 0x62, 0xF2, 0xEB, 0xE5, 0x1F, 0xDB, 
0x07, 0xC7, 0xD6, 0x5F, 0xB4, 0x8F, 0xFC, 0x13, 0xE3, 0xC6, 0xDE, 0x2C, 0xD4, 0x34, 0x5F, 0x0D, 
0x79, 0x36, 0x5E, 0x5F, 0xF6, 0x2E, 0xA9, 0xA7, 0x5F, 0x7D, 0xB7, 0xED, 0x12, 0x47, 0x25, 0x7E, 
0x39, 0x92, 0xF8, 0xE1, 0x98, 0x66, 0x18, 0xFF, 0x00, 0xDD, 0xE1, 0xE3, 0x1C, 0x3B, 0x97, 0x2F, 
0x9F, 0x33, 0x3E, 0x8A, 0xBF, 0x06, 0xE1, 0xA9, 0xD3, 0xF8, 0xBD, 0xE1, 0x3F, 0xE0, 0x86, 0x5E, 
0x15, 0xF8, 0x77, 0xAE, 0x7E, 0xCC, 0x1F, 0x13, 0x26, 0xD4, 0xFE, 0x1F, 0xE8, 0x3A, 0xE7, 0xC4, 
0x4F, 0x07, 0xAE, 0xEB, 0x5D, 0x7B, 0x52, 0x87, 0xCF, 0x96, 0xF7, 0xED, 0xB1, 0xED, 0x86, 0x3A, 
0xFD, 0x97, 0xF8, 0x7F, 0xE1, 0x3B, 0x7F, 0x03, 0xF8, 0x17, 0x45, 0xD1, 0xAD, 0x79, 0x83, 0x45, 
0xB1, 0x87, 0x4F, 0x8F, 0xFE, 0xD8, 0xC7, 0xE5, 0x7F, 0xEC, 0xB5, 0xF9, 0x33, 0xFF, 0x00, 0x04, 
0x17, 0xF0, 0x95, 0x95, 0x9F, 0xEC, 0xFD, 0x22, 0xAD, 0xAB, 0xFD, 0xA3, 0xC5, 0x1F, 0x10, 0x6D, 
0xFE, 0xDC, 0x64, 0xFF, 0x00, 0x9F, 0x5D, 0x3A, 0x1F, 0x37, 0xFF, 0x00, 0x4A, 0xEB, 0xF5, 0x53, 
0xE3, 0x17, 0x8A, 0xE6, 0xF0, 0x87, 0xC3, 0x8D, 0x6A, 0xFA, 0xD6, 0xDF, 0xED, 0x17, 0x4B, 0x67, 
0x27, 0x93, 0x0F, 0xF7, 0xE5, 0x6F, 0x95, 0x56, 0xBF, 0xA0, 0x72, 0x8C, 0x75, 0x2C, 0x6B, 0x74, 
0xA9, 0xCB, 0x99, 0xC6, 0x5F, 0x89, 0xF0, 0x39, 0xC5, 0x1F, 0xAB, 0x3B, 0xCB, 0xDD, 0x89, 0xCE, 
0xFC, 0x23, 0x37, 0xDA, 0xDF, 0x85, 0xB5, 0x6D, 0x5B, 0x4F, 0x9A, 0xCE, 0xD6, 0xF3, 0x5E, 0xD5, 
0xAE, 0xAE, 0x61, 0x6B, 0x88, 0xF7, 0x7E, 0xE9, 0x5B, 0xC8, 0x5F, 0xFD, 0x17, 0x1D, 0x75, 0x0B, 
0x6B, 0xE3, 0x08, 0x93, 0xFE, 0x3F, 0x3C, 0x3B, 0x71, 0xFE, 0xF5, 0xAC, 0x8B, 0xB7, 0xFF, 0x00, 
0x1E, 0xAC, 0xBD, 0x33, 0xC2, 0x71, 0xF8, 0x5B, 0xC2, 0xBA, 0x2E, 0x8F, 0x61, 0xE2, 0x7F, 0xEC, 
0x79, 0xB4, 0x9B, 0x48, 0xED, 0x76, 0xFE, 0xE6, 0x4F, 0x37, 0x6C, 0x7F, 0xC4, 0xAD, 0x57, 0x6C, 
0xF4, 0x5D, 0x4B, 0x51, 0x8D, 0x6F, 0x2D, 0xBC, 0x69, 0x75, 0x71, 0x0C, 0x9F, 0xF2, 0xD2, 0x38, 
0x6D, 0x5A, 0x0F, 0xFD, 0x06, 0xBD, 0x9A, 0x92, 0xBC, 0x9B, 0x89, 0xE4, 0x61, 0xA2, 0xD5, 0x28, 
0xC6, 0x45, 0xFD, 0x23, 0x4D, 0xF1, 0x15, 0x9D, 0xF2, 0xFD, 0xBB, 0x52, 0xD3, 0xAF, 0x2D, 0x7F, 
0xE7, 0x9C, 0x76, 0x7E, 0x5B, 0xFF, 0x00, 0xE8, 0x55, 0x1F, 0xC5, 0x4F, 0x89, 0x76, 0xFF, 0x00, 
0x0C, 0x7C, 0x29, 0x71, 0xA9, 0x5C, 0x37, 0xCD, 0x17, 0xDD, 0x8E, 0xA9, 0xFC, 0x41, 0xF1, 0x2C, 
0x36, 0x7A, 0x02, 0xDE, 0xDA, 0xEB, 0xFF, 0x00, 0xD9, 0xFF, 0x00, 0x67, 0xFF, 0x00, 0x9F, 0x7F, 
0x26, 0x6D, 0xDF, 0xEC, 0xFC, 0xD5, 0xF2, 0x3F, 0xC7, 0x5F, 0x8E, 0x57, 0x1E, 0x2F, 0xF3, 0x1A, 
0xF6, 0xF1, 0xAE, 0xAC, 0xD7, 0xE5, 0x8F, 0xCB, 0xFF, 0x00, 0x97, 0xBF, 0xF6, 0x57, 0xCB, 0xAF, 
0xC8, 0x3C, 0x45, 0xF1, 0x4B, 0x0B, 0xC3, 0x31, 0x8D, 0x28, 0xAF, 0x69, 0x5E, 0x5F, 0x64, 0xFA, 
0xFC, 0x87, 0x85, 0xF1, 0x19, 0xB3, 0xE5, 0xA5, 0xEE, 0xC7, 0xF9, 0x8F, 0x23, 0xFD, 0xB8, 0xFE, 
0x1A, 0x78, 0x83, 0xE2, 0x57, 0x8E, 0x57, 0xC6, 0xD6, 0x37, 0xCD, 0xAC, 0x4D, 0xE5, 0xC6, 0xB3, 
0x43, 0xFF, 0x00, 0x3E, 0xFE, 0x5F, 0xFC, 0xF1, 0xAF, 0xA5, 0x3F, 0xE0, 0x97, 0xFE, 0x01, 0xF1, 
0xA7, 0x84, 0x7E, 0x1C, 0xDF, 0x6A, 0x7E, 0x2A, 0x4F, 0xB3, 0xDB, 0xEB, 0x7E, 0x4C, 0xD6, 0x56, 
0xBF, 0xF2, 0xD3, 0x6F, 0xFC, 0xF6, 0x6A, 0xAD, 0xFB, 0x1C, 0xFC, 0x06, 0xBE, 0xF1, 0xE6, 0x9F, 
0xFD, 0xBB, 0xE2, 0x76, 0x5F, 0xEC, 0x8F, 0x33, 0xFE, 0x25, 0xF6, 0xBF, 0xDE, 0xAF, 0xAC, 0xD6, 
0x45, 0x8B, 0x6C, 0x69, 0xF7, 0x76, 0xD7, 0xDB, 0x64, 0x78, 0x8C, 0x26, 0x67, 0x46, 0x96, 0x73, 
0x4A, 0x32, 0x8B, 0xA9, 0x1F, 0x86, 0x47, 0x7E, 0x2B, 0x8A, 0xB3, 0x6A, 0x39, 0x54, 0xB8, 0x63, 
0x1B, 0xCB, 0x28, 0xD3, 0xFB, 0x5F, 0x6B, 0xDD, 0x2E, 0x51, 0x45, 0x15, 0xF4, 0xA7, 0xC7, 0x05, 
0x14, 0x51, 0x40, 0x05, 0x14, 0x51, 0x40, 0x05, 0x14, 0x51, 0x40, 0x05, 0x14, 0x51, 0x40, 0x05, 
0x14, 0x51, 0x40, 0x05, 0x14, 0x51, 0x40, 0x05, 0x14, 0x51, 0x40, 0x1C, 0xDF, 0x8C, 0xFF, 0x00, 
0xE3, 0xFE, 0xDF, 0xFD, 0xCA, 0xC7, 0xAE, 0xAB, 0x57, 0xD0, 0x23, 0xD6, 0x2E, 0x63, 0x9B, 0xCC, 
0xAA, 0xBF, 0xF0, 0x84, 0xC7, 0xFF, 0x00, 0x3F, 0x06, 0x80, 0x39, 0xFA, 0x2B, 0xA0, 0xFF, 0x00, 
0x84, 0x26, 0x3F, 0xF9, 0xF8, 0x34, 0x7F, 0xC2, 0x13, 0x1F, 0xFC, 0xFC, 0x1A, 0x00, 0xE7, 0xE8, 
0xAE, 0x83, 0xFE, 0x10, 0x98, 0xFF, 0x00, 0xE7, 0xE0, 0xD1, 0xFF, 0x00, 0x08, 0x4C, 0x7F, 0xF3, 
0xF0, 0x68, 0x03, 0x72, 0x8A, 0xE0, 0xFC, 0xD9, 0x3F, 0xBD, 0x47, 0x9B, 0x27, 0xF7, 0xA8, 0x03, 
0xBC, 0xA2, 0xB8, 0x3F, 0x36, 0x4F, 0xEF, 0x51, 0xE6, 0xC9, 0xFD, 0xEA, 0x00, 0xEF, 0x28, 0xAE, 
0x0F, 0xCD, 0x93, 0xFB, 0xD5, 0xB5, 0xE0, 0xD9, 0xA4, 0x9A, 0xFE, 0xE3, 0x7F, 0xF7, 0x68, 0x03, 
0xA2, 0xA2, 0x8A, 0x28, 0x00, 0xA2, 0x8A, 0x28, 0x00, 0xA2, 0x8A, 0x28, 0x00, 0xA2, 0x8A, 0x28, 
0x00, 0xA2, 0x8A, 0x28, 0x00, 0xA2, 0x8A, 0x28, 0x00, 0xA2, 0x8A, 0x28, 0x00, 0xA2, 0x8A, 0x28, 
0x00, 0xA2, 0x8A, 0x28, 0x00, 0xA2, 0x8A, 0x28, 0x03, 0xF3, 0x17, 0xFE, 0x0A, 0xA7, 0xFB, 0x3F, 
0x69, 0xF7, 0x7F, 0xF0, 0x50, 0x8F, 0x86, 0x9E, 0x24, 0xD7, 0xD6, 0x2B, 0xAF, 0x0F, 0xFC, 0x48, 
0xD3, 0x6D, 0x7C, 0x31, 0xFF, 0x00, 0x5E, 0xF7, 0x5A, 0x74, 0xF3, 0xEA, 0x11, 0xFF, 0x00, 0xC0, 
0x5A, 0xAC, 0x7C, 0x54, 0xF8, 0x59, 0xF0, 0xBF, 0x4A, 0xF8, 0xD1, 0xA0, 0xFC, 0x4A, 0xF1, 0x67, 
0xF6, 0x75, 0x8F, 0x89, 0x34, 0xB8, 0xFF, 0x00, 0xB3, 0xF4, 0xBB, 0xCB, 0xEB, 0xEF, 0x26, 0x2A, 
0xF4, 0x8F, 0xF8, 0x2A, 0x7F, 0xFC, 0x13, 0x6A, 0xDF, 0xF6, 0x8C, 0xBA, 0xB3, 0xF8, 0x91, 0xA1, 
0xF8, 0xEB, 0xFE, 0x11, 0x1F, 0x1E, 0x78, 0x5D, 0xA1, 0x9F, 0x49, 0xFE, 0xD6, 0xD4, 0xBC, 0x8D, 
0x0F, 0xF7, 0x3F, 0xF3, 0xD2, 0x3A, 0xF2, 0x9D, 0x1F, 0xE2, 0x8F, 0x86, 0xFE, 0x2D, 0x78, 0x1F, 
0xFB, 0x07, 0xE2, 0x25, 0xBF, 0x84, 0xAE, 0x35, 0x8B, 0x78, 0xFF, 0x00, 0xE2, 0x61, 0x67, 0x67, 
0xAA, 0x47, 0xAC, 0xD8, 0x79, 0x9F, 0xF3, 0xD1, 0x64, 0x8E, 0xBF, 0x95, 0x7C, 0x70, 0xC8, 0xB3, 
0x0A, 0x18, 0xF8, 0x66, 0xD4, 0x25, 0x2F, 0x61, 0x28, 0xF2, 0xCF, 0x97, 0xEC, 0xF3, 0x69, 0xF8, 
0x9F, 0xAA, 0x70, 0x96, 0x36, 0x8D, 0x6C, 0x37, 0xD5, 0x65, 0xAC, 0xA2, 0x74, 0x17, 0x5A, 0xFF, 
0x00, 0x84, 0xFE, 0x3C, 0xE8, 0xFA, 0xD7, 0x82, 0x75, 0x2D, 0x4B, 0x41, 0xD5, 0xBF, 0xB5, 0x2C, 
0x64, 0x82, 0xEA, 0xC7, 0x4D, 0xD4, 0x3C, 0xD9, 0x7E, 0xCB, 0x5E, 0x5F, 0xF1, 0x5B, 0xE0, 0xE6, 
0x93, 0xA6, 0xF8, 0x33, 0xC1, 0xDF, 0x00, 0x7E, 0x1A, 0xF8, 0x7E, 0x0B, 0xAD, 0x63, 0x56, 0x9B, 
0xED, 0xDA, 0x7E, 0x9F, 0xFF, 0x00, 0x2C, 0x2D, 0x16, 0x16, 0xDC, 0xD7, 0xB7, 0xED, 0xFD, 0xDA, 
0xEA, 0x34, 0x2D, 0x5B, 0xC3, 0x7E, 0x0A, 0xB2, 0xBC, 0xD0, 0x3E, 0x0F, 0x68, 0xFE, 0x01, 0xFF, 
0x00, 0x84, 0x81, 0x9B, 0x6F, 0xFA, 0x76, 0xAD, 0x0E, 0x97, 0x6B, 0x6F, 0x27, 0xFD, 0x36, 0x93, 
0xFD, 0x7D, 0x7B, 0x37, 0xEC, 0x6F, 0xFF, 0x00, 0x04, 0xA2, 0x87, 0xE1, 0x67, 0xC5, 0xAB, 0x7F, 
0x8B, 0x1F, 0x10, 0x7C, 0x6F, 0xAA, 0x78, 0xEB, 0xE2, 0x8F, 0x7B, 0xAB, 0x1B, 0x86, 0xB2, 0xD1, 
0xD3, 0xFD, 0x98, 0xE1, 0xAF, 0x03, 0xC3, 0x3F, 0x0D, 0x71, 0xD8, 0xEC, 0x44, 0x71, 0x13, 0xE6, 
0x8E, 0x13, 0xE2, 0xF7, 0xB4, 0x72, 0x97, 0x7B, 0x23, 0xBB, 0x3E, 0xE2, 0x2A, 0x38, 0x58, 0xDA, 
0x1C, 0xBE, 0xD0, 0xF5, 0x6F, 0xD9, 0x4B, 0xF6, 0x09, 0xF0, 0xF7, 0xEC, 0xAF, 0xE1, 0x2F, 0x0A, 
0x68, 0xBA, 0x4D, 0xC4, 0xD2, 0xC3, 0xE1, 0x8B, 0x5D, 0xBC, 0x9F, 0xF8, 0xFB, 0xBC, 0x93, 0xE7, 
0xB8, 0xBA, 0x6F, 0xFA, 0xEB, 0x25, 0x7A, 0x1F, 0xC6, 0x3B, 0x6F, 0xED, 0x6D, 0x47, 0xC2, 0xBE, 
0x1F, 0x8F, 0xFE, 0x62, 0x9A, 0xB4, 0x73, 0xDC, 0x7F, 0xD7, 0x1B, 0x7F, 0xDF, 0xFF, 0x00, 0xED, 
0x35, 0xAE, 0xFC, 0x7D, 0xEF, 0x31, 0xAB, 0xCF, 0x5D, 0x26, 0xD7, 0xFE, 0x3D, 0xDD, 0x34, 0x3F, 
0x2A, 0xF8, 0x77, 0x47, 0xDB, 0x1E, 0xEF, 0xBB, 0xE7, 0x5C, 0xC9, 0xFF, 0x00, 0xB2, 0xAC, 0x3F, 
0xF9, 0x12, 0xBF, 0xAE, 0xB2, 0x4C, 0xA7, 0x0B, 0x81, 0x73, 0x9E, 0x1A, 0x3C, 0xBC, 0xDA, 0xBF, 
0xF1, 0x6C, 0x7E, 0x2D, 0x9C, 0x63, 0x6B, 0x62, 0x39, 0x63, 0x53, 0xDE, 0xE9, 0xF2, 0xDD, 0x97, 
0x75, 0xBB, 0x8D, 0x27, 0x55, 0xD4, 0xA4, 0x8E, 0x4F, 0x05, 0xDF, 0xEA, 0x57, 0x0A, 0x3F, 0xD7, 
0x4D, 0xA6, 0xC3, 0xB1, 0xFF, 0x00, 0xED, 0xA4, 0x95, 0x16, 0xA5, 0xE3, 0x0B, 0x3F, 0x0D, 0xF8, 
0x72, 0x78, 0xEE, 0x3C, 0x27, 0x7D, 0x6B, 0x61, 0xFC, 0x50, 0xF9, 0x30, 0x47, 0x07, 0xFE, 0x85, 
0x5B, 0x1F, 0xF0, 0x8C, 0xF8, 0x8B, 0x7E, 0xEF, 0xF8, 0x48, 0xA3, 0xDB, 0xFD, 0xEF, 0xEC, 0xD5, 
0xDF, 0x5C, 0x47, 0xC7, 0x7B, 0x48, 0xFE, 0x26, 0x68, 0x17, 0x5A, 0x6E, 0x97, 0x7D, 0xE6, 0x4D, 
0xA6, 0x3F, 0x95, 0x27, 0x93, 0x27, 0xFA, 0xA9, 0xBF, 0xDA, 0xAF, 0x23, 0x8C, 0x33, 0x5A, 0xD8, 
0x0C, 0xB2, 0xAD, 0x6C, 0x1C, 0x79, 0xAA, 0xFD, 0x9F, 0x53, 0xD1, 0xCB, 0x70, 0xB4, 0xEB, 0x62, 
0x61, 0x4E, 0x7E, 0xEC, 0x4F, 0x9F, 0x3E, 0x3A, 0xFC, 0x54, 0xD3, 0xF5, 0x2D, 0x4A, 0xF2, 0x4B, 
0x5B, 0x3B, 0x5D, 0x3F, 0x4D, 0xFF, 0x00, 0x51, 0x37, 0xD9, 0xE1, 0xDB, 0xF6, 0x8F, 0xF6, 0x7E, 
0x5A, 0xE5, 0xFC, 0x0D, 0xF0, 0xBA, 0xF3, 0xC6, 0x7A, 0x35, 0xF7, 0x8C, 0xB5, 0xE8, 0x7C, 0x9D, 
0x36, 0xCA, 0x19, 0x3F, 0xB3, 0xED, 0xEB, 0x6B, 0xC0, 0x7F, 0xB2, 0xCF, 0x88, 0x3E, 0x25, 0xF8, 
0xF2, 0x45, 0xD5, 0xAD, 0xFF, 0x00, 0xB2, 0x74, 0xDD, 0x2E, 0x4D, 0xB6, 0xAB, 0x5F, 0x40, 0xF8, 
0x9F, 0xE1, 0xFA, 0xE8, 0xF6, 0xFE, 0x16, 0xF0, 0xCB, 0xC8, 0xB7, 0x4D, 0xA8, 0xEA, 0x51, 0xFF, 
0x00, 0xAB, 0x87, 0x6A, 0xAC, 0x30, 0xFE, 0xF2, 0xBF, 0x9F, 0x7C, 0x2F, 0xF0, 0xDF, 0x17, 0x9D, 
0x66, 0xBF, 0xEB, 0x27, 0x14, 0xC7, 0x9B, 0xDE, 0xF8, 0x65, 0xD4, 0xFD, 0x0F, 0x8B, 0x38, 0xA3, 
0x0F, 0x94, 0x65, 0x9F, 0xD9, 0x99, 0x24, 0xBF, 0x79, 0x2F, 0xB5, 0xDA, 0xFF, 0x00, 0xA9, 0xEA, 
0x1F, 0x0C, 0x3C, 0x32, 0xBE, 0x09, 0xF8, 0x7B, 0xA3, 0xE8, 0xFF, 0x00, 0xF3, 0xE5, 0x6D, 0x1C, 
0x15, 0xD1, 0xD3, 0x50, 0x05, 0x18, 0xA7, 0x57, 0xF5, 0x37, 0x2C, 0x53, 0xB4, 0x34, 0x3F, 0x2F, 
0x8A, 0x95, 0xAD, 0x30, 0xA2, 0x8A, 0x2A, 0x8B, 0x0A, 0x28, 0xA2, 0x80, 0x0A, 0x28, 0xA2, 0x80, 
0x0A, 0x28, 0xA2, 0x80, 0x0A, 0x28, 0xA2, 0x80, 0x0A, 0x28, 0xA2, 0x80, 0x0A, 0x28, 0xA2, 0x80, 
0x0A, 0x28, 0xA2, 0x80, 0x0A, 0x2B, 0x9D, 0xF1, 0x96, 0xEF, 0xB7, 0x5B, 0xFF, 0x00, 0xD7, 0x3A, 
0xC5, 0xF3, 0x64, 0xFE, 0xF5, 0x00, 0x77, 0x94, 0x57, 0x07, 0xE6, 0xC9, 0xFD, 0xEA, 0x3C, 0xD9, 
0x3F, 0xBD, 0x40, 0x1D, 0xE5, 0x15, 0xC1, 0xF9, 0xB2, 0x7F, 0x7A, 0x8F, 0x36, 0x4F, 0xEF, 0x50, 
0x06, 0xC7, 0xFC, 0x21, 0xB7, 0x1E, 0xB6, 0xBF, 0xF7, 0xCD, 0x1F, 0xF0, 0x86, 0xDC, 0x7A, 0xDA, 
0xFF, 0x00, 0xDF, 0x35, 0xD2, 0x51, 0x40, 0x1C, 0xDF, 0xFC, 0x21, 0xB7, 0x1E, 0xB6, 0xBF, 0xF7, 
0xCD, 0x1F, 0xF0, 0x86, 0xDC, 0x7A, 0xDA, 0xFF, 0x00, 0xDF, 0x35, 0xD2, 0x51, 0x40, 0x1C, 0xDF, 
0xFC, 0x21, 0xB7, 0x1E, 0xB6, 0xBF, 0xF7, 0xCD, 0x5D, 0xD0, 0xB4, 0x19, 0xB4, 0x89, 0x9A, 0x69, 
0x1A, 0x3F, 0xBB, 0x5A, 0xF4, 0x50, 0x01, 0x45, 0x14, 0x50, 0x01, 0x45, 0x14, 0x50, 0x01, 0x45, 
0x14, 0x50, 0x01, 0x45, 0x14, 0x50, 0x01, 0x45, 0x14, 0x50, 0x01, 0x45, 0x15, 0xE0, 0xFF, 0x00, 
0xB3, 0xFF, 0x00, 0xFC, 0x14, 0x37, 0xE1, 0x2F, 0xED, 0x41, 0xF1, 0xCB, 0xC4, 0xDF, 0x0F, 0x7C, 
0x0F, 0xE2, 0xDB, 0x1F, 0x15, 0x6B, 0xDE, 0x0F, 0xB1, 0x8E, 0xFB, 0x58, 0x9B, 0x4B, 0x6F, 0x3A, 
0xC6, 0xCB, 0xCC, 0x6F, 0x2D, 0x57, 0xCE, 0xFF, 0x00, 0x9E, 0x94, 0x01, 0xEF, 0x14, 0x51, 0x45, 
0x00, 0x14, 0x51, 0x45, 0x00, 0x14, 0x51, 0x45, 0x00, 0x15, 0xF9, 0xD7, 0xFF, 0x00, 0x05, 0xBB, 
0xFF, 0x00, 0x82, 0xC1, 0x43, 0xFF, 0x00, 0x04, 0xF6, 0xD3, 0x74, 0x7F, 0x08, 0xF8, 0x77, 0x52, 
0xD0, 0xEC, 0x7E, 0x20, 0xF8, 0xA2, 0xD6, 0x4B, 0x98, 0xEE, 0x35, 0x29, 0x97, 0xFE, 0x25, 0x90, 
0xD7, 0xE8, 0xA5, 0x62, 0x6B, 0xBE, 0x0B, 0xD1, 0x75, 0xE6, 0xF3, 0xB5, 0x0D, 0x27, 0x4B, 0xBA, 
0x9B, 0x6F, 0xFA, 0xCB, 0xCB, 0x58, 0xE5, 0xA0, 0x0F, 0xE4, 0x13, 0xF6, 0x86, 0xFD, 0xBA, 0x7C, 
0x59, 0xFB, 0x40, 0xF8, 0x9A, 0xE2, 0xFB, 0xC4, 0x5E, 0x3E, 0xFF, 0x00, 0x84, 0x8A, 0x69, 0xE4, 
0xFF, 0x00, 0x5D, 0xA9, 0x6B, 0xD1, 0xB5, 0x73, 0x3F, 0x03, 0x7F, 0x6A, 0x2F, 0x10, 0x7E, 0xCF, 
0x3E, 0x21, 0xD4, 0xB5, 0x6F, 0x0E, 0xF8, 0x8B, 0x41, 0x86, 0xF3, 0x54, 0xB1, 0x92, 0xDA, 0x6F, 
0xF4, 0xCB, 0x4A, 0xFE, 0x91, 0xBF, 0x62, 0xDF, 0xF8, 0x2A, 0x97, 0xC0, 0xCF, 0xDB, 0x9F, 0xF6, 
0xC4, 0xF1, 0xAF, 0xC2, 0x6F, 0x03, 0xF8, 0x26, 0x09, 0x97, 0xC1, 0xD6, 0x13, 0x5F, 0x7F, 0x6E, 
0xB6, 0x9F, 0x6C, 0xB6, 0x7A, 0x97, 0x93, 0x3F, 0x91, 0x27, 0x93, 0x5D, 0xDF, 0xED, 0xD9, 0xFB, 
0x7E, 0xFE, 0xCF, 0x9F, 0xF0, 0x4E, 0xA9, 0xF4, 0x6B, 0x5F, 0x88, 0x7A, 0x7E, 0x99, 0xFD, 0xAD, 
0xE2, 0x43, 0xB7, 0x4C, 0xD2, 0xF4, 0xDD, 0x0A, 0x39, 0xEF, 0x2E, 0x2B, 0x9F, 0x15, 0x85, 0xA3, 
0x8A, 0xA3, 0xF5, 0x7C, 0x4C, 0x79, 0xA3, 0x23, 0x4A, 0x18, 0x8A, 0xB4, 0xA7, 0xED, 0x28, 0xFB, 
0xAD, 0x1F, 0xCA, 0xD7, 0xFC, 0x2C, 0xD9, 0xAE, 0x75, 0x89, 0xB5, 0x0B, 0xAF, 0x12, 0x69, 0xD7, 
0xD7, 0x97, 0x12, 0xF9, 0xF7, 0x13, 0x4D, 0xAA, 0x5A, 0x34, 0xB7, 0x15, 0xFA, 0x29, 0xFF, 0x00, 
0x04, 0x6E, 0xFF, 0x00, 0x82, 0xB2, 0x78, 0xC3, 0xE0, 0xC7, 0xED, 0x15, 0xE0, 0xDF, 0x09, 0xAF, 
0x8C, 0xA0, 0xD7, 0x3C, 0x3B, 0xE2, 0x6D, 0x5A, 0xCF, 0x4A, 0xBA, 0xD0, 0x66, 0xD6, 0x23, 0x9F, 
0xF7, 0x93, 0x7F, 0xCB, 0x48, 0x6B, 0xFA, 0x22, 0xB6, 0xF8, 0x6B, 0xE1, 0x3B, 0xDB, 0x65, 0x92, 
0x3F, 0x0D, 0x78, 0x77, 0xC9, 0x95, 0x7F, 0xE8, 0x1D, 0x05, 0x58, 0xB3, 0xF8, 0x5D, 0xE1, 0xCD, 
0x35, 0xD6, 0x48, 0xFC, 0x3F, 0xA0, 0xC6, 0xCB, 0xFC, 0x50, 0xE9, 0xF1, 0xC7, 0x5A, 0x53, 0xA7, 
0x08, 0x2E, 0x48, 0x19, 0xC9, 0xB9, 0xEA, 0xCD, 0xE9, 0x7E, 0xE3, 0x57, 0x84, 0xF8, 0x13, 0xE2, 
0x5F, 0x86, 0x9D, 0xBC, 0x53, 0x75, 0x73, 0xE2, 0xED, 0x2F, 0x45, 0xBE, 0xD4, 0xB5, 0x99, 0x98, 
0xB7, 0xDA, 0xA1, 0xF3, 0x56, 0x18, 0x7F, 0x70, 0xBF, 0xFA, 0x2E, 0xBD, 0xD3, 0xFF, 0x00, 0x40, 
0xAC, 0xFF, 0x00, 0xF8, 0x44, 0x74, 0xD1, 0xFF, 0x00, 0x30, 0xFB, 0x3F, 0xFB, 0xF2, 0xB5, 0xD3, 
0x4A, 0xA4, 0x62, 0x9C, 0x64, 0x70, 0xE2, 0xA8, 0x54, 0x95, 0x48, 0xCA, 0x27, 0x9B, 0x1F, 0x8A, 
0xFA, 0x2F, 0x96, 0xAC, 0xDF, 0x17, 0x74, 0x5D, 0xDF, 0xF3, 0xD3, 0x75, 0x96, 0xDA, 0xF2, 0xCF, 
0xD9, 0xBB, 0xE0, 0xE7, 0x80, 0x3E, 0x03, 0x78, 0x97, 0xC5, 0x5E, 0x20, 0xD4, 0x3E, 0x31, 0xDC, 
0x78, 0xB7, 0x54, 0xF1, 0x7E, 0xA1, 0x36, 0xA1, 0x7C, 0x2F, 0x35, 0x48, 0x16, 0xD5, 0x24, 0x93, 
0xFE, 0x79, 0xC2, 0xB5, 0xF4, 0xE7, 0xFC, 0x21, 0xDA, 0x6F, 0xFD, 0x03, 0x6C, 0x3F, 0xF0, 0x1D, 
0x6B, 0x2A, 0xF4, 0x78, 0x67, 0x4D, 0xD5, 0xEC, 0x74, 0x7B, 0xA5, 0xD1, 0xE2, 0xD4, 0xAF, 0xD5, 
0x9A, 0xDA, 0xD1, 0x95, 0x55, 0xA7, 0xDB, 0xF7, 0xB6, 0xAD, 0x39, 0x7D, 0x5E, 0x7F, 0x1C, 0x7F, 
0x23, 0x1F, 0xAB, 0xE2, 0xFF, 0x00, 0x9A, 0x3F, 0x8F, 0xF9, 0x98, 0xF6, 0x7F, 0x1C, 0x3C, 0x03, 
0x62, 0x3C, 0xBB, 0x7F, 0x13, 0x78, 0x76, 0x3F, 0xFB, 0x7E, 0x8E, 0xB1, 0xBC, 0x29, 0xE2, 0x4D, 
0x37, 0xE2, 0x8F, 0xC6, 0xDF, 0xB7, 0x69, 0x37, 0xD6, 0xBA, 0x96, 0x9F, 0xE1, 0xFD, 0x3B, 0xFD, 
0x65, 0xBC, 0xDE, 0x62, 0xF9, 0xD3, 0xFF, 0x00, 0xF6, 0x2B, 0x5E, 0x87, 0xFF, 0x00, 0x08, 0x5E, 
0x92, 0xBD, 0x74, 0xCB, 0x3F, 0xFB, 0xF2, 0xB5, 0x6A, 0xC3, 0x4B, 0xB7, 0xB0, 0x5F, 0xF4, 0x7B, 
0x7B, 0x78, 0x7F, 0xDD, 0x87, 0x6D, 0x57, 0x3D, 0x18, 0xC6, 0xD0, 0x1F, 0xD5, 0xEB, 0x4E, 0x51, 
0xF6, 0xDC, 0xBE, 0xE9, 0x7E, 0x8A, 0x28, 0xAE, 0x73, 0xD3, 0x0A, 0x28, 0xAE, 0x57, 0xE2, 0x9F, 
0x8E, 0x74, 0x3F, 0x85, 0x5F, 0x0F, 0x75, 0xAF, 0x10, 0x78, 0x93, 0x58, 0xB5, 0xD0, 0xB4, 0x1D, 
0x16, 0xC2, 0x6B, 0xBD, 0x43, 0x54, 0xB8, 0x9B, 0xCB, 0x8B, 0x4F, 0x85, 0x63, 0xF9, 0xA6, 0x6F, 
0xA5, 0x00, 0x78, 0x3F, 0xEC, 0xDD, 0xFB, 0x7B, 0xEA, 0x5F, 0xB5, 0x0F, 0xED, 0x21, 0xE2, 0x6F, 
0x0F, 0xE8, 0x1F, 0x0D, 0xF5, 0x18, 0xFE, 0x18, 0xE8, 0x7F, 0xDA, 0x1A, 0x72, 0xF8, 0xF2, 0x6D, 
0x52, 0x15, 0x83, 0x50, 0xD5, 0x6C, 0xAE, 0xFE, 0xCD, 0x71, 0x69, 0x1D, 0x9F, 0xFA, 0xFF, 0x00, 
0xFB, 0x69, 0x5F, 0x51, 0x57, 0xE7, 0x6F, 0xFC, 0x11, 0x29, 0x3F, 0x65, 0x9F, 0x8B, 0x63, 0xC7, 
0xDF, 0x10, 0xBE, 0x01, 0xF8, 0x7F, 0x5B, 0xBE, 0xF1, 0x04, 0x3A, 0x9C, 0x9A, 0x46, 0xB9, 0xE3, 
0x4F, 0x11, 0x47, 0x37, 0xF6, 0xEF, 0x88, 0xA6, 0x99, 0x7E, 0xD3, 0x23, 0x79, 0x93, 0x7F, 0xB5, 
0xFF, 0x00, 0xA0, 0xD7, 0xE8, 0x95, 0x00, 0x14, 0x51, 0x45, 0x00, 0x14, 0x51, 0x45, 0x00, 0x14, 
0x51, 0x45, 0x00, 0x14, 0x51, 0x45, 0x00, 0x14, 0x51, 0x45, 0x00, 0x14, 0x51, 0x45, 0x00, 0x64, 
0xEB, 0x5A, 0x1C, 0xDA, 0xA5, 0xCA, 0xCD, 0x14, 0x8B, 0xF7, 0x6A, 0x8F, 0xFC, 0x21, 0xB7, 0x1E, 
0xB6, 0xBF, 0xF7, 0xCD, 0x74, 0x94, 0x50, 0x07, 0x37, 0xFF, 0x00, 0x08, 0x6D, 0xC7, 0xAD, 0xAF, 
0xFD, 0xF3, 0x47, 0xFC, 0x21, 0xB7, 0x1E, 0xB6, 0xBF, 0xF7, 0xCD, 0x74, 0x94, 0x50, 0x07, 0x37, 
0xFF, 0x00, 0x08, 0x6D, 0xC7, 0xAD, 0xAF, 0xFD, 0xF3, 0x47, 0xFC, 0x21, 0xB7, 0x1E, 0xB6, 0xBF, 
0xF7, 0xCD, 0x74, 0x94, 0x50, 0x07, 0x1F, 0xFD, 0xBF, 0x7D, 0xFF, 0x00, 0x3F, 0x12, 0x54, 0x9F, 
0xDB, 0xF7, 0x9F, 0xF3, 0xF8, 0xFF, 0x00, 0xF7, 0xEE, 0xA3, 0xFE, 0xC0, 0xBE, 0xFF, 0x00, 0x9F, 
0x79, 0x28, 0xFE, 0xC0, 0xBE, 0xFF, 0x00, 0x9F, 0x79, 0x28, 0x02, 0x4F, 0xED, 0xFB, 0xCF, 0xF9, 
0xFC, 0x7F, 0xFB, 0xF7, 0x51, 0xFF, 0x00, 0x6F, 0xDF, 0x7F, 0xCF, 0xC4, 0x94, 0x7F, 0x60, 0x5F, 
0x7F, 0xCF, 0xBC, 0x94, 0x7F, 0x60, 0x5F, 0x7F, 0xCF, 0xBC, 0x94, 0x01, 0x27, 0xF6, 0xFD, 0xE7, 
0xFC, 0xFE, 0x3F, 0xFD, 0xFB, 0xAD, 0x0F, 0x0C, 0xDF, 0x5C, 0x5D, 0xCC, 0xDE, 0x64, 0xCD, 0x37, 
0xEE, 0xEB, 0x2F, 0xFB, 0x02, 0xFB, 0xFE, 0x7D, 0xE4, 0xAD, 0x2F, 0x0C, 0x69, 0xB7, 0x16, 0x73, 
0x49, 0xE6, 0x46, 0xD0, 0xFE, 0xEE, 0x80, 0x37, 0xA8, 0xA2, 0x8A, 0x00, 0x28, 0xA2, 0x8A, 0x00, 
0x28, 0xA2, 0x8A, 0x00, 0x28, 0xA2, 0x8A, 0x00, 0x28, 0xA2, 0xBF, 0x21, 0x67, 0xFF, 0x00, 0x82, 
0xB0, 0xFC, 0x41, 0xF1, 0xF7, 0xFC, 0x1C, 0xB9, 0xE1, 0x5F, 0xD9, 0xD6, 0xC6, 0xE1, 0xFC, 0x3F, 
0xF0, 0xCB, 0xC2, 0xB7, 0x5A, 0x86, 0x9B, 0x79, 0x6B, 0x0F, 0xCC, 0xDA, 0xED, 0xE7, 0xF6, 0x2C, 
0xF7, 0xDE, 0x74, 0xDF, 0xF0, 0x2A, 0x00, 0xFD, 0x13, 0xFD, 0xBF, 0x7E, 0x26, 0x47, 0xF0, 0x5F, 
0xF6, 0x15, 0xF8, 0xC1, 0xE2, 0xE9, 0x64, 0xDB, 0xFF, 0x00, 0x08, 0xFF, 0x00, 0x83, 0x35, 0x6B, 
0xAF, 0xF8, 0x12, 0xDA, 0x49, 0xFF, 0x00, 0xB3, 0x57, 0xE6, 0x27, 0xFC, 0x19, 0x97, 0xF0, 0x83, 
0xFB, 0x07, 0xF6, 0x48, 0xF8, 0x9D, 0xE3, 0xA9, 0xD7, 0xF7, 0xDE, 0x2C, 0xF1, 0x25, 0xBE, 0x91, 
0x0C, 0x8D, 0xFF, 0x00, 0x3C, 0x6C, 0xAD, 0xBF, 0xFB, 0x65, 0x7D, 0x97, 0xFF, 0x00, 0x07, 0x09, 
0xFC, 0x41, 0xB3, 0xF8, 0x73, 0xFF, 0x00, 0x04, 0x75, 0xF8, 0xE5, 0x25, 0xC3, 0x7F, 0xC8, 0x5B, 
0x45, 0xFE, 0xC7, 0x87, 0xFE, 0xBB, 0x5D, 0x4C, 0xB1, 0x7F, 0xEC, 0xD5, 0x67, 0xFE, 0x08, 0x11, 
0xF0, 0x59, 0xBE, 0x07, 0x7F, 0xC1, 0x26, 0x3E, 0x0D, 0xD9, 0xDC, 0x37, 0xFA, 0x67, 0x88, 0xB4, 
0xB6, 0xF1, 0x3D, 0xF7, 0xFD, 0x76, 0xBF, 0x91, 0xAE, 0xFF, 0x00, 0xF6, 0xA5, 0x00, 0x7D, 0x9D, 
0x5E, 0x6D, 0xFB, 0x4B, 0x7E, 0xD2, 0xBE, 0x0C, 0xFD, 0x91, 0x3E, 0x10, 0xEB, 0x3E, 0x3C, 0xF8, 
0x85, 0xAE, 0xDA, 0xE8, 0x7E, 0x19, 0xD2, 0x63, 0xFD, 0xFC, 0xD3, 0x3F, 0xFD, 0xF3, 0x1A, 0xAF, 
0xF1, 0x33, 0x57, 0x31, 0xA4, 0x7E, 0xDE, 0x9F, 0x0D, 0x35, 0x9F, 0xDA, 0xF6, 0xF3, 0xE0, 0x55, 
0x9E, 0xB5, 0x71, 0xA8, 0x7C, 0x44, 0xD2, 0xF4, 0x9F, 0xED, 0x9D, 0x46, 0xD6, 0xDE, 0xCE, 0x49, 
0xAD, 0xF4, 0x88, 0x7F, 0xE9, 0xE2, 0xE3, 0xFD, 0x5A, 0xB7, 0xFB, 0x35, 0xB5, 0xFB, 0x57, 0x7E, 
0xC9, 0x5F, 0x0F, 0xBF, 0x6D, 0x6F, 0x84, 0x17, 0x1E, 0x0B, 0xF8, 0x95, 0xA1, 0xDA, 0xF8, 0x8B, 
0xC2, 0xB2, 0xCD, 0x0D, 0xD9, 0x86, 0x69, 0x3C, 0xBD, 0xB2, 0x42, 0xDB, 0x96, 0x45, 0x65, 0xA0, 
0x0F, 0x1B, 0xBA, 0xFF, 0x00, 0x82, 0xCB, 0x7C, 0x07, 0xB9, 0xF8, 0xB7, 0xF0, 0x7F, 0xC1, 0x3A, 
0x4F, 0x8B, 0x3F, 0xB7, 0xB5, 0xCF, 0x8D, 0x0B, 0x1C, 0xFA, 0x08, 0xB1, 0x8F, 0xCE, 0x58, 0xA1, 
0x9A, 0x16, 0x96, 0x39, 0x2E, 0x3F, 0xE7, 0x9D, 0x7D, 0x75, 0x5F, 0x28, 0x7E, 0xC6, 0x1E, 0x39, 
0xFD, 0x9C, 0x3F, 0x6B, 0x6F, 0x17, 0x49, 0xE3, 0x8F, 0x84, 0xDE, 0x1B, 0xD0, 0x75, 0x0D, 0x43, 
0xE1, 0x2F, 0x99, 0xE0, 0x8B, 0x3F, 0x10, 0x5B, 0xF8, 0x7F, 0xC8, 0x5B, 0x48, 0x63, 0xFB, 0xD6, 
0xD6, 0x52, 0x7F, 0xCF, 0x2A, 0xFC, 0xBC, 0xFD, 0xA8, 0x3F, 0x69, 0xAF, 0xF8, 0x29, 0xBF, 0xED, 
0x73, 0xF1, 0x0B, 0xC4, 0xBE, 0x22, 0xF8, 0x4F, 0xE1, 0x9F, 0x88, 0x1E, 0x02, 0xF8, 0x69, 0xA3, 
0x5C, 0xDD, 0x41, 0xA4, 0x5B, 0x69, 0x9A, 0x6E, 0x9D, 0x69, 0x71, 0x7A, 0xB0, 0xC9, 0xB3, 0xCD, 
0x7F, 0xB5, 0x49, 0xE7, 0xC9, 0xD3, 0xB5, 0x00, 0x7D, 0xDF, 0xE1, 0xCF, 0xD8, 0x77, 0xF6, 0x89, 
0xD6, 0x7F, 0xE0, 0xB1, 0x57, 0xDF, 0x18, 0xFC, 0x43, 0xF1, 0x4A, 0x3F, 0xF8, 0x53, 0x1A, 0x1D, 
0x9B, 0x41, 0xE1, 0xBD, 0x06, 0xCD, 0x7F, 0xE3, 0xE2, 0xDE, 0x65, 0xF9, 0xAC, 0xA4, 0x87, 0xFF, 
0x00, 0x1E, 0xF3, 0x2B, 0xF4, 0x0E, 0xBF, 0x08, 0x7F, 0xE0, 0x95, 0xDF, 0xF0, 0x74, 0xD4, 0xD6, 
0x53, 0xDD, 0x7C, 0x39, 0xFD, 0xAC, 0x20, 0xB8, 0xB1, 0xD5, 0x2C, 0x64, 0xFB, 0x24, 0x5E, 0x2D, 
0x5B, 0x0D, 0xBF, 0xF6, 0xCE, 0xFE, 0xDD, 0x7F, 0xD5, 0xFF, 0x00, 0xD7, 0x4A, 0xFD, 0x80, 0xF8, 
0x17, 0xFB, 0x74, 0x7C, 0x1D, 0xFD, 0xA6, 0x27, 0x58, 0x7E, 0x1E, 0xFC, 0x4D, 0xF0, 0x4F, 0x8C, 
0x26, 0x64, 0x66, 0x8E, 0x2D, 0x23, 0x56, 0x86, 0xE2, 0x52, 0xAB, 0xFE, 0xCD, 0x00, 0x7E, 0x66, 
0x7F, 0xC1, 0xC1, 0xBF, 0xF0, 0x5A, 0x7F, 0x8B, 0xDF, 0xF0, 0x4F, 0x7F, 0xDA, 0xEF, 0xE1, 0xD7, 
0x85, 0x3C, 0x05, 0x05, 0x96, 0x9D, 0xA0, 0xDB, 0xE9, 0xFF, 0x00, 0xF0, 0x91, 0x5E, 0x4D, 0x7A, 
0x3E, 0x5F, 0x13, 0xFF, 0x00, 0x07, 0xD8, 0xAB, 0xEE, 0x7F, 0xD9, 0xE3, 0xFE, 0x0A, 0x27, 0xE0, 
0x7F, 0xDB, 0x8B, 0xFE, 0x09, 0xEB, 0xAF, 0x7C, 0x60, 0xF0, 0xBD, 0xC3, 0x43, 0xA6, 0xDA, 0xE8, 
0x37, 0xC7, 0x56, 0xB2, 0x9B, 0xFE, 0x3E, 0xB4, 0x5B, 0xB8, 0x6D, 0xBC, 0xC9, 0xAD, 0x24, 0xF7, 
0x1F, 0xE7, 0xDB, 0xDD, 0xBE, 0x30, 0xFC, 0x06, 0xF0, 0x8F, 0xED, 0x0D, 0xE0, 0x2D, 0x4B, 0xC2, 
0xFE, 0x36, 0xF0, 0xEE, 0x97, 0xE2, 0x6D, 0x13, 0x54, 0x82, 0x4B, 0x6B, 0xAB, 0x3D, 0x46, 0xDA, 
0x39, 0x84, 0xD1, 0xB5, 0x7F, 0x39, 0xFF, 0x00, 0xB7, 0x87, 0xEC, 0xF1, 0xE3, 0x3F, 0xF8, 0x22, 
0xC7, 0xED, 0x3B, 0xE2, 0xCF, 0x81, 0x1F, 0x0C, 0xBC, 0x75, 0xA2, 0xDC, 0x7C, 0x39, 0xFD, 0xA8, 
0xB4, 0x3F, 0xEC, 0x88, 0xEC, 0xFC, 0x47, 0x7F, 0x8F, 0xEC, 0x78, 0xEE, 0xE6, 0x8A, 0xD2, 0x49, 
0xAE, 0x64, 0xFF, 0x00, 0xBF, 0x9F, 0xBC, 0xFF, 0x00, 0x9E, 0x74, 0x01, 0xF6, 0x17, 0xFC, 0x1A, 
0x09, 0xFB, 0x23, 0x68, 0xBA, 0x07, 0xEC, 0xC3, 0xE2, 0x4F, 0x8E, 0x12, 0xE8, 0xB6, 0xBF, 0xF0, 
0x92, 0xF8, 0x93, 0x50, 0xFF, 0x00, 0x84, 0x7B, 0x4F, 0xBC, 0x66, 0xFD, 0xEA, 0x69, 0xF0, 0xAC, 
0x1E, 0x77, 0xFE, 0x44, 0xFF, 0x00, 0xD1, 0x55, 0xE3, 0x7F, 0xF0, 0x51, 0x9F, 0x81, 0x1A, 0x6F, 
0xFC, 0x14, 0xC7, 0xFE, 0x0E, 0x91, 0xF0, 0xFF, 0x00, 0xC2, 0x4D, 0x51, 0x6E, 0x66, 0xF0, 0x7F, 
0x87, 0x74, 0x7D, 0x3E, 0xC7, 0x5E, 0x5B, 0x79, 0x3C, 0xBF, 0xDC, 0xC1, 0x65, 0x3E, 0xA1, 0xE5, 
0xFF, 0x00, 0xDF, 0xC9, 0x2B, 0xF6, 0x93, 0xF6, 0x1E, 0xFD, 0x95, 0xF4, 0x5F, 0xD8, 0x9B, 0xF6, 
0x55, 0xF0, 0x67, 0xC3, 0x0D, 0x06, 0x6F, 0xB5, 0x69, 0xBE, 0x15, 0xD3, 0xA3, 0xB6, 0xFB, 0x57, 
0x7B, 0xB9, 0x3F, 0x8A, 0x6A, 0xFC, 0xD7, 0xFF, 0x00, 0x82, 0x1B, 0xF8, 0x5B, 0xFE, 0x1A, 0x4B, 
0xFE, 0x0A, 0xFB, 0xFB, 0x64, 0x7C, 0x7E, 0x91, 0x64, 0xFB, 0x2D, 0x87, 0x88, 0xAE, 0xBC, 0x25, 
0xA5, 0xAF, 0xFC, 0xF2, 0xDB, 0x27, 0xFF, 0x00, 0x1B, 0x8E, 0x80, 0x3F, 0x60, 0x34, 0xFD, 0x36, 
0x1D, 0x36, 0xC2, 0xDE, 0xD6, 0x3F, 0xF5, 0x30, 0x46, 0xB1, 0xC7, 0xFF, 0x00, 0x01, 0xAB, 0x54, 
0x57, 0xE7, 0x7F, 0xFC, 0x1C, 0x59, 0xFB, 0x4D, 0xFC, 0x72, 0xFD, 0x94, 0x7F, 0x62, 0x78, 0x75, 
0x7F, 0x81, 0xF6, 0x3A, 0x8C, 0x77, 0x4D, 0x7F, 0x27, 0xFC, 0x24, 0x1E, 0x20, 0xD3, 0xE1, 0xDC, 
0xFE, 0x17, 0xD3, 0x61, 0x8F, 0xCC, 0xF3, 0x68, 0x03, 0xEF, 0xBB, 0xEF, 0x16, 0xE9, 0x7A, 0x23, 
0x79, 0x77, 0x5A, 0x96, 0x9D, 0x63, 0x37, 0xFC, 0xF1, 0x9E, 0xEA, 0x38, 0xEB, 0x56, 0xBF, 0x98, 
0x3F, 0x1A, 0x7F, 0xC1, 0x15, 0x75, 0x2F, 0x8D, 0x7F, 0xF0, 0x4D, 0x2D, 0x7B, 0xF6, 0xB6, 0xD4, 
0x7F, 0x68, 0xAB, 0x3F, 0x1F, 0x5E, 0x5A, 0x78, 0x72, 0x4D, 0x59, 0xA3, 0xD5, 0xB4, 0xB6, 0xBB, 
0x9F, 0x74, 0x3F, 0x7A, 0xC1, 0xE4, 0xB8, 0x99, 0xB6, 0xCD, 0xFF, 0x00, 0x2C, 0xEB, 0xF5, 0x97, 
0xFE, 0x0D, 0x93, 0xF1, 0x87, 0xC4, 0x1F, 0x1C, 0xFF, 0x00, 0xC1, 0x30, 0x34, 0x7B, 0x8F, 0x88, 
0x17, 0x9A, 0x86, 0xA9, 0x0F, 0xF6, 0xCD, 0xE4, 0x3E, 0x1F, 0xBC, 0xD4, 0x25, 0x69, 0x27, 0xB8, 
0xD3, 0x78, 0xF2, 0xFF, 0x00, 0xF6, 0xA5, 0x00, 0x7E, 0x8B, 0xD7, 0xC1, 0xBE, 0x39, 0xFF, 0x00, 
0x82, 0x31, 0x49, 0xF1, 0x3B, 0xFE, 0x0A, 0xE1, 0xA0, 0xFE, 0xD2, 0xDE, 0x20, 0xF8, 0x95, 0xE2, 
0x4D, 0x4B, 0x4A, 0xF0, 0x82, 0x2D, 0xC6, 0x8B, 0xE1, 0xA6, 0x7F, 0xF9, 0x07, 0xDD, 0xFF, 0x00, 
0x75, 0x64, 0xFF, 0x00, 0x9F, 0x6F, 0xFA, 0x67, 0x5F, 0x4D, 0x78, 0x5B, 0xF6, 0xC6, 0xF8, 0x5B, 
0xE3, 0x5F, 0x89, 0x7E, 0x3A, 0xF0, 0xA6, 0x9F, 0xE3, 0x2D, 0x0E, 0xEB, 0xC4, 0x5F, 0x0D, 0x61, 
0x8E, 0x7F, 0x14, 0xDA, 0xC7, 0x37, 0x3A, 0x2A, 0xB7, 0xFC, 0xF6, 0x6F, 0xFB, 0x67, 0x5F, 0x9C, 
0xBF, 0x1F, 0x7F, 0xE0, 0xA3, 0x7F, 0xB4, 0x67, 0xFC, 0x15, 0x5F, 0xC4, 0xDA, 0xBF, 0x81, 0xBF, 
0x62, 0x5D, 0x3F, 0xFB, 0x0F, 0xC0, 0x9A, 0x23, 0x35, 0xB6, 0xAF, 0xF1, 0x53, 0x53, 0x6F, 0xB2, 
0x5A, 0xDE, 0x4D, 0xFD, 0xDB, 0x06, 0xA0, 0x0F, 0xD7, 0x2A, 0x2B, 0xF9, 0x91, 0xF8, 0xAE, 0xBF, 
0xB6, 0xC7, 0xFC, 0x1B, 0xF5, 0xFB, 0x41, 0xF8, 0x6F, 0xE2, 0x27, 0x8D, 0xBC, 0x4D, 0xA9, 0xF8, 
0xDF, 0xC1, 0xF7, 0xD2, 0x6D, 0xBF, 0x9B, 0xFE, 0x12, 0x9D, 0x47, 0x56, 0xD0, 0x75, 0xA5, 0xCF, 
0xFC, 0x79, 0x4F, 0xF6, 0xBF, 0xDE, 0x43, 0x35, 0x7F, 0x4A, 0x1F, 0x0E, 0x7C, 0x69, 0x6B, 0xF1, 
0x03, 0xC0, 0xDA, 0x1E, 0xBD, 0x64, 0xAC, 0xB6, 0xBA, 0xF5, 0x8C, 0x3A, 0x84, 0x2A, 0x7F, 0xBB, 
0x34, 0x7E, 0x68, 0xA0, 0x0D, 0xEA, 0x2B, 0xF0, 0xFB, 0xFE, 0x0A, 0xAF, 0xFF, 0x00, 0x05, 0x71, 
0xFD, 0xA9, 0x3E, 0x2B, 0x7F, 0xC2, 0x59, 0x7D, 0xFB, 0x27, 0x78, 0x4F, 0xC5, 0x96, 0x3F, 0x08, 
0x7E, 0x17, 0x5F, 0x49, 0xA7, 0x6B, 0x9E, 0x3B, 0xB1, 0xD0, 0x63, 0xBB, 0xFE, 0xD8, 0xBA, 0xB5, 
0xFF, 0x00, 0x5F, 0xF6, 0x6D, 0xDB, 0xBF, 0xD1, 0x22, 0xFF, 0x00, 0x9E, 0x95, 0xF7, 0xE7, 0xFC, 
0x11, 0x23, 0xF6, 0xFB, 0xD5, 0xBF, 0xE0, 0xA2, 0xDF, 0xB0, 0x46, 0x87, 0xE3, 0xAF, 0x10, 0x2D, 
0x9C, 0x7E, 0x2A, 0xB3, 0xBF, 0xB8, 0xD0, 0xF5, 0xC5, 0xB6, 0xFB, 0xBF, 0x68, 0x87, 0xF8, 0xBF, 
0xE0, 0x41, 0xA3, 0xA0, 0x0F, 0xB1, 0x6B, 0xE0, 0x0F, 0xF8, 0x39, 0x77, 0xC7, 0xD2, 0x78, 0x1F, 
0xFE, 0x09, 0x01, 0xF1, 0x2A, 0xDA, 0xDF, 0xFE, 0x3E, 0x3C, 0x5F, 0x75, 0xA7, 0xF8, 0x70, 0x7F, 
0xDB, 0x7B, 0xD5, 0xAF, 0xBF, 0xEB, 0xF1, 0xF7, 0xFE, 0x0E, 0xB3, 0xB9, 0x97, 0xE3, 0x07, 0x87, 
0xBF, 0x67, 0x5F, 0x82, 0x3A, 0x6B, 0x5C, 0x7F, 0x6C, 0x7C, 0x4F, 0xF8, 0x81, 0x1C, 0x0D, 0x0C, 
0x3D, 0xE1, 0xFF, 0x00, 0x8F, 0x6F, 0xFD, 0xAD, 0x40, 0x1E, 0xE3, 0xFF, 0x00, 0x06, 0xD6, 0xFE, 
0xC6, 0x3A, 0x5F, 0xEC, 0xB3, 0xFF, 0x00, 0x04, 0xCF, 0xF0, 0x9E, 0xB5, 0x14, 0x6D, 0xFD, 0xBF, 
0xF1, 0x62, 0xDE, 0x1F, 0x17, 0x6A, 0xD2, 0x48, 0x7F, 0xE7, 0xA7, 0xFC, 0x7B, 0xFF, 0x00, 0xE4, 
0x2A, 0xFB, 0xBF, 0xC7, 0x1E, 0x3F, 0xD1, 0xFE, 0x16, 0xF8, 0x3F, 0x54, 0xF1, 0x27, 0x88, 0xB5, 
0x3D, 0x3F, 0x45, 0xD0, 0x74, 0x78, 0x64, 0xB9, 0xBC, 0xBF, 0xBD, 0x9B, 0xEC, 0xF6, 0xF6, 0x50, 
0xAF, 0xDE, 0x92, 0x49, 0x1A, 0xA7, 0xF0, 0x37, 0x84, 0xAD, 0x7C, 0x0F, 0xE1, 0x0D, 0x33, 0x45, 
0xB3, 0x5D, 0xB6, 0x7A, 0x4D, 0x8C, 0x3A, 0x7C, 0x5F, 0xF5, 0xCE, 0x15, 0xD9, 0x5F, 0x9A, 0x7F, 
0xF0, 0x76, 0x6C, 0x3A, 0xED, 0xD7, 0xFC, 0x12, 0x76, 0xEA, 0x1D, 0x2B, 0x1F, 0x63, 0xBA, 0xF1, 
0x4E, 0x9A, 0xBA, 0xB7, 0x97, 0xF7, 0xBC, 0xBE, 0x7F, 0xF6, 0x6A, 0x00, 0xFD, 0x2D, 0xF0, 0xB7, 
0x8A, 0xEC, 0x7C, 0x73, 0xE1, 0x9B, 0x0D, 0x63, 0x4B, 0xBA, 0x82, 0xEB, 0x4D, 0xD5, 0x2D, 0x61, 
0xBE, 0xB5, 0xB9, 0x5F, 0xBB, 0x3C, 0x32, 0x2E, 0xE8, 0xDA, 0xB5, 0xAE, 0x6E, 0x63, 0xB3, 0x4F, 
0x32, 0x46, 0xF9, 0x6B, 0xC4, 0xFF, 0x00, 0xE0, 0x9C, 0x5F, 0x10, 0xAD, 0x7E, 0x2B, 0x7E, 0xC0, 
0x9F, 0x05, 0xFC, 0x4D, 0x07, 0xFA, 0x9D, 0x5B, 0xC1, 0x3A, 0x4C, 0xAB, 0xFF, 0x00, 0x01, 0xB4, 
0x4A, 0xFC, 0xCF, 0xFF, 0x00, 0x82, 0xE6, 0xFC, 0x64, 0xF8, 0xAD, 0xFF, 0x00, 0x0F, 0x74, 0xFD, 
0x95, 0x3E, 0x0F, 0xDA, 0x6A, 0x52, 0xD9, 0xFC, 0x2F, 0xF1, 0x37, 0x88, 0x34, 0x5D, 0x71, 0x6C, 
0xEC, 0xE5, 0xDB, 0xFD, 0xAF, 0x79, 0x6D, 0xA9, 0xEE, 0x9B, 0xED, 0x14, 0x01, 0xFB, 0x41, 0x45, 
0x14, 0x50, 0x01, 0x45, 0x14, 0x50, 0x01, 0x45, 0x14, 0x50, 0x01, 0x45, 0x14, 0x50, 0x01, 0x45, 
0x14, 0x50, 0x06, 0x0F, 0x89, 0xF5, 0x2B, 0x8B, 0x39, 0xA3, 0xF2, 0xE4, 0x68, 0x7F, 0x77, 0x54, 
0x7F, 0xB7, 0xEF, 0x3F, 0xE7, 0xF1, 0xFF, 0x00, 0xEF, 0xDD, 0x68, 0x78, 0x9A, 0xC6, 0xE2, 0xEE, 
0x65, 0xF2, 0xE1, 0x69, 0xBF, 0x77, 0x59, 0x7F, 0xD8, 0x17, 0xDF, 0xF3, 0xEF, 0x25, 0x00, 0x49, 
0xFD, 0xBF, 0x79, 0xFF, 0x00, 0x3F, 0x8F, 0xFF, 0x00, 0x7E, 0xEA, 0x3F, 0xED, 0xFB, 0xEF, 0xF9, 
0xF8, 0x92, 0x8F, 0xEC, 0x0B, 0xEF, 0xF9, 0xF7, 0x92, 0x8F, 0xEC, 0x0B, 0xEF, 0xF9, 0xF7, 0x92, 
0x80, 0x24, 0xFE, 0xDF, 0xBC, 0xFF, 0x00, 0x9F, 0xC7, 0xFF, 0x00, 0xBF, 0x74, 0x7F, 0x6F, 0xDE, 
0x7F, 0xCF, 0xE3, 0xFF, 0x00, 0xDF, 0xBA, 0x8F, 0xFB, 0x02, 0xFB, 0xFE, 0x7D, 0xE4, 0xA3, 0xFB, 
0x02, 0xFB, 0xFE, 0x7D, 0xE4, 0xA0, 0x0E, 0xC2, 0x8A, 0xE6, 0xFF, 0x00, 0xE1, 0x32, 0xB8, 0xF4, 
0xB5, 0xFF, 0x00, 0xBE, 0xA8, 0xFF, 0x00, 0x84, 0xCA, 0xE3, 0xD2, 0xD7, 0xFE, 0xFA, 0xA0, 0x0E, 
0x92, 0x8A, 0xE6, 0xFF, 0x00, 0xE1, 0x32, 0xB8, 0xF4, 0xB5, 0xFF, 0x00, 0xBE, 0xA8, 0xFF, 0x00, 
0x84, 0xCA, 0xE3, 0xD2, 0xD7, 0xFE, 0xFA, 0xA0, 0x0E, 0x92, 0x8A, 0xE6, 0xFF, 0x00, 0xE1, 0x32, 
0xB8, 0xF4, 0xB5, 0xFF, 0x00, 0xBE, 0xAA, 0xF6, 0x8B, 0xAE, 0x4D, 0xAA, 0x5C, 0xB4, 0x32, 0xC6, 
0x9F, 0x76, 0x80, 0x35, 0xA8, 0xA2, 0x8A, 0x00, 0x28, 0xA2, 0x8A, 0x00, 0x28, 0xA2, 0x8A, 0x00, 
0x28, 0xA2, 0xBC, 0x97, 0xF6, 0xC5, 0xF8, 0xA3, 0xE3, 0xCF, 0x82, 0xDF, 0xB3, 0xA7, 0x88, 0xFC, 
0x4D, 0xF0, 0xD7, 0xC1, 0x31, 0x7C, 0x46, 0xF1, 0xA6, 0x8F, 0x6B, 0xE7, 0xD8, 0x78, 0x7D, 0xAF, 
0x3E, 0xC5, 0xFD, 0xA1, 0xFD, 0xEA, 0x00, 0xF5, 0xAA, 0xFC, 0x84, 0xF8, 0xFF, 0x00, 0xFB, 0x1F, 
0x5A, 0x9F, 0xF8, 0x3A, 0xAB, 0xE1, 0x17, 0x8D, 0x3C, 0x3F, 0x73, 0xA7, 0xC9, 0x7D, 0x79, 0xE1, 
0x2B, 0x8F, 0x16, 0x78, 0xA6, 0xC9, 0xE4, 0xFF, 0x00, 0x8F, 0x5F, 0x26, 0xD2, 0x7D, 0x3E, 0x39, 
0xBF, 0xE0, 0x5F, 0xBB, 0xAF, 0x1A, 0xD4, 0x3F, 0xE0, 0xEA, 0x5F, 0x8E, 0x7F, 0xB4, 0x1F, 0x88, 
0xA6, 0xF8, 0x73, 0xF0, 0x7F, 0xF6, 0x6C, 0xB5, 0xB7, 0xF8, 0x8C, 0xCD, 0xF6, 0x5F, 0xDE, 0x5F, 
0xDE, 0xEB, 0x6F, 0x61, 0xFF, 0x00, 0x5D, 0x2C, 0xFE, 0xC5, 0x69, 0x25, 0x7D, 0xFF, 0x00, 0xFF, 
0x00, 0x04, 0x79, 0xFF, 0x00, 0x82, 0x74, 0xF8, 0xAB, 0xF6, 0x4D, 0xF0, 0xF7, 0x8B, 0x3E, 0x24, 
0x7C, 0x5E, 0xD7, 0xA4, 0xF1, 0x67, 0xC7, 0x9F, 0x8B, 0x52, 0x47, 0x7B, 0xE2, 0xAD, 0x4F, 0xB5, 
0xA4, 0x2A, 0x3F, 0x71, 0x65, 0x1F, 0xFD, 0x73, 0xA0, 0x0E, 0x63, 0xFE, 0x0E, 0x57, 0xF8, 0x51, 
0xE2, 0x2F, 0x8C, 0x1F, 0xF0, 0x49, 0xAF, 0x1A, 0x68, 0xFE, 0x1C, 0xD1, 0x75, 0x1D, 0x72, 0xF2, 
0x4D, 0x5B, 0x49, 0x9E, 0xEA, 0xD7, 0x4F, 0x8D, 0xA4, 0xB8, 0x9A, 0xCE, 0x1B, 0xD5, 0x7A, 0xFC, 
0xD7, 0xF8, 0x17, 0xFF, 0x00, 0x07, 0x1A, 0x7E, 0xD6, 0xFE, 0x2E, 0xF8, 0x65, 0xA3, 0xFC, 0x2F, 
0xF8, 0x75, 0xF0, 0x5F, 0xC3, 0x97, 0xDE, 0x34, 0xD2, 0x56, 0x3D, 0x12, 0x3D, 0x43, 0x4D, 0xD0, 
0x35, 0x1B, 0xC6, 0x4F, 0x2F, 0xFE, 0x9D, 0x6B, 0xFA, 0x30, 0xAF, 0x96, 0x7F, 0xE0, 0xA8, 0x7F, 
0xB7, 0xCE, 0x81, 0xFF, 0x00, 0x04, 0xB3, 0xFD, 0x97, 0x35, 0x8F, 0x89, 0x17, 0xBE, 0x1A, 0xB8, 
0xD7, 0x24, 0x92, 0xE2, 0x3D, 0x3E, 0xCE, 0xC6, 0xCA, 0x1D, 0xAB, 0x71, 0x79, 0x27, 0xFA, 0xBF, 
0xB4, 0x4D, 0xFF, 0x00, 0x2C, 0xE3, 0xA0, 0x0F, 0xC3, 0x7F, 0x85, 0xBF, 0xB6, 0x8F, 0xED, 0x55, 
0xFF, 0x00, 0x04, 0x15, 0xF8, 0xFB, 0xE3, 0x98, 0xFE, 0x23, 0x7C, 0x33, 0xD0, 0xBC, 0x51, 0xE2, 
0x6F, 0x89, 0xDA, 0xA2, 0xEA, 0x17, 0xFA, 0xD6, 0xAE, 0x97, 0x72, 0x36, 0xB5, 0x34, 0x9C, 0x7E, 
0xE7, 0x52, 0x8E, 0xBD, 0x87, 0xC5, 0xDF, 0xF0, 0x53, 0xEF, 0xDB, 0xBF, 0xFE, 0x0A, 0xEB, 0xE1, 
0xFB, 0xCF, 0x85, 0x9F, 0x0D, 0xFE, 0x10, 0xC3, 0xE0, 0x1D, 0x2F, 0xC4, 0x7A, 0x5C, 0xC9, 0xA8, 
0x6A, 0x8B, 0xA7, 0xDE, 0xDB, 0xC4, 0x9F, 0xEF, 0x5F, 0xDC, 0x7C, 0xB1, 0xD7, 0xED, 0x77, 0xEC, 
0x63, 0xF1, 0xCE, 0x6F, 0xDB, 0x13, 0xF6, 0x53, 0xF0, 0x3F, 0xC4, 0x0D, 0x73, 0xC2, 0xD7, 0x5E, 
0x19, 0xBE, 0xF1, 0x36, 0x9F, 0x16, 0xA1, 0x2E, 0x95, 0x7F, 0x0F, 0xEF, 0x6D, 0x64, 0xAF, 0x5D, 
0x48, 0x7C, 0x94, 0xDB, 0x1D, 0x00, 0x7F, 0x34, 0x1F, 0xB2, 0x6F, 0xFC, 0x17, 0xB3, 0xE3, 0xD7, 
0xFC, 0x12, 0x8B, 0xE1, 0xAD, 0x87, 0xC0, 0x4D, 0x57, 0xE0, 0x87, 0x87, 0x63, 0xBE, 0xF0, 0x77, 
0x98, 0x8B, 0x63, 0xA8, 0x5A, 0x6A, 0x36, 0x17, 0xF2, 0xD7, 0xB8, 0xE8, 0x1F, 0xF0, 0x5B, 0x1F, 
0xF8, 0x28, 0x57, 0xED, 0xD3, 0xAC, 0xAE, 0x87, 0xF0, 0x67, 0xE0, 0x8D, 0x8F, 0x87, 0x5A, 0xF6, 
0x1C, 0xFD, 0xB9, 0x74, 0x0B, 0xBF, 0x2B, 0xFE, 0xBA, 0x7D, 0xB2, 0xF7, 0xC9, 0x82, 0xBF, 0x78, 
0xAE, 0x74, 0x4B, 0x3D, 0x46, 0x4D, 0xD2, 0xD9, 0xDA, 0xCD, 0x37, 0xFC, 0xF5, 0x9A, 0x15, 0x6A, 
0xB5, 0x6D, 0x6D, 0x1D, 0x9A, 0x79, 0x71, 0xAF, 0xCB, 0x40, 0x1F, 0x8C, 0x5E, 0x04, 0xFF, 0x00, 
0x83, 0x5D, 0xF5, 0x8F, 0xDA, 0x7B, 0xC5, 0xF7, 0xDF, 0x12, 0x3F, 0x6A, 0x9F, 0x8B, 0xDA, 0xD7, 
0x89, 0xBC, 0x77, 0xAD, 0x6D, 0xFB, 0x64, 0x3E, 0x16, 0xB5, 0xB4, 0xB1, 0xD9, 0xFE, 0xF5, 0xD6, 
0xDF, 0x9B, 0xF2, 0xAF, 0xB6, 0xFF, 0x00, 0xE0, 0x98, 0x9F, 0xF0, 0x46, 0x5F, 0x85, 0xFF, 0x00, 
0xF0, 0x4A, 0xC5, 0xF1, 0x2D, 0xC7, 0x83, 0x6F, 0xB5, 0xEF, 0x11, 0x6B, 0x5E, 0x2A, 0x65, 0xFB, 
0x56, 0xAD, 0xAF, 0x7D, 0x99, 0xAE, 0x84, 0x3F, 0xF3, 0xC6, 0x36, 0x86, 0x38, 0xEB, 0xEC, 0x6A, 
0x28, 0x03, 0xF2, 0xA7, 0xFE, 0x0B, 0x8D, 0xFF, 0x00, 0x05, 0xFE, 0xB8, 0xFF, 0x00, 0x82, 0x70, 
0xFC, 0x4F, 0x8F, 0xE1, 0x7F, 0x82, 0xFC, 0x3B, 0xA5, 0xEA, 0x7E, 0x3D, 0xBF, 0xD1, 0x97, 0x50, 
0x93, 0x52, 0xD4, 0xEF, 0x3C, 0xBB, 0x7D, 0x17, 0xCF, 0x6F, 0x96, 0xBF, 0x20, 0xF4, 0x1F, 0xDB, 
0x99, 0xBF, 0x6B, 0x4F, 0x82, 0xDE, 0x36, 0xF8, 0x53, 0xA7, 0xFC, 0x02, 0x5F, 0x89, 0xDF, 0x15, 
0xBE, 0x31, 0x35, 0xAC, 0x9A, 0xD7, 0x8E, 0xF5, 0x0D, 0x62, 0x6D, 0x53, 0xC4, 0x17, 0xBA, 0x97, 
0xFC, 0xBA, 0x4F, 0x1C, 0x70, 0xC3, 0xB6, 0xDD, 0x62, 0xFF, 0x00, 0x9E, 0x7F, 0xEA, 0xEB, 0xFA, 
0xBA, 0xD4, 0x7C, 0x19, 0xA3, 0xEB, 0x12, 0x9B, 0x8B, 0x8D, 0x2F, 0x4B, 0xB8, 0x9B, 0xFE, 0x7B, 
0x4F, 0x6B, 0x1C, 0x95, 0x2D, 0x8F, 0x86, 0xF4, 0xDD, 0x24, 0xEE, 0xB6, 0xD3, 0x74, 0xE8, 0x7F, 
0xEB, 0x8D, 0xBC, 0x71, 0xD0, 0x07, 0x91, 0x7C, 0x38, 0x5D, 0x7F, 0xF6, 0x6F, 0xFF, 0x00, 0x82, 
0x7C, 0xE8, 0xFF, 0x00, 0xF0, 0xB0, 0x35, 0xA8, 0x75, 0xCF, 0x15, 0x78, 0x17, 0xC0, 0x91, 0xFF, 
0x00, 0x6F, 0x6A, 0x9F, 0xF3, 0xF7, 0x79, 0x6B, 0x65, 0xFB, 0xF9, 0x3F, 0xEF, 0xE4, 0x6D, 0x5F, 
0x2E, 0x7F, 0xC1, 0xB4, 0xFF, 0x00, 0x01, 0xB5, 0x2F, 0x81, 0xFF, 0x00, 0xF0, 0x4C, 0xBD, 0x1F, 
0x58, 0xF1, 0x05, 0x9D, 0xC5, 0xBF, 0x8B, 0x3E, 0x25, 0x6B, 0x5A, 0x87, 0x8A, 0xB5, 0x6F, 0x3A, 
0x1D, 0xB3, 0xBF, 0x99, 0x26, 0xDF, 0xFD, 0xA7, 0xFF, 0x00, 0x91, 0x2B, 0xF4, 0x3F, 0xFD, 0x7E, 
0xE5, 0x65, 0xA9, 0x28, 0x00, 0xAF, 0x02, 0xFF, 0x00, 0x82, 0x80, 0x7E, 0xD7, 0x5E, 0x06, 0xFD, 
0x90, 0x7E, 0x04, 0x5C, 0x6A, 0x5E, 0x34, 0xD3, 0x6F, 0x7C, 0x52, 0xDE, 0x23, 0x66, 0xD1, 0xB4, 
0x8F, 0x0A, 0xE9, 0xF0, 0xFD, 0xAE, 0xFF, 0x00, 0xC5, 0x57, 0x53, 0x7F, 0xCB, 0x95, 0xBC, 0x3F, 
0xF2, 0xD2, 0x43, 0x5E, 0xFB, 0x5F, 0x99, 0x76, 0x3F, 0xB5, 0x07, 0x80, 0x75, 0x4F, 0xF8, 0x38, 
0x73, 0xC6, 0x5A, 0x67, 0xC4, 0x8D, 0x73, 0x4B, 0xD2, 0x75, 0x4F, 0x87, 0xFE, 0x08, 0xD3, 0xF4, 
0xAF, 0x87, 0xB1, 0xEA, 0xB2, 0x7D, 0x9D, 0x66, 0x96, 0xF7, 0x7C, 0x9A, 0x9C, 0x90, 0xFF, 0x00, 
0xB7, 0xFB, 0xB5, 0x8E, 0x80, 0x3F, 0x19, 0xFE, 0x3A, 0xFE, 0xC2, 0x9F, 0xB4, 0xDF, 0xEC, 0x39, 
0xA4, 0x68, 0xFA, 0x4F, 0x8D, 0x3E, 0x13, 0xF8, 0xCA, 0x4F, 0x81, 0x7A, 0xF6, 0xBB, 0xFF, 0x00, 
0x09, 0x9C, 0x9E, 0x05, 0xB5, 0xD5, 0x2E, 0xB5, 0x2D, 0x1A, 0x1F, 0xEE, 0xD9, 0x5F, 0xC9, 0x69, 
0xFF, 0x00, 0x2D, 0xE2, 0x82, 0xBE, 0xB2, 0xF0, 0x17, 0xFC, 0x1C, 0x03, 0xFB, 0x56, 0x7E, 0xD4, 
0x5F, 0x0F, 0xE3, 0xF8, 0x67, 0xFB, 0x3F, 0x7E, 0xCF, 0x7A, 0x0F, 0x85, 0x6E, 0x22, 0x8B, 0xFB, 
0x1A, 0xCA, 0x6F, 0x0D, 0xE9, 0xF7, 0x77, 0x1F, 0xF0, 0x8F, 0xFF, 0x00, 0xDF, 0x4B, 0x1C, 0x10, 
0xD7, 0xF4, 0x01, 0xA9, 0x78, 0xD3, 0x47, 0xB3, 0xD3, 0xDA, 0xE2, 0xE7, 0x54, 0xD2, 0x56, 0xD0, 
0x7F, 0xCB, 0x69, 0xAE, 0xA3, 0xD9, 0x5C, 0xEF, 0xC2, 0xBF, 0x89, 0xDE, 0x06, 0xF8, 0x93, 0x6D, 
0xAA, 0x3F, 0x83, 0xF5, 0xCF, 0x0B, 0xEB, 0x87, 0x48, 0xBC, 0xFB, 0x2E, 0xA2, 0x74, 0x5B, 0xA8, 
0x6E, 0x85, 0xA5, 0xD6, 0xDD, 0xDE, 0x5C, 0x9E, 0x4F, 0xFC, 0xB4, 0xF2, 0xE4, 0xA0, 0x0F, 0xE5, 
0x10, 0xFE, 0xD3, 0x3F, 0x19, 0x7F, 0x65, 0x3F, 0x82, 0xF1, 0xFC, 0x14, 0xF8, 0xAD, 0xF0, 0xE3, 
0x58, 0xD2, 0xFE, 0x1F, 0x5E, 0x78, 0xCA, 0xE3, 0x59, 0xF1, 0x8E, 0x9D, 0xA9, 0x2D, 0xEF, 0x87, 
0x75, 0x6F, 0x1F, 0xCD, 0xFF, 0x00, 0x3E, 0x97, 0xFA, 0xC5, 0x7D, 0xFF, 0x00, 0xF0, 0xC7, 0xFE, 
0x0E, 0xB0, 0x9B, 0x44, 0xF0, 0xAE, 0x8B, 0xF0, 0xF7, 0xE0, 0xEF, 0xEC, 0xBB, 0x67, 0x6F, 0xFD, 
0x9D, 0x17, 0x91, 0xA7, 0xE8, 0xBA, 0x3E, 0xBD, 0xE7, 0xDB, 0xDB, 0xC3, 0xFE, 0xCC, 0x76, 0x71, 
0xD7, 0xEF, 0x4E, 0xA1, 0xA1, 0xD9, 0xEB, 0x50, 0x6D, 0xBC, 0xB3, 0xB5, 0xBD, 0xFF, 0x00, 0xAE, 
0xD0, 0xAC, 0x95, 0x5E, 0xC7, 0xC1, 0xFA, 0x5E, 0x8C, 0xED, 0x25, 0xAE, 0x97, 0xA7, 0xD8, 0xCD, 
0xFF, 0x00, 0x3D, 0xA1, 0xB5, 0x8E, 0x3A, 0x00, 0xFC, 0x82, 0xF8, 0x6D, 0xF0, 0x43, 0xF6, 0xBE, 
0xFF, 0x00, 0x82, 0xD3, 0x6B, 0x1A, 0x7D, 0xB7, 0xED, 0x25, 0xA3, 0xE9, 0xDF, 0x07, 0xFF, 0x00, 
0x67, 0x98, 0x6F, 0xAD, 0xF5, 0x39, 0xFC, 0x1A, 0xB6, 0xAA, 0xBA, 0x8F, 0x8A, 0x84, 0x6D, 0xE7, 
0xAC, 0x7F, 0xF3, 0xD3, 0xCA, 0xFF, 0x00, 0x57, 0x5F, 0xA5, 0x5F, 0xB7, 0x35, 0xCF, 0x89, 0x7C, 
0x0D, 0xFB, 0x09, 0xFC, 0x53, 0x9B, 0xE1, 0xEE, 0x9E, 0xD7, 0x3E, 0x27, 0xD2, 0xFC, 0x1D, 0xA8, 
0x7F, 0x61, 0x58, 0xDA, 0xF7, 0x99, 0x6D, 0x9F, 0xC9, 0x55, 0xAF, 0x6A, 0xAF, 0xCA, 0xAF, 0xF8, 
0x2A, 0x27, 0xFC, 0x1C, 0x15, 0xF1, 0x43, 0xFE, 0x09, 0x7D, 0xF1, 0xF3, 0x50, 0xD0, 0xFC, 0x41, 
0xFB, 0x39, 0xAE, 0xAD, 0xE0, 0x3B, 0x86, 0x55, 0xD0, 0x3C, 0x52, 0xDE, 0x24, 0x6B, 0x48, 0x35, 
0x5F, 0xFB, 0xE6, 0xDE, 0x4A, 0x00, 0xF8, 0xDB, 0xFE, 0x09, 0xB7, 0xFF, 0x00, 0x07, 0x0B, 0xF8, 
0xF7, 0xC0, 0x3F, 0xB2, 0xDF, 0x83, 0x7F, 0x67, 0xFF, 0x00, 0x0A, 0xFE, 0xCF, 0x8B, 0xF1, 0x03, 
0xC4, 0x9E, 0x11, 0xD2, 0x63, 0xD1, 0xAD, 0xFC, 0x9D, 0x62, 0x48, 0xED, 0xDE, 0xD6, 0x3F, 0xF9, 
0x6D, 0x7B, 0xFB, 0xBF, 0xF4, 0x7A, 0xFB, 0x9B, 0xFE, 0x0D, 0x69, 0xF8, 0x23, 0x27, 0xC3, 0x8F, 
0xF8, 0x27, 0x1E, 0xA1, 0xE2, 0x69, 0xAC, 0xFF, 0x00, 0xB3, 0x23, 0xF8, 0x91, 0xE3, 0x4D, 0x53, 
0xC4, 0x36, 0xB6, 0xEB, 0xFF, 0x00, 0x3E, 0xBF, 0xF1, 0xED, 0x16, 0xDF, 0xFB, 0xF7, 0x5F, 0x00, 
0xEB, 0x5F, 0xF0, 0x50, 0x2F, 0xDA, 0x6F, 0xFE, 0x0B, 0x6B, 0xF1, 0x87, 0x47, 0xF8, 0x57, 0x63, 
0xF0, 0xC7, 0x5A, 0xF8, 0x73, 0xF0, 0x73, 0xC5, 0x13, 0xE9, 0xAF, 0xE2, 0xE5, 0xF0, 0x96, 0x9F, 
0xB7, 0x53, 0xD4, 0x34, 0x39, 0xAE, 0x7C, 0x8F, 0x3E, 0x4B, 0xBB, 0x9F, 0x2F, 0x74, 0x15, 0xFD, 
0x07, 0x7C, 0x32, 0xF8, 0x69, 0xA2, 0xFC, 0x15, 0xF8, 0x71, 0xA2, 0xF8, 0x4F, 0xC3, 0x3A, 0x6D, 
0xBE, 0x97, 0xE1, 0xFF, 0x00, 0x0D, 0x58, 0xC7, 0xA7, 0xE9, 0xF6, 0x30, 0xFD, 0xDB, 0x7B, 0x68, 
0x63, 0xDB, 0x1C, 0x74, 0x01, 0xD4, 0x57, 0xE6, 0x0F, 0xED, 0x45, 0xE0, 0x3D, 0x53, 0xF6, 0xA5, 
0xFF, 0x00, 0x83, 0x91, 0xBE, 0x02, 0xE8, 0xF2, 0x59, 0x5C, 0x7F, 0xC2, 0x37, 0xF0, 0x1F, 0xC1, 
0x77, 0x5E, 0x2D, 0x9A, 0xF3, 0xFE, 0x59, 0x3D, 0xE5, 0xCC, 0x9E, 0x5A, 0xFF, 0x00, 0xE8, 0xB8, 
0x6B, 0xF4, 0xFA, 0xA3, 0xF2, 0x57, 0x7B, 0x36, 0xD5, 0xA0, 0x0F, 0xC8, 0x9F, 0xF8, 0x2D, 0x9F, 
0xFC, 0x17, 0x77, 0xE2, 0x97, 0xFC, 0x13, 0x2B, 0xF6, 0xE4, 0xF0, 0x4F, 0x84, 0xBC, 0x31, 0xE0, 
0xFD, 0x16, 0xEF, 0xC2, 0x37, 0x1A, 0x03, 0x6A, 0xBA, 0x83, 0x6B, 0xD2, 0x7D, 0x9A, 0x0D, 0x7E, 
0x49, 0x24, 0xDB, 0xFE, 0x8D, 0x75, 0xFF, 0x00, 0x4C, 0x2B, 0xE5, 0x1F, 0xDA, 0x37, 0xFE, 0x0B, 
0x27, 0xFB, 0x40, 0x7F, 0xC1, 0x6C, 0x7F, 0x66, 0xAF, 0x10, 0x7C, 0x21, 0xF0, 0x1F, 0xEC, 0xC4, 
0xBA, 0xA5, 0xBF, 0x89, 0x19, 0x7F, 0xE2, 0x65, 0xA4, 0x5E, 0x5D, 0xDF, 0x45, 0xA7, 0xC9, 0x0C, 
0xDE, 0x67, 0x9C, 0xB3, 0x34, 0x31, 0xC7, 0x5F, 0xD0, 0xD6, 0xA5, 0xA1, 0xD9, 0xEB, 0x30, 0x2A, 
0xDE, 0x59, 0xDA, 0xDF, 0x6D, 0xFF, 0x00, 0x9E, 0xD0, 0xAC, 0x94, 0xFD, 0x37, 0x4C, 0xB7, 0xD1, 
0xED, 0xBC, 0x9B, 0x5B, 0x78, 0xA1, 0x87, 0xFE, 0x79, 0xC3, 0x0F, 0x97, 0x40, 0x1F, 0xCD, 0x57, 
0xEC, 0x4B, 0xFF, 0x00, 0x05, 0xD2, 0xFD, 0xA7, 0xBF, 0xE0, 0x9D, 0x9F, 0x0F, 0xEC, 0xFE, 0x01, 
0xDD, 0x7C, 0x1F, 0xB7, 0xF1, 0x36, 0xAD, 0xE0, 0xFF, 0x00, 0x32, 0xD6, 0xCF, 0x4F, 0xD5, 0x34, 
0xBD, 0x4E, 0x2D, 0x5E, 0xC2, 0x1A, 0xFB, 0x8B, 0xFE, 0x09, 0xE5, 0xF0, 0xDF, 0xF6, 0x98, 0xFF, 
0x00, 0x82, 0x97, 0xFE, 0xD7, 0xFE, 0x01, 0xF8, 0xDF, 0xFB, 0x4A, 0x78, 0x1F, 0x4B, 0xF8, 0x7F, 
0xE1, 0x3F, 0x83, 0xCB, 0x75, 0xA8, 0x78, 0x33, 0x4C, 0x1A, 0x77, 0xD8, 0xEF, 0x35, 0x0B, 0xCB, 
0xDE, 0xB2, 0x36, 0xE6, 0xFB, 0xB8, 0x8D, 0x7F, 0xCF, 0x35, 0xF6, 0x67, 0xFC, 0x15, 0x83, 0xFE, 
0x0A, 0x47, 0xE1, 0xAF, 0xF8, 0x25, 0xC7, 0xEC, 0xDB, 0x27, 0xC4, 0x6D, 0x5B, 0xC3, 0xF2, 0xF8, 
0x93, 0x56, 0xBC, 0x9B, 0xFB, 0x33, 0x49, 0x86, 0x18, 0x76, 0xAC, 0xB7, 0x9F, 0xF4, 0xDA, 0x6F, 
0xF9, 0x63, 0x1D, 0x7B, 0x3F, 0xEC, 0xA3, 0xF1, 0xCE, 0xE3, 0xF6, 0x94, 0xFD, 0x9B, 0xBC, 0x1B, 
0xE3, 0xEB, 0xCF, 0x0F, 0xEA, 0x9E, 0x13, 0xBC, 0xF1, 0x56, 0x93, 0x0E, 0xA1, 0x26, 0x91, 0xAA, 
0x47, 0xE5, 0xDD, 0x69, 0xF2, 0x48, 0xBF, 0x75, 0xA8, 0x03, 0xD2, 0xE8, 0xA2, 0x8A, 0x00, 0x28, 
0xA2, 0x8A, 0x00, 0x28, 0xA2, 0x8A, 0x00, 0x28, 0xA2, 0x8A, 0x00, 0x28, 0xA2, 0x8A, 0x00, 0x28, 
0xAC, 0x8D, 0x77, 0x5E, 0x9B, 0x48, 0x99, 0x61, 0x8D, 0x63, 0xFB, 0xB5, 0x4B, 0xFE, 0x13, 0x2B, 
0x8F, 0x4B, 0x5F, 0xFB, 0xEA, 0x80, 0x3A, 0x4A, 0x2B, 0x9B, 0xFF, 0x00, 0x84, 0xCA, 0xE3, 0xD2, 
0xD7, 0xFE, 0xFA, 0xA3, 0xFE, 0x13, 0x2B, 0x8F, 0x4B, 0x5F, 0xFB, 0xEA, 0x80, 0x3A, 0x4A, 0x2B, 
0x9B, 0xFF, 0x00, 0x84, 0xCA, 0xE3, 0xD2, 0xD7, 0xFE, 0xFA, 0xA3, 0xFE, 0x13, 0x2B, 0x8F, 0x4B, 
0x5F, 0xFB, 0xEA, 0x80, 0x31, 0xFC, 0xB9, 0x3F, 0xBB, 0x47, 0x97, 0x27, 0xF7, 0x6B, 0xBC, 0xA2, 
0x80, 0x38, 0x3F, 0x2E, 0x4F, 0xEE, 0xD1, 0xE5, 0xC9, 0xFD, 0xDA, 0xEF, 0x28, 0xA0, 0x0E, 0x0F, 
0xCB, 0x93, 0xFB, 0xB5, 0xB1, 0xE0, 0xF3, 0xFE, 0x9D, 0x71, 0xFF, 0x00, 0x5C, 0xEB, 0xA4, 0xA2, 
0x80, 0x0A, 0x28, 0xA2, 0x80, 0x0A, 0x28, 0xA2, 0x80, 0x0A, 0x28, 0xA2, 0x80, 0x0A, 0x28, 0xA2, 
0x80, 0x2A, 0xD8, 0x69, 0x56, 0xB6, 0xB3, 0xCD, 0x24, 0x36, 0xF1, 0xC3, 0x34, 0xBF, 0xEB, 0x24, 
0x58, 0x76, 0xEF, 0xAB, 0x55, 0xCA, 0xDE, 0x7C, 0x4B, 0xD0, 0x74, 0xEF, 0x1E, 0xD8, 0xF8, 0x52, 
0x5D, 0x63, 0x4C, 0x8F, 0xC4, 0x1A, 0x8D, 0x9C, 0xDA, 0x85, 0xAE, 0x98, 0xD7, 0x11, 0xFD, 0xA6, 
0xE2, 0xD6, 0x19, 0x23, 0x59, 0x26, 0x58, 0xFF, 0x00, 0xBA, 0x9E, 0x62, 0xFE, 0x75, 0xD5, 0x50, 
0x01, 0x5E, 0x13, 0xFB, 0x60, 0x7E, 0xD3, 0x1F, 0x08, 0x7E, 0x0A, 0x69, 0xFA, 0x2F, 0x87, 0x7E, 
0x29, 0xEA, 0xDE, 0x1D, 0x91, 0xBC, 0x65, 0x7F, 0x6B, 0xA5, 0x68, 0xFE, 0x1F, 0xBC, 0x8F, 0xED, 
0xB7, 0x3A, 0xDD, 0xE4, 0x93, 0xC7, 0x14, 0x31, 0x43, 0x67, 0xFF, 0x00, 0x2D, 0x3F, 0x79, 0x5E, 
0xED, 0x5F, 0x87, 0x37, 0xFE, 0x0A, 0x9B, 0xF6, 0xD1, 0xFF, 0x00, 0x83, 0xB9, 0xEF, 0xA3, 0xBC, 
0x85, 0x57, 0x45, 0xF8, 0x37, 0x6B, 0x6B, 0x7D, 0x27, 0xFD, 0x35, 0x92, 0xCA, 0xCB, 0x74, 0x3F, 
0xF9, 0x1F, 0x50, 0xA0, 0x0F, 0xD8, 0x6F, 0xDA, 0x03, 0xF6, 0x96, 0xF0, 0x17, 0xEC, 0xAB, 0xE0, 
0x79, 0xBC, 0x49, 0xF1, 0x0F, 0xC5, 0x3A, 0x2F, 0x84, 0x7C, 0x3F, 0x07, 0xFC, 0xBE, 0x5F, 0x4D, 
0xE5, 0x8A, 0xDE, 0xF0, 0x1F, 0x8D, 0x6C, 0xBE, 0x24, 0xF8, 0x0F, 0x45, 0xF1, 0x06, 0x97, 0xE7, 
0x2D, 0x9E, 0xBD, 0x63, 0x0E, 0xA5, 0x6A, 0x25, 0x8F, 0x6B, 0x79, 0x73, 0x47, 0xE6, 0x47, 0xB9, 
0x6B, 0xF1, 0x3F, 0xFE, 0x0E, 0x9C, 0xF8, 0x69, 0x27, 0xED, 0x2D, 0xFF, 0x00, 0x05, 0x0E, 0xFD, 
0x92, 0x7E, 0x1A, 0xA7, 0xFC, 0xCD, 0x1E, 0x76, 0x99, 0xF4, 0xFB, 0x6E, 0xA7, 0x63, 0x68, 0xD5, 
0xFB, 0x8F, 0x61, 0xA7, 0xC7, 0xA5, 0x58, 0xDB, 0xDB, 0xC3, 0xFE, 0xAE, 0x08, 0xE3, 0x85, 0x7F, 
0xDD, 0x5A, 0x00, 0xB7, 0x5E, 0x13, 0xF1, 0xEB, 0xFE, 0x0A, 0x15, 0xF0, 0x8B, 0xF6, 0x5C, 0xF8, 
0xCD, 0xE0, 0xAF, 0x87, 0xFE, 0x32, 0xF1, 0x7D, 0x8E, 0x93, 0xE2, 0xCF, 0x1D, 0xCF, 0xF6, 0x6D, 
0x2E, 0xC3, 0x77, 0x5F, 0xF6, 0xA4, 0xFF, 0x00, 0x9E, 0x2B, 0xF5, 0xAF, 0x76, 0xAF, 0x21, 0xF8, 
0x85, 0xFB, 0x20, 0xFC, 0x2B, 0xF1, 0x57, 0xED, 0x0B, 0xA3, 0x7C, 0x62, 0xD7, 0xFC, 0x2F, 0xA3, 
0xDC, 0x78, 0xF3, 0xC2, 0xB6, 0x6D, 0x69, 0xA7, 0xEB, 0x77, 0x1F, 0x7E, 0xD2, 0x1F, 0xF3, 0x25, 
0x00, 0x70, 0xFF, 0x00, 0xB1, 0xD7, 0xFC, 0x15, 0x27, 0xE1, 0x2F, 0xED, 0xD7, 0xF1, 0x6B, 0xE2, 
0x07, 0x84, 0x7E, 0x1A, 0xEA, 0x77, 0x7A, 0xE5, 0xC7, 0xC3, 0xA6, 0x87, 0xED, 0xDA, 0x8A, 0xDA, 
0xB7, 0xD8, 0x2E, 0xBC, 0xEF, 0xF9, 0xF7, 0x93, 0xF8, 0xAB, 0xDE, 0x75, 0xFF, 0x00, 0x17, 0x69, 
0x7E, 0x0E, 0xB3, 0xB7, 0x9B, 0x55, 0xBE, 0xB5, 0xD3, 0xA2, 0xB8, 0xBA, 0x8E, 0xC6, 0x19, 0x2E, 
0x26, 0xDB, 0xE6, 0xCD, 0x23, 0x6D, 0x8D, 0x7F, 0xDE, 0x6A, 0xF0, 0xAF, 0xD8, 0x07, 0xE2, 0x47, 
0xC0, 0x8F, 0x88, 0xDA, 0x0F, 0xC4, 0x0B, 0xEF, 0x81, 0x16, 0x7E, 0x1B, 0x87, 0x4C, 0x3E, 0x29, 
0xBA, 0x7F, 0x11, 0x6A, 0x3A, 0x26, 0x9F, 0xE4, 0x59, 0xEA, 0xFA, 0xC3, 0x2E, 0xFB, 0x99, 0x96, 
0x45, 0xFF, 0x00, 0x5F, 0x5E, 0x43, 0xFF, 0x00, 0x05, 0x8C, 0xFD, 0x8F, 0x7E, 0x0C, 0x7C, 0x76, 
0xD4, 0xFE, 0x15, 0xF8, 0xDF, 0xE3, 0x7F, 0xC6, 0x2B, 0xCF, 0x86, 0xBE, 0x17, 0xF8, 0x73, 0xAB, 
0xFD, 0xAC, 0x59, 0xDC, 0xEB, 0x51, 0xD8, 0xD8, 0xEB, 0x12, 0x7C, 0xA7, 0xFE, 0x5A, 0x74, 0x93, 
0xE5, 0x1F, 0x32, 0x50, 0x07, 0xD7, 0xDA, 0x7F, 0xC6, 0xFF, 0x00, 0x0A, 0xEA, 0x3F, 0x16, 0x6F, 
0xBC, 0x07, 0x6F, 0xE2, 0x0D, 0x26, 0x6F, 0x19, 0x69, 0x9A, 0x7C, 0x7A, 0x95, 0xEE, 0x8A, 0xB7, 
0x0B, 0xF6, 0xEB, 0x7B, 0x59, 0x1B, 0x6A, 0xCC, 0xD1, 0xFF, 0x00, 0x76, 0xA3, 0xF8, 0xD9, 0xFB, 
0x41, 0x78, 0x27, 0xF6, 0x6B, 0xF0, 0x25, 0xC7, 0x89, 0xBE, 0x20, 0x78, 0xAB, 0x47, 0xF0, 0x97, 
0x87, 0xED, 0x7F, 0xD6, 0x6A, 0x1A, 0xA5, 0xD2, 0xC1, 0x00, 0xAF, 0x9E, 0xFF, 0x00, 0x63, 0x2F, 
0xF8, 0x27, 0x47, 0xC0, 0xFF, 0x00, 0x87, 0xDF, 0x1E, 0xFC, 0x4B, 0xFB, 0x48, 0xFC, 0x3F, 0xD4, 
0x1F, 0xC5, 0x9A, 0xD7, 0xC5, 0x88, 0xFE, 0xDF, 0x69, 0xAD, 0x36, 0xA3, 0xFD, 0xA9, 0x6B, 0x6F, 
0x0C, 0xFC, 0x9F, 0xB1, 0xC9, 0xFF, 0x00, 0x3C, 0x5B, 0x3E, 0xF5, 0xF9, 0xC9, 0xFF, 0x00, 0x07, 
0x77, 0xBE, 0xB5, 0xF1, 0x73, 0xE3, 0xAF, 0xEC, 0xDB, 0xF0, 0xAF, 0x45, 0xFF, 0x00, 0x5D, 0xAC, 
0x7F, 0x68, 0x18, 0xFF, 0x00, 0xEB, 0xA5, 0xEC, 0xD0, 0x69, 0xF1, 0xFF, 0x00, 0xE8, 0xCA, 0x00, 
0xFD, 0xA1, 0xF8, 0x39, 0xF1, 0x9F, 0xC3, 0xBF, 0x1F, 0x7E, 0x11, 0x78, 0x63, 0xC7, 0x5E, 0x1B, 
0xBC, 0xFB, 0x67, 0x86, 0x7C, 0x55, 0xA6, 0x43, 0xAC, 0x58, 0x5C, 0xCB, 0x1F, 0x93, 0xBA, 0xCE, 
0x78, 0xFC, 0xC8, 0xDB, 0x6B, 0x7F, 0xC0, 0x6B, 0xCE, 0xFF, 0x00, 0x64, 0x8F, 0xF8, 0x28, 0x87, 
0xC2, 0x8F, 0xDB, 0xB3, 0x59, 0xF1, 0x85, 0xAF, 0xC3, 0x1F, 0x12, 0x7F, 0xC2, 0x55, 0x6F, 0xE0, 
0x7B, 0xA8, 0xF4, 0xFD, 0x4B, 0x50, 0xB7, 0x89, 0xBE, 0xC2, 0xF2, 0x48, 0xBF, 0xF2, 0xC6, 0x6F, 
0xF9, 0x69, 0x5C, 0x2F, 0xFC, 0x14, 0xB7, 0x4A, 0x5F, 0x80, 0x3F, 0xF0, 0x46, 0xBF, 0x8D, 0x3A, 
0x5E, 0x82, 0x7E, 0xC1, 0x0F, 0x86, 0x7E, 0x18, 0x6A, 0x1A, 0x6D, 0x8F, 0x93, 0xFF, 0x00, 0x2E, 
0xE2, 0x3B, 0x07, 0x8A, 0xBE, 0x53, 0xFF, 0x00, 0x83, 0x4C, 0xFF, 0x00, 0x65, 0x3D, 0x2F, 0xE1, 
0x2F, 0xEC, 0x21, 0xA8, 0x7C, 0x55, 0x8D, 0xEF, 0x3F, 0xB6, 0x3E, 0x2F, 0xEA, 0x57, 0x5E, 0x67, 
0x99, 0xFE, 0xA1, 0x2C, 0xF4, 0xEB, 0xB9, 0xED, 0x2D, 0xB6, 0xFF, 0x00, 0xE3, 0xF4, 0x01, 0xFA, 
0xBD, 0x5F, 0x9D, 0x3F, 0xF0, 0x57, 0xBF, 0xF8, 0x37, 0xD3, 0xC1, 0x9F, 0xF0, 0x54, 0x7F, 0x16, 
0xD9, 0xF8, 0xE2, 0xD7, 0xC4, 0xD7, 0x5E, 0x08, 0xF8, 0x8D, 0x6B, 0x68, 0xB6, 0x2D, 0xA8, 0x2D, 
0x9F, 0xDB, 0x6C, 0xEF, 0xE1, 0x5F, 0xBA, 0xB3, 0xC2, 0xDE, 0x95, 0xFA, 0x2D, 0x45, 0x00, 0x7E, 
0x19, 0xFE, 0xCE, 0xFF, 0x00, 0xF0, 0x66, 0xDE, 0x93, 0xA1, 0x78, 0xA5, 0x66, 0xF8, 0xB9, 0xF1, 
0x49, 0xBC, 0x57, 0xE1, 0xF8, 0x1B, 0xCC, 0x5D, 0x27, 0xC3, 0xFA, 0x7B, 0x69, 0xBE, 0x6D, 0x7E, 
0xBE, 0xFE, 0xCC, 0xBF, 0xB2, 0x47, 0xC3, 0xBF, 0xD8, 0xCF, 0xE1, 0xDA, 0xF8, 0x4F, 0xE1, 0x9F, 
0x84, 0xB4, 0x9F, 0x09, 0x68, 0xBE, 0x67, 0x9F, 0x24, 0x16, 0x30, 0xF9, 0x7E, 0x7C, 0x9F, 0xF3, 
0xD1, 0xBF, 0xBC, 0xD5, 0xE9, 0xF4, 0x50, 0x01, 0x45, 0x14, 0x50, 0x01, 0x55, 0x35, 0x1D, 0x3E, 
0xDF, 0x57, 0xB5, 0xDB, 0x73, 0x6F, 0x14, 0xD1, 0x7F, 0x76, 0x68, 0x7C, 0xCA, 0xB7, 0x59, 0xDA, 
0xE6, 0xBB, 0x0E, 0x85, 0xA2, 0xDF, 0x6A, 0x17, 0x1F, 0xEA, 0x6C, 0xE1, 0x92, 0xE6, 0x4F, 0xF7, 
0x63, 0x5D, 0xD4, 0x01, 0xF9, 0xD9, 0xE3, 0xBF, 0x08, 0xFE, 0xCB, 0x7F, 0xB4, 0xFF, 0x00, 0xFC, 
0x16, 0x0E, 0xCF, 0xC3, 0x5E, 0x29, 0xF1, 0x56, 0xB5, 0xF1, 0x13, 0xE3, 0x4F, 0x85, 0xE1, 0x1A, 
0x86, 0x87, 0xA2, 0xAB, 0x6D, 0xD1, 0xFC, 0x2A, 0xB6, 0x7E, 0x54, 0xFE, 0x4E, 0xE8, 0x57, 0xFD, 
0x6F, 0xDD, 0x93, 0xE6, 0xAF, 0xD2, 0x4A, 0xFE, 0x7E, 0x7F, 0xE0, 0xD6, 0x4F, 0xD9, 0xFE, 0x5F, 
0xDA, 0xC3, 0xF6, 0xD7, 0xF8, 0xC5, 0xFB, 0x4E, 0x6B, 0xF2, 0x6A, 0x8A, 0xFA, 0x4E, 0xA9, 0x75, 
0xFD, 0x8B, 0x1B, 0x49, 0xB5, 0x6E, 0x2E, 0xB5, 0x39, 0x27, 0xB9, 0xBB, 0xFF, 0x00, 0x3F, 0xF4, 
0xD2, 0xBF, 0xA0, 0x6A, 0x00, 0x28, 0xA2, 0x8A, 0x00, 0x28, 0xA2, 0xB2, 0xEC, 0xBC, 0x47, 0xA7, 
0xDE, 0xEB, 0x17, 0x96, 0x30, 0xDD, 0x5A, 0xB6, 0xA5, 0x66, 0xAA, 0xD7, 0x50, 0x2B, 0x7C, 0xD1, 
0x6E, 0xFB, 0xBB, 0xA8, 0x03, 0x3F, 0xC6, 0x9E, 0x00, 0xD0, 0xBE, 0x23, 0x69, 0x2B, 0xA7, 0xEB, 
0xDA, 0x3E, 0x9F, 0xAE, 0x58, 0xAC, 0xD1, 0x5C, 0x8B, 0x7B, 0xE8, 0x23, 0xB9, 0x88, 0x49, 0x1C, 
0x9E, 0x64, 0x72, 0x61, 0xBF, 0xBA, 0xC2, 0xBA, 0x4A, 0x28, 0xA0, 0x02, 0x8A, 0x28, 0xA0, 0x02, 
0x8A, 0x28, 0xA0, 0x02, 0x8A, 0x28, 0xA0, 0x02, 0x8A, 0x28, 0xA0, 0x02, 0x8A, 0x28, 0xA0, 0x0E, 
0x77, 0xC6, 0x50, 0xC9, 0x35, 0xFD, 0xBE, 0xCF, 0xEE, 0xD6, 0x2F, 0x97, 0x27, 0xF7, 0x6B, 0xBC, 
0xA2, 0x80, 0x38, 0x3F, 0x2E, 0x4F, 0xEE, 0xD1, 0xE5, 0xC9, 0xFD, 0xDA, 0xEF, 0x28, 0xA0, 0x0E, 
0x0F, 0xCB, 0x93, 0xFB, 0xB4, 0x79, 0x72, 0x7F, 0x76, 0xBB, 0xCA, 0x28, 0x03, 0x0F, 0xFE, 0x13, 
0x68, 0xFF, 0x00, 0xE7, 0xDC, 0xD1, 0xFF, 0x00, 0x09, 0xB4, 0x7F, 0xF3, 0xEE, 0x6B, 0x9F, 0xA2, 
0x80, 0x3A, 0x0F, 0xF8, 0x4D, 0xA3, 0xFF, 0x00, 0x9F, 0x73, 0x47, 0xFC, 0x26, 0xD1, 0xFF, 0x00, 
0xCF, 0xB9, 0xAE, 0x7E, 0x8A, 0x00, 0xE8, 0x3F, 0xE1, 0x36, 0x8F, 0xFE, 0x7D, 0xCD, 0x5A, 0xD2, 
0x35, 0xF8, 0xF5, 0x8B, 0x99, 0x21, 0xF2, 0xEB, 0x95, 0xAD, 0x8F, 0x06, 0x7F, 0xC7, 0xFD, 0xC7, 
0xFB, 0x94, 0x01, 0xD2, 0x51, 0x45, 0x14, 0x00, 0x51, 0x45, 0x14, 0x00, 0x57, 0xC7, 0xFF, 0x00, 
0xF0, 0x54, 0x6F, 0xF8, 0x2C, 0x77, 0xC2, 0x9F, 0xF8, 0x25, 0x97, 0x86, 0xB4, 0xD9, 0xBC, 0x65, 
0x2D, 0xE6, 0xB5, 0xE2, 0x6D, 0x5F, 0xE6, 0xD3, 0xBC, 0x3F, 0xA5, 0xC8, 0xBF, 0x6C, 0xB8, 0x8F, 
0xFE, 0x7A, 0x33, 0x37, 0xFA, 0xB5, 0xAF, 0xAD, 0xAF, 0x2F, 0xED, 0x74, 0x9B, 0x36, 0xB8, 0xB8, 
0x99, 0x6D, 0xED, 0xE2, 0x8F, 0x73, 0x33, 0x36, 0xD5, 0x45, 0xAF, 0xE7, 0x67, 0xE1, 0x5F, 0xFC, 
0x16, 0x87, 0xE0, 0xBF, 0xC0, 0x2F, 0xF8, 0x28, 0x6F, 0xED, 0x05, 0xE3, 0x7F, 0x8F, 0xDF, 0x0B, 
0x66, 0xF8, 0x91, 0xE3, 0x4B, 0xFF, 0x00, 0x17, 0x5F, 0x69, 0xFE, 0x1B, 0xF1, 0x06, 0x9D, 0xF6, 
0x2D, 0x4B, 0xFB, 0x37, 0x47, 0xB6, 0x91, 0xAD, 0xA1, 0xB2, 0xB7, 0x8E, 0xEA, 0x45, 0xFF, 0x00, 
0x9E, 0x74, 0x01, 0xFB, 0x1D, 0xFF, 0x00, 0x04, 0xB6, 0xFF, 0x00, 0x82, 0x96, 0x78, 0x4F, 0xFE, 
0x0A, 0x99, 0xF0, 0x12, 0xF7, 0xC7, 0xBE, 0x17, 0xD1, 0x75, 0x8F, 0x0D, 0x47, 0xA4, 0xEA, 0xD2, 
0x68, 0xB7, 0x7A, 0x6E, 0xA4, 0xEA, 0xD7, 0x10, 0x5C, 0x79, 0x70, 0x4F, 0xD7, 0xA7, 0xFC, 0xB4, 
0xAF, 0xA8, 0xAB, 0xF2, 0x57, 0xFE, 0x08, 0xC5, 0xFF, 0x00, 0x05, 0x4A, 0xF8, 0x4D, 0xE2, 0x3F, 
0x85, 0x9F, 0x19, 0xF4, 0x6F, 0x83, 0x1F, 0x05, 0x7C, 0x47, 0xE1, 0x0F, 0x00, 0xFC, 0x2D, 0xD2, 
0xAE, 0xBC, 0x6B, 0x70, 0x66, 0xD4, 0x3F, 0xB4, 0x27, 0xD6, 0xAF, 0xA6, 0xF9, 0xA4, 0xF2, 0xFF, 
0x00, 0xE0, 0x31, 0xD7, 0xCA, 0x7F, 0x0E, 0x3F, 0xE0, 0xF3, 0xDF, 0x19, 0x5A, 0xF8, 0x59, 0x61, 
0xF1, 0x67, 0xC1, 0x9F, 0x09, 0xEB, 0x9A, 0xA7, 0xFC, 0xB4, 0x9B, 0x4D, 0xF1, 0x57, 0xF6, 0x5A, 
0xCB, 0xFF, 0x00, 0x7D, 0x47, 0x25, 0x00, 0x7B, 0x67, 0xEC, 0x59, 0xF1, 0x2B, 0x58, 0xD6, 0x3F, 
0xE0, 0xEE, 0x3F, 0x8E, 0xF6, 0xFE, 0x22, 0xBA, 0x92, 0xE1, 0xBF, 0xE1, 0x17, 0xD4, 0x34, 0x1D, 
0x39, 0x5B, 0xEE, 0x25, 0x9C, 0x7F, 0xD9, 0x73, 0xC6, 0xB5, 0xFB, 0x4D, 0x37, 0xFB, 0x4D, 0xE5, 
0xAD, 0x7F, 0x2B, 0x7F, 0x1E, 0x7F, 0xE0, 0xA1, 0x9F, 0x19, 0x2C, 0xFF, 0x00, 0xE0, 0xA0, 0x1A, 
0x27, 0xED, 0xE1, 0xA1, 0xFC, 0x05, 0xD6, 0x3C, 0x07, 0xA4, 0xF9, 0x96, 0xF6, 0x32, 0xCD, 0xA8, 
0xFD, 0xB6, 0x4D, 0x0F, 0x5A, 0x93, 0xEC, 0xBF, 0x61, 0x6D, 0xD7, 0x4D, 0x04, 0x15, 0xEE, 0xFF, 
0x00, 0x14, 0x7F, 0xE0, 0xBB, 0x9F, 0xB5, 0x5F, 0xFC, 0x16, 0x67, 0xC0, 0x3A, 0xEF, 0xC2, 0x9F, 
0x81, 0x7F, 0x07, 0x6C, 0xB4, 0x38, 0xEF, 0xAC, 0x24, 0x4F, 0x10, 0x5C, 0x68, 0xD7, 0xAD, 0x7B, 
0x79, 0x15, 0x9F, 0xFB, 0x37, 0x92, 0x79, 0x10, 0x43, 0x40, 0x1F, 0xBA, 0x3F, 0xB2, 0x97, 0xED, 
0xAB, 0xF0, 0xD7, 0xF6, 0xD9, 0xF0, 0xF6, 0xB5, 0xAC, 0x7C, 0x35, 0xF1, 0x1C, 0x3E, 0x26, 0xD1, 
0xFC, 0x3B, 0xA9, 0xC9, 0xA4, 0x5D, 0x5F, 0x41, 0x0C, 0x8B, 0x03, 0xDC, 0x2F, 0xFC, 0xF1, 0x66, 
0xFB, 0xCB, 0xFE, 0xED, 0x7C, 0x2B, 0xFF, 0x00, 0x04, 0x21, 0xF0, 0xB3, 0x7C, 0x52, 0xFD, 0xBE, 
0x3F, 0x6E, 0x1F, 0x8D, 0x97, 0xAC, 0xFF, 0x00, 0x6C, 0xD5, 0x3E, 0x24, 0x5C, 0x78, 0x1E, 0xDD, 
0x64, 0xFF, 0x00, 0x9E, 0x7A, 0x77, 0xF9, 0x8E, 0xBF, 0x38, 0x3F, 0x62, 0x7F, 0xF8, 0x39, 0x5B, 
0xE2, 0x17, 0xEC, 0x31, 0xFB, 0x37, 0xF8, 0x6F, 0xE0, 0x2E, 0x87, 0xF0, 0x17, 0xC3, 0x53, 0x78, 
0x93, 0xC2, 0xAA, 0xDA, 0x45, 0xBC, 0x7B, 0xEE, 0xA1, 0xBA, 0xB8, 0xBC, 0xF3, 0x3F, 0xE5, 0xBD, 
0x9E, 0xDF, 0x33, 0xCF, 0xF3, 0x2A, 0x87, 0xEC, 0x67, 0xFF, 0x00, 0x07, 0x24, 0x7C, 0x50, 0xFF, 
0x00, 0x82, 0x68, 0xF8, 0x3F, 0xC5, 0x9F, 0x0E, 0xBC, 0x59, 0xF0, 0x6B, 0x43, 0x93, 0x5C, 0x9F, 
0xC4, 0x9A, 0x87, 0x88, 0x6F, 0xA3, 0xD4, 0x27, 0xB9, 0xD1, 0x6F, 0xE2, 0xBE, 0xBD, 0x93, 0xCE, 
0x93, 0xCE, 0x87, 0x6D, 0x00, 0x7E, 0x97, 0x7E, 0xD4, 0xFE, 0x15, 0xB7, 0xF8, 0xF1, 0xFF, 0x00, 
0x07, 0x3A, 0x7C, 0x06, 0xD3, 0x66, 0x93, 0xCB, 0x87, 0xE1, 0x37, 0xC3, 0xDB, 0xEF, 0x13, 0xCA, 
0xDF, 0xF4, 0xD1, 0xA4, 0x96, 0x38, 0xFF, 0x00, 0xF4, 0x2A, 0xFD, 0x4A, 0xAF, 0xCC, 0xCF, 0xF8, 
0x21, 0xCC, 0xFF, 0x00, 0x12, 0xFF, 0x00, 0x6C, 0x2F, 0x89, 0x7E, 0x3F, 0xFD, 0xAD, 0xBE, 0x29, 
0x78, 0x6E, 0xCF, 0xC2, 0x17, 0x9F, 0x12, 0xB4, 0x9D, 0x3F, 0xC3, 0x1E, 0x15, 0xD2, 0xED, 0x21, 
0x68, 0xF1, 0xA3, 0xDA, 0x48, 0xF2, 0x7D, 0xA1, 0xB7, 0x7F, 0xD3, 0x49, 0x3F, 0xF2, 0x1D, 0x7E, 
0x99, 0xD0, 0x07, 0x2B, 0xF1, 0x57, 0xE2, 0x96, 0x83, 0xF0, 0x3F, 0xE1, 0xDE, 0xB1, 0xE2, 0xFF, 
0x00, 0x16, 0x6A, 0x96, 0xBA, 0x3F, 0x86, 0xFC, 0x3F, 0x6B, 0x26, 0xA1, 0xA9, 0x5F, 0x5D, 0x37, 
0xEE, 0xAD, 0x21, 0x5A, 0xFC, 0x5F, 0xFF, 0x00, 0x82, 0xA4, 0x7E, 0xDF, 0xDF, 0xB5, 0x07, 0xED, 
0xE5, 0xFB, 0x15, 0x7C, 0x50, 0xD7, 0x3E, 0x18, 0xFC, 0x31, 0x97, 0xE1, 0xA7, 0xEC, 0xD7, 0xA6, 
0xE8, 0xB7, 0x0D, 0xAB, 0x78, 0x83, 0xC5, 0x1F, 0xB8, 0xD6, 0x7C, 0x57, 0x63, 0x27, 0xEE, 0xDB, 
0xEC, 0x96, 0xFF, 0x00, 0xF2, 0xCF, 0xFF, 0x00, 0xB6, 0x57, 0xD9, 0xBF, 0xF0, 0x70, 0xBF, 0xEC, 
0x45, 0xF1, 0x5F, 0xF6, 0xE8, 0xFD, 0x83, 0xE4, 0xF0, 0x87, 0xC2, 0x7B, 0xAB, 0x76, 0xBC, 0x87, 
0x54, 0x8F, 0x50, 0xD5, 0x74, 0x86, 0xFD, 0xC3, 0x6B, 0xF0, 0xC7, 0xFF, 0x00, 0x2C, 0xF7, 0x7F, 
0xBD, 0xF3, 0x57, 0xE5, 0x55, 0xB7, 0x8F, 0xBF, 0xE0, 0xA3, 0x1F, 0x1E, 0x3F, 0x61, 0xEF, 0x8D, 
0x1F, 0x0B, 0xFE, 0x22, 0x69, 0x7E, 0x2A, 0xB4, 0xF0, 0x2F, 0x85, 0xFC, 0x23, 0x24, 0xBA, 0x83, 
0x78, 0xA3, 0xC1, 0x9E, 0x4E, 0xA5, 0x7E, 0xA8, 0xD1, 0xED, 0xB3, 0xB6, 0x9B, 0x1F, 0xBC, 0x6D, 
0xB1, 0xD0, 0x07, 0xEB, 0x67, 0xFC, 0x1B, 0xC5, 0xF0, 0x01, 0xBF, 0x67, 0x6F, 0xF8, 0x24, 0x47, 
0xC2, 0x5B, 0x2B, 0x8D, 0xAD, 0x79, 0xE2, 0x3D, 0x39, 0xBC, 0x5D, 0x79, 0xBB, 0xF8, 0x24, 0xBD, 
0x6F, 0x3E, 0x3F, 0xFC, 0x87, 0xB2, 0xBF, 0x3C, 0xFE, 0x2B, 0xFE, 0xCB, 0x7E, 0x03, 0xFF, 0x00, 
0x82, 0xE9, 0x5D, 0x7C, 0x5A, 0xF8, 0xCF, 0xF1, 0x23, 0xF6, 0x92, 0xF0, 0xFF, 0x00, 0x82, 0x63, 
0xF0, 0xCE, 0xB1, 0xA8, 0x78, 0x6B, 0xC0, 0xBE, 0x1E, 0xB8, 0xBD, 0xB2, 0x8E, 0xD7, 0xC2, 0xB6, 
0x36, 0xB3, 0xF9, 0x51, 0xC9, 0x7B, 0xB9, 0xBF, 0xE5, 0xEF, 0xEF, 0x7F, 0xDB, 0x5F, 0xF9, 0x6B, 
0x5E, 0x7B, 0xF0, 0x5B, 0xFE, 0x0F, 0x22, 0xF1, 0x77, 0xC3, 0xCF, 0x87, 0x1A, 0x46, 0x8B, 0x7D, 
0xF0, 0x67, 0xC2, 0x3A, 0x83, 0x69, 0x36, 0xF1, 0xDA, 0x79, 0xD6, 0x5A, 0xD5, 0xCD, 0x8A, 0xFF, 
0x00, 0xE3, 0xD1, 0xCB, 0x5F, 0x37, 0x8F, 0x8F, 0x56, 0x7F, 0xB6, 0xBF, 0xC5, 0xE9, 0xFC, 0x69, 
0xF0, 0x93, 0xF6, 0x0C, 0xF0, 0xD6, 0xB9, 0xE2, 0xAD, 0x73, 0x50, 0xF3, 0xEE, 0x26, 0xFF, 0x00, 
0x89, 0xF7, 0x89, 0xB4, 0xE4, 0x92, 0x66, 0xFF, 0x00, 0x96, 0x96, 0x7F, 0xBB, 0xB2, 0xA0, 0x0F, 
0xD5, 0xCF, 0xF8, 0x34, 0x17, 0xC7, 0x7A, 0xA6, 0xAB, 0xFF, 0x00, 0x04, 0xF5, 0xF1, 0xA7, 0x87, 
0x75, 0x2B, 0x85, 0x9A, 0xD7, 0xC2, 0x7E, 0x3C, 0xBA, 0xB1, 0xD3, 0xE4, 0xFF, 0x00, 0xA6, 0x72, 
0x5A, 0x5B, 0x5C, 0xB7, 0xFE, 0x8C, 0xAE, 0x27, 0xF6, 0xF2, 0xF0, 0x03, 0x7E, 0xD3, 0x7F, 0xF0, 
0x75, 0x3F, 0xC0, 0x5F, 0x08, 0xCD, 0xE4, 0x5D, 0x69, 0xDE, 0x03, 0xF0, 0xCD, 0x9F, 0x88, 0x6E, 
0x2D, 0xE5, 0xFF, 0x00, 0xA6, 0x32, 0x5F, 0x4F, 0xFF, 0x00, 0xC6, 0xEB, 0xED, 0x2F, 0xF8, 0x22, 
0xDF, 0xEC, 0x55, 0xAF, 0x7E, 0xC5, 0xDF, 0xB1, 0xD2, 0xC3, 0xE3, 0x28, 0x6D, 0x6C, 0xFE, 0x22, 
0x7C, 0x42, 0xD6, 0xAE, 0x3C, 0x6B, 0xE2, 0xC8, 0x6D, 0xAD, 0x23, 0x8E, 0x2B, 0x5B, 0xFB, 0xDF, 
0xF9, 0x75, 0x55, 0x5F, 0xF9, 0xE1, 0xFB, 0xBA, 0xFC, 0x99, 0xFF, 0x00, 0x82, 0x97, 0xFF, 0x00, 
0xC1, 0x41, 0xFC, 0x75, 0xFF, 0x00, 0x04, 0xAD, 0xFF, 0x00, 0x83, 0x88, 0xBC, 0x71, 0xF1, 0x76, 
0xF3, 0xC0, 0xF6, 0x3E, 0x24, 0xB5, 0xD5, 0xB4, 0x18, 0x74, 0x5D, 0x16, 0x3D, 0x4A, 0xE1, 0xAC, 
0x92, 0x5B, 0x0F, 0xB2, 0x41, 0xB9, 0xA1, 0x9B, 0xFE, 0xBA, 0x50, 0x07, 0xEB, 0x4F, 0xFC, 0x17, 
0xEF, 0x54, 0x5D, 0x0F, 0xFE, 0x08, 0xE5, 0xF1, 0xEE, 0x4F, 0xF9, 0xE9, 0xE1, 0xB9, 0x2D, 0x87, 
0xFC, 0x0A, 0x68, 0xEB, 0xF3, 0xAB, 0xF6, 0x57, 0xFD, 0xBA, 0xFE, 0x35, 0x7C, 0x61, 0xFD, 0x8D, 
0xFE, 0x16, 0xFE, 0xCD, 0x7F, 0xB1, 0x4F, 0x87, 0xBF, 0xB4, 0x35, 0x8F, 0x06, 0xF8, 0x5A, 0xC6, 
0xDB, 0xC6, 0x9F, 0x11, 0x2E, 0x97, 0xCB, 0xD2, 0x74, 0x0B, 0xC9, 0x17, 0x7C, 0xD0, 0xDB, 0xC9, 
0x27, 0x0D, 0xF3, 0x06, 0xAF, 0x92, 0xFF, 0x00, 0xE0, 0xA5, 0x9F, 0xF0, 0x73, 0x3F, 0x8B, 0xBF, 
0xE0, 0xA1, 0x1F, 0x01, 0xBF, 0xE1, 0x57, 0x9F, 0x87, 0xDA, 0x5F, 0x85, 0x3C, 0x33, 0xAE, 0x5E, 
0x5A, 0xBE, 0xBA, 0xD6, 0x3A, 0xCB, 0x5E, 0xDE, 0x6A, 0x56, 0xB1, 0xCE, 0x24, 0xFB, 0x27, 0xE3, 
0x5E, 0xC5, 0xFB, 0x31, 0x7F, 0xC1, 0x7A, 0x3F, 0x68, 0xED, 0x03, 0xE1, 0x36, 0x99, 0xE0, 0x0F, 
0xD9, 0x97, 0xF6, 0x46, 0xD3, 0xB4, 0x7D, 0x06, 0xC5, 0x76, 0xDA, 0x43, 0x69, 0xA2, 0xEB, 0x5A, 
0xDF, 0x95, 0xFF, 0x00, 0x7E, 0xE8, 0x03, 0xC6, 0x7F, 0x6C, 0xAF, 0xF8, 0x25, 0x87, 0xED, 0xB5, 
0xFF, 0x00, 0x04, 0xB8, 0xB8, 0x83, 0xE3, 0xE6, 0xB5, 0xF1, 0x1E, 0xE3, 0xC4, 0xD7, 0x1A, 0x34, 
0xCB, 0xF6, 0xFF, 0x00, 0x12, 0x68, 0x1E, 0x28, 0xBD, 0xD4, 0x2F, 0xF4, 0xFF, 0x00, 0xFA, 0x69, 
0x71, 0xF6, 0xA8, 0xFF, 0x00, 0xD5, 0xD7, 0xEF, 0xC7, 0xFC, 0x12, 0x9F, 0xF6, 0xB7, 0xD6, 0x3F, 
0x6E, 0xDF, 0xD8, 0x2B, 0xE1, 0xCF, 0xC4, 0xDF, 0x11, 0xE9, 0xA9, 0xA4, 0xF8, 0x83, 0x5D, 0xB3, 
0x65, 0xBF, 0x55, 0x87, 0x6C, 0x37, 0x17, 0x10, 0xCF, 0xE4, 0xC9, 0x34, 0x3F, 0xF4, 0xCE, 0x6D, 
0xB9, 0xFF, 0x00, 0x81, 0x57, 0xE3, 0x8F, 0xFC, 0x14, 0x4A, 0xD7, 0xFE, 0x0A, 0x83, 0xF1, 0x53, 
0xF6, 0x40, 0xD5, 0xBC, 0x49, 0xF1, 0x1A, 0x15, 0xD2, 0xBC, 0x11, 0x78, 0xBF, 0x61, 0xD5, 0xFC, 
0x1D, 0xE1, 0xBB, 0x55, 0xFB, 0x71, 0xB3, 0x9F, 0x31, 0x7F, 0xA4, 0x5B, 0xDB, 0xF9, 0x92, 0x79, 
0x3C, 0x54, 0x3F, 0xB3, 0xAF, 0xFC, 0x1D, 0xA7, 0xE3, 0x3F, 0x01, 0x7C, 0x2F, 0xF0, 0xB7, 0xC3, 
0xBF, 0x04, 0x7E, 0xCE, 0xFE, 0x0D, 0xFB, 0x66, 0x9F, 0x69, 0x0E, 0x91, 0xA5, 0xE9, 0xBA, 0x3E, 
0xA9, 0x77, 0xB3, 0xFE, 0xD9, 0xD9, 0xF9, 0x3F, 0xFB, 0x56, 0x80, 0x3E, 0xC2, 0xF8, 0x0D, 0xFB, 
0x61, 0x7C, 0x48, 0xF8, 0xD3, 0xFF, 0x00, 0x07, 0x36, 0xF8, 0xAB, 0xE1, 0xEF, 0x89, 0x75, 0x4B, 
0x8B, 0x1F, 0x08, 0xFC, 0x39, 0xD0, 0x75, 0x6B, 0x6D, 0x17, 0x42, 0x89, 0xFF, 0x00, 0xD1, 0x7F, 
0xE3, 0xDB, 0x4F, 0x6F, 0xB5, 0x7F, 0xC0, 0xFC, 0xCA, 0xFD, 0x70, 0xAF, 0xCC, 0x9F, 0xF8, 0x23, 
0x97, 0xEC, 0xF9, 0xF1, 0x73, 0xE3, 0x8F, 0xED, 0x27, 0xE3, 0x2F, 0xDA, 0xCB, 0xE3, 0xE7, 0x83, 
0xB4, 0xDF, 0x01, 0xF8, 0xEB, 0xC5, 0xBA, 0x4C, 0x3E, 0x1C, 0xD0, 0x34, 0x38, 0x2C, 0x26, 0xB4, 
0xB8, 0xB2, 0xD3, 0xE3, 0xF2, 0xFF, 0x00, 0x7D, 0x34, 0x72, 0x7F, 0x15, 0x7E, 0x9B, 0x50, 0x01, 
0x5C, 0x8F, 0xC6, 0xCF, 0x8C, 0x9E, 0x1C, 0xFD, 0x9E, 0x3E, 0x16, 0xEB, 0x9E, 0x36, 0xF1, 0x76, 
0xA9, 0x06, 0x8F, 0xE1, 0x9F, 0x0C, 0xD9, 0xC9, 0xA8, 0x6A, 0x57, 0xD3, 0x7F, 0xCB, 0xBC, 0x2B, 
0x5C, 0xCE, 0x93, 0xFB, 0x50, 0xF8, 0x7F, 0x5C, 0xFD, 0xAB, 0xB5, 0x6F, 0x84, 0x36, 0x76, 0xF7, 
0xB3, 0xF8, 0x9B, 0x41, 0xD0, 0x2D, 0x7C, 0x47, 0xA8, 0x4C, 0xB0, 0xFF, 0x00, 0xA2, 0xD9, 0x43, 
0x75, 0x34, 0xF1, 0x40, 0xAC, 0xDF, 0xF3, 0xD1, 0xBC, 0x99, 0x2B, 0xF3, 0x7F, 0xFE, 0x0E, 0x81, 
0xFD, 0xA1, 0x34, 0xDF, 0x86, 0xE7, 0xE0, 0x0F, 0x83, 0xBC, 0x75, 0xA0, 0x78, 0x83, 0x5E, 0xF8, 
0x3D, 0xE2, 0x0F, 0x12, 0xDC, 0x6A, 0xFE, 0x2B, 0xB7, 0xD2, 0x9B, 0x6C, 0x9A, 0xBC, 0x76, 0x4B, 
0xBA, 0x3B, 0x0F, 0xFC, 0x7A, 0x80, 0x3E, 0x75, 0xF8, 0xEF, 0xFF, 0x00, 0x05, 0x3C, 0xFD, 0xBB, 
0xBF, 0xE0, 0xAB, 0x57, 0x17, 0xDE, 0x24, 0xFD, 0x94, 0xBC, 0x17, 0xE3, 0x4F, 0x07, 0xFC, 0x24, 
0xD1, 0x8C, 0x89, 0x63, 0x75, 0xA6, 0xC7, 0x65, 0xF6, 0xCD, 0x6A, 0x4F, 0xFA, 0x6D, 0x24, 0xDF, 
0xFA, 0x2E, 0x3A, 0xFD, 0x3C, 0xFD, 0xAB, 0x7E, 0x3E, 0xF8, 0xC7, 0xE1, 0x8F, 0xFC, 0x11, 0x3B, 
0xC6, 0x5E, 0x3E, 0xF1, 0x9E, 0x8E, 0xBA, 0x3F, 0x8F, 0xAC, 0xFE, 0x16, 0xCD, 0x3E, 0xAD, 0xA7, 
0xCD, 0xFF, 0x00, 0x2E, 0xFA, 0x84, 0x96, 0x5E, 0x5C, 0x91, 0xFF, 0x00, 0xDF, 0xD3, 0x5C, 0x0F, 
0xFC, 0x13, 0x53, 0xFE, 0x0B, 0x97, 0xFB, 0x37, 0xFE, 0xD7, 0x9E, 0x21, 0xF0, 0xDF, 0xC2, 0x9F, 
0x02, 0xE9, 0xDA, 0xFF, 0x00, 0x80, 0x75, 0xC3, 0x6C, 0xD6, 0xDA, 0x2F, 0x87, 0x75, 0x2D, 0x1F, 
0xEC, 0x50, 0x79, 0x30, 0xC7, 0xF7, 0x60, 0x68, 0xFE, 0x5F, 0xBB, 0x58, 0x5F, 0xF0, 0x73, 0xF7, 
0x89, 0xA6, 0x97, 0xFE, 0x09, 0x90, 0xFE, 0x05, 0xD3, 0x19, 0xBF, 0xB7, 0xBE, 0x2C, 0x78, 0xBB, 
0x45, 0xF0, 0x8E, 0x9B, 0x1F, 0xFC, 0xF7, 0x92, 0x4B, 0xAF, 0x33, 0xFF, 0x00, 0x69, 0xD0, 0x04, 
0xBF, 0xF0, 0x6C, 0x4F, 0xEC, 0xDE, 0xBF, 0xB3, 0xF7, 0xFC, 0x12, 0x57, 0xC1, 0xBA, 0x84, 0xD1, 
0x45, 0x0E, 0xA1, 0xF1, 0x06, 0xEA, 0x6F, 0x12, 0xC8, 0x7F, 0xE9, 0x9C, 0xCD, 0xE5, 0xDB, 0x7F, 
0xE4, 0x25, 0x8E, 0xBF, 0x46, 0x2B, 0x8D, 0xF8, 0x15, 0xF0, 0x9E, 0xCF, 0xE0, 0x97, 0xC1, 0xDF, 
0x09, 0xF8, 0x3B, 0x4D, 0x8D, 0x22, 0xD3, 0xFC, 0x27, 0xA4, 0xDA, 0xE9, 0x50, 0x6D, 0xF4, 0x86, 
0x1F, 0x2E, 0xBB, 0x2A, 0x00, 0xF9, 0xCF, 0xE1, 0x2F, 0xED, 0xCB, 0x6B, 0xF1, 0x8B, 0xFE, 0x0A, 
0x01, 0xF1, 0x6B, 0xE0, 0xCE, 0x97, 0xA6, 0x43, 0x35, 0x87, 0xC2, 0x1D, 0x2B, 0x49, 0xB9, 0xD5, 
0x75, 0x83, 0x75, 0xF3, 0x0D, 0x43, 0x51, 0xF3, 0x9A, 0x3B, 0x4D, 0xBF, 0xF5, 0xCE, 0x3A, 0xFA, 
0x32, 0xBF, 0x9B, 0x0F, 0xDA, 0xD7, 0xF6, 0xF1, 0xF8, 0xD5, 0xFF, 0x00, 0x04, 0x3C, 0xFF, 0x00, 
0x82, 0xDE, 0x7C, 0x6E, 0xF1, 0xA4, 0x3E, 0x15, 0xB1, 0xD4, 0xFC, 0x27, 0xF1, 0x8F, 0x52, 0xFE, 
0xD0, 0x5B, 0x6D, 0x4D, 0xBC, 0xAB, 0x5D, 0x6E, 0xC3, 0xFE, 0x58, 0xC9, 0x0D, 0xD7, 0xF0, 0xB2, 
0xFC, 0xD5, 0xEC, 0x6F, 0xFF, 0x00, 0x07, 0xB3, 0x4D, 0xFF, 0x00, 0x46, 0xF7, 0xA3, 0x7F, 0xE1, 
0xC2, 0x6F, 0xFE, 0x57, 0x50, 0x07, 0xEE, 0x8F, 0x8E, 0xBF, 0xB4, 0xBF, 0xE1, 0x12, 0xD5, 0xBF, 
0xB0, 0xFC, 0xAF, 0xED, 0x8F, 0xB1, 0xCD, 0xF6, 0x3D, 0xDF, 0x77, 0xED, 0x1E, 0x5F, 0xEE, 0xEB, 
0xF2, 0x43, 0xFE, 0x0D, 0x1C, 0xF1, 0x8F, 0x8A, 0xBE, 0x2F, 0x78, 0x0F, 0xF6, 0x8D, 0xF1, 0xA7, 
0x8F, 0x2F, 0xB5, 0x2D, 0x53, 0xC6, 0x5A, 0xF7, 0x8C, 0x34, 0xF4, 0xD5, 0xAF, 0x2F, 0xBF, 0xE3, 
0xE2, 0xE2, 0x68, 0x6C, 0xBF, 0xFB, 0x2A, 0xF3, 0x1F, 0x07, 0xFF, 0x00, 0xC1, 0x69, 0xBF, 0xE0, 
0xA0, 0x1F, 0xF0, 0x51, 0x7D, 0x6E, 0x3B, 0x3F, 0x80, 0x7F, 0x00, 0xF4, 0xFF, 0x00, 0x06, 0xE8, 
0xD7, 0x4B, 0xFF, 0x00, 0x21, 0xEB, 0xAD, 0x2E, 0x6B, 0x98, 0xBF, 0xF0, 0x2A, 0xF7, 0xC8, 0x82, 
0xBF, 0x4E, 0xFF, 0x00, 0xE0, 0x96, 0x9F, 0xB1, 0x14, 0xFF, 0x00, 0xB0, 0xC7, 0xEC, 0xC5, 0x0E, 
0x89, 0xAD, 0xDE, 0x5B, 0xEB, 0x1F, 0x11, 0x3C, 0x51, 0xA9, 0x5D, 0x78, 0x9F, 0xC6, 0x7A, 0xA2, 
0x3F, 0xCB, 0xAA, 0xEB, 0x97, 0x5F, 0x34, 0xF2, 0x50, 0x06, 0x77, 0xFC, 0x16, 0x2F, 0xF6, 0xEC, 
0xD4, 0xBF, 0xE0, 0x9C, 0xFF, 0x00, 0xB0, 0xCF, 0x88, 0xBE, 0x23, 0xE8, 0xFA, 0x6D, 0x8E, 0xAD, 
0xAD, 0xC5, 0x75, 0x6B, 0xA4, 0x69, 0x91, 0x5E, 0xFF, 0x00, 0xC7, 0xAA, 0x5D, 0x5C, 0xCB, 0xB7, 
0x74, 0xDF, 0xF4, 0xCE, 0xA6, 0xFF, 0x00, 0x82, 0x37, 0xFE, 0xD1, 0x7A, 0xE7, 0xED, 0x5D, 0xFF, 
0x00, 0x04, 0xCF, 0xF8, 0x4F, 0xE3, 0xEF, 0x15, 0x6A, 0x6D, 0xAE, 0x78, 0x93, 0x59, 0xD1, 0xDA, 
0x6D, 0x5E, 0xF0, 0xAE, 0xDF, 0x36, 0xEA, 0x39, 0xDA, 0xA5, 0xFF, 0x00, 0x82, 0xC6, 0x7E, 0xCE, 
0x5A, 0x6F, 0xED, 0x4D, 0xFF, 0x00, 0x04, 0xD9, 0xF8, 0xB9, 0xE1, 0x7D, 0x42, 0xF2, 0xCF, 0x4D, 
0x68, 0x74, 0x29, 0xB5, 0x7B, 0x3B, 0xEB, 0x89, 0x36, 0xC1, 0xA7, 0xDE, 0x59, 0x7F, 0xA4, 0xC3, 
0x23, 0x7F, 0xDB, 0x48, 0xEB, 0xF0, 0x73, 0xFE, 0x09, 0xAD, 0xFF, 0x00, 0x07, 0x2E, 0xF8, 0x93, 
0xFE, 0x09, 0xB7, 0xFB, 0x29, 0xE8, 0xBF, 0x08, 0xFF, 0x00, 0xE1, 0x55, 0xE8, 0x7E, 0x24, 0xB1, 
0xF0, 0xF4, 0x93, 0x5D, 0x5A, 0x5D, 0x4D, 0xAE, 0xCD, 0x63, 0x3B, 0xC3, 0x75, 0x27, 0x9F, 0xFC, 
0x4B, 0xFF, 0x00, 0x4D, 0x28, 0x03, 0xE8, 0xAF, 0xDA, 0x9F, 0xFE, 0x0A, 0x99, 0xFF, 0x00, 0x05, 
0x0A, 0xFD, 0xA6, 0xFC, 0x57, 0xE2, 0x8F, 0x11, 0x7C, 0x13, 0xF0, 0x0F, 0x8F, 0x3C, 0x0F, 0xF0, 
0xAF, 0xC3, 0xBA, 0x85, 0xD4, 0x16, 0x13, 0x69, 0xFE, 0x0F, 0x82, 0xEE, 0xE2, 0xE6, 0x18, 0x7F, 
0xE5, 0xA4, 0xCD, 0x73, 0xFF, 0x00, 0xB4, 0xAB, 0xD7, 0x3F, 0xE0, 0x95, 0xFF, 0x00, 0xF0, 0x75, 
0x57, 0x86, 0x7E, 0x25, 0xCB, 0x0F, 0x81, 0x7F, 0x69, 0x89, 0xB4, 0xFF, 0x00, 0x03, 0xF8, 0xAA, 
0x1F, 0xDD, 0x47, 0xE2, 0x68, 0xE1, 0xF2, 0x34, 0x9B, 0x8F, 0xF6, 0x6E, 0x7F, 0xE7, 0xDE, 0x4F, 
0xFC, 0x76, 0xBC, 0x97, 0xC2, 0x1F, 0xF0, 0x73, 0x27, 0xED, 0x6B, 0xFB, 0x74, 0xEB, 0x90, 0xF8, 
0x7F, 0xF6, 0x77, 0xFD, 0x9D, 0xFC, 0x37, 0x25, 0xC7, 0xFC, 0xB4, 0xB8, 0x8A, 0x2B, 0xDD, 0x6F, 
0xEC, 0x5F, 0xF6, 0xD1, 0xBE, 0xC9, 0x0A, 0xD7, 0x6B, 0xA5, 0xFF, 0x00, 0xC1, 0xAD, 0xDE, 0x38, 
0xFD, 0xB4, 0xBE, 0x21, 0xEB, 0x9F, 0x14, 0x3F, 0x69, 0xBF, 0x8A, 0x56, 0x7E, 0x1F, 0xF1, 0xDF, 
0x88, 0xA4, 0xF3, 0xEE, 0xB4, 0xFF, 0x00, 0x02, 0x69, 0x30, 0xC7, 0x12, 0x7F, 0xDB, 0x4F, 0xFE, 
0xC6, 0x80, 0x3F, 0x63, 0xBE, 0x16, 0xFC, 0x7E, 0xF0, 0x3F, 0xC7, 0x2D, 0x1A, 0xD7, 0x50, 0xF0, 
0x8F, 0x8C, 0xBC, 0x2F, 0xE2, 0x7B, 0x3B, 0xC8, 0xFC, 0xC8, 0x66, 0xD2, 0x75, 0x48, 0x2E, 0xFE, 
0xD0, 0xBF, 0xF0, 0x1A, 0xED, 0xEB, 0xE2, 0x0F, 0xF8, 0x25, 0x37, 0xFC, 0x11, 0x07, 0xE1, 0xBF, 
0xFC, 0x12, 0x96, 0xE7, 0xC4, 0x5A, 0xA6, 0x89, 0xAA, 0x6A, 0x1E, 0x2F, 0xF1, 0x4F, 0x88, 0x9B, 
0x6F, 0xF6, 0xFE, 0xA9, 0x6B, 0x1C, 0x57, 0x56, 0xF6, 0xDF, 0xF3, 0xEE, 0xBB, 0x6B, 0xED, 0xFA, 
0x00, 0x28, 0xA2, 0x8A, 0x00, 0x28, 0xA2, 0x8A, 0x00, 0x28, 0xA2, 0x8A, 0x00, 0xCD, 0xD5, 0xF5, 
0xF8, 0xF4, 0x7B, 0x98, 0xE1, 0xF2, 0xEA, 0xAF, 0xFC, 0x26, 0xD1, 0xFF, 0x00, 0xCF, 0xB9, 0xAA, 
0xFE, 0x33, 0xFF, 0x00, 0x8F, 0xFB, 0x7F, 0xF7, 0x2B, 0x1E, 0x80, 0x3A, 0x0F, 0xF8, 0x4D, 0xA3, 
0xFF, 0x00, 0x9F, 0x73, 0x47, 0xFC, 0x26, 0xD1, 0xFF, 0x00, 0xCF, 0xB9, 0xAE, 0x7E, 0x8A, 0x00, 
0xE8, 0x3F, 0xE1, 0x36, 0x8F, 0xFE, 0x7D, 0xCD, 0x1F, 0xF0, 0x9B, 0x47, 0xFF, 0x00, 0x3E, 0xE6, 
0xB9, 0xFA, 0x28, 0x03, 0xB4, 0xFE, 0xCF, 0xB7, 0xFF, 0x00, 0x9E, 0x30, 0x7F, 0xDF, 0x9A, 0x3F, 
0xB3, 0xED, 0xFF, 0x00, 0xE7, 0x8C, 0x1F, 0xF7, 0xE6, 0xA8, 0xFF, 0x00, 0xC2, 0x59, 0x63, 0xFF, 
0x00, 0x4D, 0x7F, 0xEF, 0x9A, 0x3F, 0xE1, 0x2C, 0xB1, 0xFF, 0x00, 0xA6, 0xBF, 0xF7, 0xCD, 0x00, 
0x5E, 0xFE, 0xCF, 0xB7, 0xFF, 0x00, 0x9E, 0x30, 0x7F, 0xDF, 0x9A, 0x3F, 0xB3, 0xED, 0xFF, 0x00, 
0xE7, 0x8C, 0x1F, 0xF7, 0xE6, 0xA8, 0xFF, 0x00, 0xC2, 0x59, 0x63, 0xFF, 0x00, 0x4D, 0x7F, 0xEF, 
0x9A, 0x3F, 0xE1, 0x2C, 0xB1, 0xFF, 0x00, 0xA6, 0xBF, 0xF7, 0xCD, 0x00, 0x5E, 0xFE, 0xCF, 0xB7, 
0xFF, 0x00, 0x9E, 0x30, 0x7F, 0xDF, 0x9A, 0x74, 0x56, 0xD1, 0xC3, 0xFE, 0xAD, 0x60, 0xAC, 0xFF, 
0x00, 0xF8, 0x4B, 0x2C, 0x7F, 0xE9, 0xAF, 0xFD, 0xF3, 0x57, 0x2C, 0x35, 0x88, 0x75, 0x5D, 0xDE, 
0x5D, 0x00, 0x5A, 0xA2, 0x8A, 0x28, 0x00, 0xA2, 0x8A, 0x28, 0x03, 0x84, 0xFD, 0xA0, 0x7E, 0x00, 
0xF8, 0x4F, 0xF6, 0x9F, 0xF8, 0x49, 0xAC, 0xF8, 0x1F, 0xC7, 0x1A, 0x5C, 0x3A, 0xC7, 0x86, 0x7C, 
0x41, 0x0A, 0xC1, 0x7D, 0x69, 0x23, 0x6D, 0xFB, 0x45, 0x78, 0xE7, 0x86, 0xFF, 0x00, 0xE0, 0x8D, 
0x5F, 0xB2, 0xAF, 0x83, 0x66, 0x59, 0xB4, 0xBF, 0x80, 0x7F, 0x0C, 0x6C, 0xE6, 0xFF, 0x00, 0x9E, 
0x9F, 0xD8, 0xB1, 0xD7, 0xD3, 0xD4, 0x50, 0x07, 0x2F, 0xF0, 0xDB, 0xE1, 0x3F, 0x86, 0x7E, 0x13, 
0xE8, 0x7F, 0xD9, 0xBE, 0x15, 0xF0, 0xDE, 0x8F, 0xE1, 0x9D, 0x37, 0x1F, 0xF1, 0xEF, 0xA5, 0xD9, 
0x43, 0x69, 0x17, 0xE5, 0x1D, 0x64, 0x5B, 0x7E, 0xCB, 0xBF, 0x0D, 0x6C, 0x35, 0xAF, 0xED, 0x2B, 
0x7F, 0x87, 0xBE, 0x05, 0xB7, 0xD4, 0xBF, 0xE7, 0xF2, 0x1F, 0x0F, 0xDA, 0x2D, 0xC7, 0xFD, 0xFC, 
0xF2, 0xEB, 0xBF, 0xA2, 0x80, 0x33, 0xB5, 0x6D, 0x12, 0xCF, 0x5F, 0xD2, 0xE4, 0xB1, 0xBC, 0xB7, 
0xB5, 0xBA, 0xB3, 0x9E, 0x3D, 0xB2, 0x43, 0x2C, 0x7E, 0x62, 0xCB, 0x1D, 0x7C, 0x3D, 0xFB, 0x62, 
0x7F, 0xC1, 0x62, 0x7E, 0x1D, 0x7F, 0xC1, 0x3C, 0xFF, 0x00, 0x6A, 0xBF, 0x87, 0x3F, 0x02, 0x6C, 
0x3C, 0x19, 0xAB, 0x6B, 0x7E, 0x24, 0xF1, 0x75, 0xF5, 0xAF, 0xDA, 0xE0, 0xD0, 0xB4, 0xFD, 0xB0, 
0x68, 0xB6, 0x33, 0xB7, 0x94, 0xB3, 0xFF, 0x00, 0xD3, 0x69, 0x2B, 0xEF, 0x2A, 0xE3, 0x75, 0xAF, 
0x82, 0xBE, 0x13, 0xF1, 0x47, 0xC4, 0x7D, 0x17, 0xC6, 0x9A, 0x97, 0x87, 0x74, 0xDB, 0xCF, 0x18, 
0x78, 0x76, 0xDA, 0x6B, 0x6D, 0x2F, 0x56, 0x9A, 0xDE, 0x39, 0x2F, 0x34, 0xF8, 0xE6, 0xFF, 0x00, 
0x59, 0x1C, 0x72, 0x76, 0xA0, 0x0D, 0x6F, 0xF8, 0x42, 0x34, 0x5B, 0x7F, 0x10, 0xB6, 0xB5, 0xFD, 
0x93, 0xA5, 0xAE, 0xA9, 0x22, 0xED, 0xFB, 0x62, 0xDA, 0xC7, 0xF6, 0xAF, 0xFB, 0xF9, 0x55, 0xF5, 
0x6F, 0x86, 0xBA, 0x0F, 0x89, 0x35, 0x88, 0x75, 0x0D, 0x43, 0x43, 0xD1, 0x2F, 0xAF, 0xAD, 0xFF, 
0x00, 0xD5, 0xDC, 0x5D, 0x69, 0xF1, 0xCD, 0x3A, 0x7F, 0xDB, 0x4A, 0xE9, 0x28, 0xA0, 0x02, 0x8A, 
0x28, 0xA0, 0x02, 0x8A, 0x28, 0xA0, 0x0E, 0x3D, 0xFE, 0x0A, 0xF8, 0x3E, 0x6D, 0x4A, 0x4B, 0xC9, 
0x3C, 0x25, 0xE1, 0x8F, 0xB5, 0x4F, 0xFE, 0xB2, 0x56, 0xD2, 0x60, 0xF3, 0x5F, 0xFE, 0x05, 0x5D, 
0x45, 0x9D, 0x9C, 0x7A, 0x6C, 0x31, 0xC3, 0x6F, 0x1C, 0x50, 0xC3, 0xFD, 0xD5, 0xAB, 0x14, 0x50, 
0x01, 0x58, 0x7E, 0x2C, 0xF0, 0x3E, 0x8D, 0xE3, 0x5B, 0x1F, 0xB3, 0x6B, 0x1A, 0x3E, 0x93, 0xAC, 
0x43, 0xFF, 0x00, 0x3C, 0x6F, 0x6D, 0x63, 0xBA, 0xFF, 0x00, 0xD1, 0x95, 0xB9, 0x45, 0x00, 0x73, 
0x1A, 0x67, 0xC2, 0xAF, 0x0A, 0xE8, 0x1F, 0x34, 0x1E, 0x19, 0xF0, 0xED, 0xAF, 0xFD, 0x71, 0xD3, 
0xE1, 0x8E, 0xBA, 0x7A, 0x28, 0xA0, 0x02, 0xBE, 0x09, 0xFF, 0x00, 0x82, 0x8C, 0x7F, 0xC1, 0x58, 
0xFE, 0x17, 0x7F, 0xC1, 0x2D, 0x3E, 0x31, 0xF8, 0x27, 0xC3, 0x3F, 0xF0, 0x83, 0xDC, 0x78, 0x83, 
0xC6, 0x9F, 0x11, 0xB5, 0x18, 0xA5, 0x92, 0xD7, 0x41, 0xD2, 0x7C, 0xBB, 0x8F, 0xB1, 0xB4, 0x9B, 
0x64, 0xB8, 0xFF, 0x00, 0xA6, 0xD2, 0x57, 0xDE, 0xD5, 0xC2, 0xF8, 0xBB, 0xE0, 0x47, 0x83, 0xFE, 
0x23, 0x78, 0xF7, 0xC3, 0x3E, 0x2E, 0xD7, 0xBC, 0x3B, 0xA3, 0x6A, 0x3E, 0x2A, 0xF0, 0x7C, 0x93, 
0x49, 0xA0, 0xEA, 0x57, 0x76, 0xB1, 0xCD, 0x75, 0xA3, 0xC9, 0x32, 0xED, 0x93, 0xC9, 0x93, 0xB5, 
0x00, 0x76, 0xD6, 0xD2, 0xFD, 0xAA, 0xD9, 0x64, 0xFF, 0x00, 0x9E, 0x91, 0xD4, 0x94, 0x51, 0x40, 
0x1F, 0x89, 0x9F, 0xB1, 0xA7, 0xFC, 0x16, 0x7B, 0xE1, 0x4F, 0xEC, 0xA5, 0xFF, 0x00, 0x05, 0x59, 
0xFD, 0xB1, 0x34, 0x7F, 0x8C, 0x3A, 0x83, 0x78, 0x46, 0x6F, 0x16, 0xF8, 0xD1, 0x45, 0x86, 0xB3, 
0x71, 0x0B, 0x35, 0xBF, 0x97, 0xA7, 0x47, 0xF6, 0x4F, 0xB3, 0xB7, 0xE5, 0x5E, 0xA9, 0xFB, 0x76, 
0xFF, 0x00, 0xC1, 0xC3, 0xDF, 0xB0, 0xBF, 0x8C, 0xBE, 0x17, 0x6A, 0x9E, 0x1C, 0xD7, 0x21, 0x5F, 
0x8F, 0x76, 0x8B, 0xFF, 0x00, 0x30, 0x78, 0x7C, 0x3F, 0x34, 0xB6, 0xAF, 0xFF, 0x00, 0x6F, 0x17, 
0x11, 0xAC, 0x6B, 0x54, 0xFF, 0x00, 0xE0, 0xA0, 0xDF, 0xB0, 0x0F, 0xEC, 0x07, 0xFB, 0x63, 0xFC, 
0x6A, 0xF8, 0x9D, 0xE3, 0xEF, 0x1B, 0x78, 0xFB, 0xFB, 0x17, 0xC6, 0x1F, 0x0F, 0x7C, 0xB9, 0xFC, 
0x73, 0x26, 0x83, 0xE2, 0x48, 0xE0, 0x91, 0x3E, 0x5F, 0xE2, 0x8D, 0xB7, 0x7C, 0xD5, 0xEB, 0xFF, 
0x00, 0xF0, 0x4A, 0x3F, 0xF8, 0x25, 0x5F, 0xEC, 0x6F, 0xE1, 0xCF, 0x01, 0x78, 0x6F, 0xE3, 0x07, 
0xC1, 0x9F, 0x0A, 0xAF, 0x8B, 0x3F, 0xB7, 0xA1, 0x17, 0x9A, 0x7E, 0xB9, 0xE2, 0x37, 0xFE, 0xD4, 
0xBF, 0xB4, 0xFF, 0x00, 0xBE, 0xBF, 0xD4, 0xC9, 0x40, 0x1F, 0x3B, 0xFF, 0x00, 0xC1, 0x1F, 0xFF, 
0x00, 0xE0, 0x9B, 0x92, 0x7C, 0x61, 0xFD, 0xB0, 0x74, 0x6F, 0xDA, 0x86, 0xF3, 0xE0, 0x96, 0x85, 
0xFB, 0x3B, 0xFC, 0x3D, 0xF0, 0xCD, 0xB5, 0xC4, 0x5E, 0x07, 0xF0, 0x6D, 0xA4, 0x73, 0x7F, 0x68, 
0xDF, 0xC9, 0x3C, 0x7E, 0x57, 0xF6, 0x8D, 0xE7, 0xFD, 0xB3, 0xAF, 0xD8, 0x0D, 0x53, 0x44, 0xB3, 
0xD5, 0x8C, 0x26, 0xE6, 0xD6, 0xD6, 0xE3, 0xEC, 0x6D, 0xE6, 0xC2, 0xD3, 0x2E, 0xEF, 0x22, 0x4A, 
0xD4, 0xA2, 0x80, 0x0A, 0x28, 0xA2, 0x80, 0x38, 0xFF, 0x00, 0x8B, 0x7A, 0x17, 0x85, 0x75, 0x7F, 
0x05, 0x5F, 0x4D, 0xE3, 0x2D, 0x2F, 0x48, 0xD5, 0xB4, 0x3B, 0x18, 0xE4, 0xB8, 0xBA, 0x4B, 0xFD, 
0x3E, 0x3B, 0xD8, 0x95, 0x57, 0xFE, 0x99, 0xB2, 0xB5, 0x7C, 0x4F, 0xFF, 0x00, 0x04, 0xAD, 0xFD, 
0xB8, 0xBE, 0x0B, 0xFF, 0x00, 0xC1, 0x46, 0xFC, 0x6B, 0xF1, 0x13, 0xFE, 0x15, 0xCF, 0xC1, 0xBD, 
0x0F, 0xC2, 0xFA, 0x6F, 0x81, 0x35, 0x08, 0xBF, 0xB2, 0xF5, 0x83, 0xE1, 0xFB, 0x38, 0x3F, 0xB6, 
0x6D, 0xDB, 0x3F, 0xBC, 0x5F, 0x97, 0xF7, 0x2D, 0x5F, 0xA1, 0x15, 0xC5, 0x7C, 0x2A, 0xF8, 0x2D, 
0xE1, 0x6F, 0x80, 0xDE, 0x1D, 0x9B, 0x4A, 0xF0, 0x86, 0x81, 0xA4, 0xF8, 0x6F, 0x49, 0xB8, 0xB9, 
0x9A, 0xF6, 0x7B, 0x7D, 0x32, 0xD2, 0x3B, 0x48, 0x3C, 0xE9, 0x9B, 0x7C, 0x93, 0x50, 0x07, 0x6B, 
0x5F, 0x99, 0x7F, 0xF0, 0x51, 0xAF, 0xF8, 0x38, 0x39, 0x7F, 0xE0, 0x99, 0x1F, 0xB4, 0x0D, 0xF7, 
0x82, 0xFC, 0x73, 0xF0, 0x4F, 0xC5, 0x57, 0x1A, 0x3D, 0xC4, 0x2B, 0x73, 0xE1, 0xFD, 0x7E, 0x1D, 
0x56, 0xDE, 0xDA, 0xDB, 0x5A, 0x5F, 0xF9, 0x69, 0x5F, 0xA6, 0x95, 0xCF, 0xF8, 0x9F, 0xC0, 0x7A, 
0x2F, 0xC4, 0x3B, 0x18, 0x61, 0xD7, 0xB4, 0x9D, 0x37, 0x58, 0x8E, 0x19, 0x37, 0xA4, 0x57, 0xD6, 
0xD1, 0xDC, 0xFD, 0x9E, 0x4A, 0x00, 0xFC, 0x67, 0xF0, 0x77, 0xC6, 0xDF, 0xDA, 0x03, 0xFE, 0x0E, 
0x48, 0xF1, 0x7E, 0x9B, 0xE1, 0xFB, 0x8F, 0x08, 0xDF, 0xFC, 0x1F, 0xFD, 0x93, 0xE1, 0xBA, 0x59, 
0x3C, 0x4B, 0x27, 0x99, 0xFE, 0x9D, 0xE2, 0xA8, 0xD7, 0x1F, 0xE8, 0x6B, 0x37, 0xFF, 0x00, 0x1A, 
0xAF, 0xD7, 0xE8, 0x3E, 0x02, 0x78, 0x25, 0x52, 0xCE, 0x36, 0xF0, 0x97, 0x86, 0x24, 0xFB, 0x05, 
0xAA, 0xD9, 0xC3, 0xE7, 0x69, 0x70, 0xC9, 0x24, 0x50, 0xAF, 0xCA, 0xB1, 0xEE, 0xAE, 0xC6, 0xDA, 
0xCE, 0x3D, 0x2E, 0x08, 0xE1, 0xB6, 0x8D, 0x61, 0x86, 0x2F, 0xF9, 0x64, 0xB5, 0x66, 0x80, 0x3E, 
0x2C, 0xFF, 0x00, 0x82, 0xAA, 0x7F, 0xC1, 0x5B, 0xFE, 0x1E, 0x7F, 0xC1, 0x1F, 0xBE, 0x15, 0xE8, 
0x77, 0x1A, 0xB6, 0x8D, 0x75, 0xAB, 0x6B, 0x5E, 0x22, 0x66, 0x8F, 0x45, 0xD0, 0x74, 0xD8, 0x7C, 
0x85, 0x95, 0x63, 0xFF, 0x00, 0x58, 0xDF, 0xF4, 0xCE, 0xBE, 0xA8, 0xF8, 0x6B, 0xE3, 0xC8, 0x3E, 
0x2C, 0x7C, 0x39, 0xD0, 0xFC, 0x49, 0x63, 0x6F, 0xA8, 0xD8, 0xDA, 0xF8, 0x82, 0xC2, 0x1B, 0xE8, 
0x61, 0xBF, 0xB7, 0x92, 0xCA, 0xE9, 0x23, 0x99, 0x43, 0x05, 0x92, 0x36, 0xF9, 0xA3, 0x92, 0xA9, 
0x7C, 0x51, 0xF8, 0x1B, 0xE0, 0xDF, 0x8E, 0x07, 0x41, 0x6F, 0x19, 0x78, 0x5B, 0x42, 0xF1, 0x33, 
0x78, 0x5F, 0x54, 0x8F, 0x59, 0xD2, 0x5B, 0x52, 0xB3, 0x8E, 0xE3, 0xFB, 0x36, 0xF2, 0x1F, 0xF5, 
0x77, 0x31, 0xEE, 0xFF, 0x00, 0x56, 0xDF, 0x4A, 0xEE, 0x28, 0x00, 0xA2, 0x8A, 0x28, 0x00, 0xA2, 
0x8A, 0x28, 0x00, 0xA2, 0x8A, 0x28, 0x00, 0xA2, 0x8A, 0x28, 0x02, 0x19, 0x6D, 0xA3, 0x9B, 0xFD, 
0x62, 0xC1, 0x4D, 0xFE, 0xCF, 0xB7, 0xFF, 0x00, 0x9E, 0x30, 0x7F, 0xDF, 0x9A, 0x8E, 0xFB, 0x59, 
0xB7, 0xB1, 0xB8, 0x58, 0x64, 0xAA, 0xBF, 0xF0, 0x96, 0x58, 0xFF, 0x00, 0xD3, 0x5F, 0xFB, 0xE6, 
0x80, 0x2F, 0x7F, 0x67, 0xDB, 0xFF, 0x00, 0xCF, 0x18, 0x3F, 0xEF, 0xCD, 0x1F, 0xD9, 0xF6, 0xFF, 
0x00, 0xF3, 0xC6, 0x0F, 0xFB, 0xF3, 0x54, 0x7F, 0xE1, 0x2C, 0xB1, 0xFF, 0x00, 0xA6, 0xBF, 0xF7, 
0xCD, 0x1F, 0xF0, 0x96, 0x58, 0xFF, 0x00, 0xD3, 0x5F, 0xFB, 0xE6, 0x80, 0x2F, 0x7F, 0x67, 0xDB, 
0xFF, 0x00, 0xCF, 0x18, 0x3F, 0xEF, 0xCD, 0x1F, 0xD9, 0xF6, 0xFF, 0x00, 0xF3, 0xC6, 0x0F, 0xFB, 
0xF3, 0x54, 0x7F, 0xE1, 0x2C, 0xB1, 0xFF, 0x00, 0xA6, 0xBF, 0xF7, 0xCD, 0x1F, 0xF0, 0x96, 0x58, 
0xFF, 0x00, 0xD3, 0x5F, 0xFB, 0xE6, 0x80, 0x39, 0x9A, 0x2B, 0xAC, 0xFF, 0x00, 0x84, 0x62, 0xC7, 
0xFE, 0x7D, 0xA8, 0xFF, 0x00, 0x84, 0x62, 0xC7, 0xFE, 0x7D, 0xA8, 0x03, 0x93, 0xA2, 0xBA, 0xCF, 
0xF8, 0x46, 0x2C, 0x7F, 0xE7, 0xDA, 0x8F, 0xF8, 0x46, 0x2C, 0x7F, 0xE7, 0xDA, 0x80, 0x39, 0x3A, 
0xD8, 0xF0, 0x67, 0xFC, 0x7F, 0xDC, 0x7F, 0xB9, 0x5A, 0x9F, 0xF0, 0x8C, 0x58, 0xFF, 0x00, 0xCF, 
0xB5, 0x4D, 0x61, 0xA3, 0xDB, 0xE9, 0x3F, 0xEA, 0xD6, 0x80, 0x2D, 0x51, 0x45, 0x14, 0x00, 0x51, 
0x45, 0x14, 0x00, 0x51, 0x45, 0x14, 0x00, 0x51, 0x45, 0x14, 0x00, 0x51, 0x45, 0x14, 0x00, 0x51, 
0x45, 0x14, 0x00, 0x51, 0x45, 0x14, 0x00, 0x51, 0x45, 0x14, 0x00, 0x51, 0x45, 0x14, 0x00, 0x51, 
0x45, 0x14, 0x00, 0x51, 0x45, 0x14, 0x00, 0x51, 0x45, 0x14, 0x00, 0x51, 0x45, 0x14, 0x01, 0xF2, 
0x0F, 0x86, 0xBF, 0xE0, 0x8A, 0xDF, 0xB3, 0x8F, 0x84, 0x3E, 0x1F, 0x7C, 0x4C, 0xF0, 0xBD, 0xB7, 
0xC3, 0x7D, 0x36, 0x4D, 0x1F, 0xE2, 0xD5, 0xE4, 0x97, 0xDA, 0xF4, 0x33, 0x16, 0x91, 0xE6, 0x3E, 
0x67, 0x9F, 0x1C, 0x70, 0xC9, 0xFF, 0x00, 0x2E, 0xF1, 0xC7, 0x27, 0xDD, 0xFA, 0x57, 0xD3, 0x5F, 
0x0F, 0x7E, 0x1D, 0xE8, 0x7F, 0x08, 0xBC, 0x0B, 0xA5, 0xF8, 0x6F, 0xC3, 0x7A, 0x45, 0x8E, 0x89, 
0xE1, 0xFD, 0x16, 0xD9, 0x6D, 0xB4, 0xFB, 0x1B, 0x18, 0xBC, 0x88, 0x2D, 0x21, 0x8F, 0xFD, 0x5C, 
0x6B, 0x1D, 0x74, 0x94, 0x50, 0x01, 0x45, 0x14, 0x50, 0x01, 0x45, 0x14, 0x50, 0x01, 0x45, 0x14, 
0x50, 0x01, 0x45, 0x14, 0x50, 0x01, 0x45, 0x14, 0x50, 0x01, 0x45, 0x14, 0x50, 0x01, 0x45, 0x14, 
0x50, 0x01, 0x45, 0x14, 0x50, 0x01, 0x45, 0x14, 0x50, 0x01, 0x45, 0x14, 0x50, 0x07, 0x37, 0xE3, 
0x3F, 0xF8, 0xFF, 0x00, 0xB7, 0xFF, 0x00, 0x72, 0xB1, 0xEB, 0xB2, 0xBF, 0xD1, 0xED, 0xF5, 0x5D, 
0xBE, 0x62, 0xD4, 0x3F, 0xF0, 0x8C, 0x58, 0xFF, 0x00, 0xCF, 0xB5, 0x00, 0x72, 0x74, 0x57, 0x59, 
0xFF, 0x00, 0x08, 0xC5, 0x8F, 0xFC, 0xFB, 0x51, 0xFF, 0x00, 0x08, 0xC5, 0x8F, 0xFC, 0xFB, 0x50, 
0x07, 0x27, 0x45, 0x75, 0x9F, 0xF0, 0x8C, 0x58, 0xFF, 0x00, 0xCF, 0xB5, 0x1F, 0xF0, 0x8C, 0x58, 
0xFF, 0x00, 0xCF, 0xB5, 0x00, 0x4D, 0xFD, 0xBD, 0x6B, 0xFF, 0x00, 0x3F, 0x50, 0xD1, 0xFD, 0xBD, 
0x6B, 0xFF, 0x00, 0x3F, 0x50, 0xD7, 0x1B, 0x45, 0x00, 0x76, 0x5F, 0xDB, 0xD6, 0xBF, 0xF3, 0xF5, 
0x0D, 0x1F, 0xDB, 0xD6, 0xBF, 0xF3, 0xF5, 0x0D, 0x71, 0xB4, 0x50, 0x07, 0x65, 0xFD, 0xBD, 0x6B, 
0xFF, 0x00, 0x3F, 0x50, 0xD4, 0x96, 0xF7, 0xF0, 0xDC, 0x8F, 0xDD, 0xCD, 0x0C, 0x95, 0xC4, 0xD6, 
0xC7, 0x83, 0x3F, 0xE3, 0xFE, 0xE3, 0xFD, 0xCA, 0x00, 0xE9, 0x28, 0xA2, 0x8A, 0x00, 0x28, 0xA2, 
0x8A, 0x00, 0x28, 0xA2, 0x8A, 0x00, 0x28, 0xA2, 0x8A, 0x00, 0x28, 0xA2, 0x8A, 0x00, 0x28, 0xA2, 
0x8A, 0x00, 0x28, 0xA2, 0x8A, 0x00, 0x28, 0xA2, 0x8A, 0x00, 0x28, 0xA2, 0x8A, 0x00, 0x28, 0xA2, 
0x8A, 0x00, 0x28, 0xA2, 0x8A, 0x00, 0x28, 0xA2, 0x8A, 0x00, 0x28, 0xA2, 0x8A, 0x00, 0x28, 0xA2, 
0x8A, 0x00, 0x28, 0xA2, 0x8A, 0x00, 0x28, 0xA2, 0x8A, 0x00, 0x28, 0xA2, 0x8A, 0x00, 0x28, 0xA2, 
0x8A, 0x00, 0x28, 0xA2, 0x8A, 0x00, 0x28, 0xA2, 0x8A, 0x00, 0x28, 0xA2, 0x8A, 0x00, 0x28, 0xA2, 
0x8A, 0x00, 0x28, 0xA2, 0x8A, 0x00, 0x28, 0xA2, 0x8A, 0x00, 0x86, 0xE2, 0xFE, 0x1B, 0x61, 0xFB, 
0xC9, 0xA1, 0x8E, 0xA3, 0xFE, 0xDE, 0xB5, 0xFF, 0x00, 0x9F, 0xA8, 0x6B, 0x17, 0xC6, 0x7F, 0xF1, 
0xFF, 0x00, 0x6F, 0xFE, 0xE5, 0x63, 0xD0, 0x07, 0x65, 0xFD, 0xBD, 0x6B, 0xFF, 0x00, 0x3F, 0x50, 
0xD1, 0xFD, 0xBD, 0x6B, 0xFF, 0x00, 0x3F, 0x50, 0xD7, 0x1B, 0x45, 0x00, 0x76, 0x5F, 0xDB, 0xD6, 
0xBF, 0xF3, 0xF5, 0x0D, 0x1F, 0xDB, 0xD6, 0xBF, 0xF3, 0xF5, 0x0D, 0x71, 0xB4, 0x50, 0x07, 0x49, 
0xFF, 0x00, 0x08, 0x4D, 0xBF, 0xFC, 0xFC, 0x4D, 0x47, 0xFC, 0x21, 0x36, 0xFF, 0x00, 0xF3, 0xF1, 
0x35, 0x6C, 0x51, 0x40, 0x18, 0xFF, 0x00, 0xF0, 0x84, 0xDB, 0xFF, 0x00, 0xCF, 0xC4, 0xD4, 0x7F, 
0xC2, 0x13, 0x6F, 0xFF, 0x00, 0x3F, 0x13, 0x56, 0xC5, 0x14, 0x01, 0x8F, 0xFF, 0x00, 0x08, 0x4D, 
0xBF, 0xFC, 0xFC, 0x4D, 0x56, 0x34, 0xAF, 0x0D, 0xC3, 0xA3, 0xBB, 0x34, 0x6C, 0xD5, 0xA1, 0x45, 
0x00, 0x14, 0x51, 0x45, 0x00, 0x14, 0x51, 0x45, 0x00, 0x14, 0x51, 0x45, 0x00, 0x14, 0x51, 0x45, 
0x00, 0x14, 0x51, 0x45, 0x00, 0x14, 0x51, 0x45, 0x00, 0x14, 0x51, 0x45, 0x00, 0x14, 0x51, 0x45, 
0x00, 0x14, 0x51, 0x45, 0x00, 0x14, 0x51, 0x45, 0x00, 0x14, 0x51, 0x45, 0x00, 0x14, 0x51, 0x45, 
0x00, 0x14, 0x51, 0x45, 0x00, 0x14, 0x51, 0x45, 0x00, 0x14, 0x51, 0x45, 0x00, 0x14, 0x51, 0x45, 
0x00, 0x14, 0x51, 0x45, 0x00, 0x14, 0x51, 0x45, 0x00, 0x14, 0x51, 0x45, 0x00, 0x14, 0x51, 0x45, 
0x00, 0x14, 0x51, 0x45, 0x00, 0x14, 0x51, 0x45, 0x00, 0x14, 0x51, 0x45, 0x00, 0x14, 0x51, 0x45, 
0x00, 0x67, 0xEA, 0x5A, 0x0C, 0x7A, 0xBB, 0xC6, 0xCE, 0xCD, 0x55, 0xFF, 0x00, 0xE1, 0x09, 0xB7, 
0xFF, 0x00, 0x9F, 0x89, 0xAB, 0x62, 0x8A, 0x00, 0xC7, 0xFF, 0x00, 0x84, 0x26, 0xDF, 0xFE, 0x7E, 
0x26, 0xA3, 0xFE, 0x10, 0x9B, 0x7F, 0xF9, 0xF8, 0x9A, 0xB6, 0x28, 0xA0, 0x0C, 0x7F, 0xF8, 0x42, 
0x6D, 0xFF, 0x00, 0xE7, 0xE2, 0x6A, 0x3F, 0xE1, 0x09, 0xB7, 0xFF, 0x00, 0x9F, 0x89, 0xAB, 0x62, 
0x8A, 0x00, 0xE0, 0xE8, 0xAD, 0x8F, 0xF8, 0x42, 0xA7, 0xFF, 0x00, 0x9F, 0x88, 0xE8, 0xFF, 0x00, 
0x84, 0x2A, 0x7F, 0xF9, 0xF8, 0x8E, 0x80, 0x31, 0xE8, 0xAD, 0x8F, 0xF8, 0x42, 0xA7, 0xFF, 0x00, 
0x9F, 0x88, 0xE8, 0xFF, 0x00, 0x84, 0x2A, 0x7F, 0xF9, 0xF8, 0x8E, 0x80, 0x31, 0xEB, 0x63, 0xC1, 
0x9F, 0xF1, 0xFF, 0x00, 0x71, 0xFE, 0xE5, 0x1F, 0xF0, 0x85, 0x4F, 0xFF, 0x00, 0x3F, 0x11, 0xD5, 
0xED, 0x0B, 0x41, 0x6D, 0x1E, 0x66, 0x9A, 0x46, 0x5F, 0xBB, 0x40, 0x1A, 0xD4, 0x51, 0x45, 0x00, 
0x14, 0x51, 0x45, 0x00, 0x14, 0x51, 0x45, 0x00, 0x14, 0x51, 0x45, 0x00, 0x14, 0x51, 0x45, 0x00, 
0x14, 0x51, 0x45, 0x00, 0x14, 0x51, 0x45, 0x00, 0x14, 0x51, 0x45, 0x00, 0x14, 0x51, 0x45, 0x00, 
0x14, 0x51, 0x45, 0x00, 0x14, 0x51, 0x45, 0x00, 0x14, 0x51, 0x45, 0x00, 0x14, 0x51, 0x45, 0x00, 
0x14, 0x51, 0x45, 0x00, 0x14, 0x51, 0x45, 0x00, 0x14, 0x51, 0x45, 0x00, 0x14, 0x51, 0x45, 0x00, 
0x14, 0x51, 0x45, 0x00, 0x14, 0x51, 0x45, 0x00, 0x14, 0x51, 0x45, 0x00, 0x14, 0x51, 0x45, 0x00, 
0x14, 0x51, 0x45, 0x00, 0x14, 0x51, 0x45, 0x00, 0x14, 0x51, 0x45, 0x00, 0x73, 0x7E, 0x33, 0xFF, 
0x00, 0x8F, 0xFB, 0x7F, 0xF7, 0x2B, 0x1E, 0xBA, 0x6D, 0x77, 0x41, 0x6D, 0x62, 0x65, 0x9A, 0x36, 
0x5F, 0xBB, 0x54, 0x7F, 0xE1, 0x0A, 0x9F, 0xFE, 0x7E, 0x23, 0xA0, 0x0C, 0x7A, 0x2B, 0x63, 0xFE, 
0x10, 0xA9, 0xFF, 0x00, 0xE7, 0xE2, 0x3A, 0x3F, 0xE1, 0x0A, 0x9F, 0xFE, 0x7E, 0x23, 0xA0, 0x0C, 
0x7A, 0x2B, 0x63, 0xFE, 0x10, 0xA9, 0xFF, 0x00, 0xE7, 0xE2, 0x3A, 0x3F, 0xE1, 0x0A, 0x9F, 0xFE, 
0x7E, 0x23, 0xA0, 0x0E, 0x92, 0x8A, 0xE3, 0xFF, 0x00, 0xB6, 0xAF, 0xBF, 0xE7, 0xF1, 0xA8, 0xFE, 
0xDA, 0xBE, 0xFF, 0x00, 0x9F, 0xC6, 0xA0, 0x0E, 0xC2, 0x8A, 0xE3, 0xFF, 0x00, 0xB6, 0xAF, 0xBF, 
0xE7, 0xF1, 0xA8, 0xFE, 0xDA, 0xBE, 0xFF, 0x00, 0x9F, 0xC6, 0xA0, 0x0E, 0xC2, 0x8A, 0xE3, 0xFF, 
0x00, 0xB6, 0xAF, 0xBF, 0xE7, 0xF1, 0xAB, 0x4B, 0xC2, 0x1A, 0x94, 0xD7, 0xF3, 0x37, 0x99, 0x70, 
0xD3, 0x7C, 0xB4, 0x01, 0xBD, 0x45, 0x14, 0x50, 0x01, 0x45, 0x14, 0x50, 0x01, 0x45, 0x14, 0x50, 
0x01, 0x45, 0x14, 0x50, 0x01, 0x45, 0x14, 0x50, 0x01, 0x45, 0x14, 0x50, 0x01, 0x45, 0x14, 0x50, 
0x01, 0x45, 0x14, 0x50, 0x01, 0x45, 0x14, 0x50, 0x01, 0x45, 0x14, 0x50, 0x01, 0x45, 0x14, 0x50, 
0x01, 0x45, 0x14, 0x50, 0x01, 0x45, 0x14, 0x50, 0x01, 0x45, 0x14, 0x50, 0x01, 0x45, 0x14, 0x50, 
0x01, 0x45, 0x14, 0x50, 0x01, 0x45, 0x14, 0x50, 0x01, 0x45, 0x14, 0x50, 0x01, 0x45, 0x14, 0x50, 
0x01, 0x45, 0x14, 0x50, 0x01, 0x45, 0x14, 0x50, 0x01, 0x45, 0x14, 0x50, 0x01, 0x45, 0x14, 0x50, 
0x01, 0x45, 0x14, 0x50, 0x01, 0x45, 0x60, 0xF8, 0x9E, 0xFA, 0x6B, 0x4B, 0xC8, 0xFC, 0xBB, 0x86, 
0x87, 0xF7, 0x75, 0x9B, 0xFD, 0xB5, 0x7D, 0xFF, 0x00, 0x3F, 0x8D, 0x40, 0x1D, 0x85, 0x15, 0xC7, 
0xFF, 0x00, 0x6D, 0x5F, 0x7F, 0xCF, 0xE3, 0x51, 0xFD, 0xB5, 0x7D, 0xFF, 0x00, 0x3F, 0x8D, 0x40, 
0x1D, 0x85, 0x15, 0xC7, 0xFF, 0x00, 0x6D, 0x5F, 0x7F, 0xCF, 0xE3, 0x51, 0xFD, 0xB5, 0x7D, 0xFF, 
0x00, 0x3F, 0x8D, 0x40, 0x12, 0x7F, 0xC2, 0x23, 0x7D, 0xFF, 0x00, 0x3C, 0xFF, 0x00, 0xF2, 0x35, 
0x37, 0xFE, 0x11, 0x3B, 0xEF, 0xEE, 0xD7, 0x5D, 0x45, 0x00, 0x72, 0x5F, 0xF0, 0x8C, 0x5F, 0x7F, 
0x76, 0x93, 0xFE, 0x11, 0x3B, 0xEF, 0xEE, 0xD7, 0x5D, 0x45, 0x00, 0x72, 0x3F, 0xF0, 0x89, 0xDF, 
0x7F, 0x76, 0xB5, 0xBC, 0x33, 0xA5, 0x4D, 0xA6, 0xCD, 0x27, 0x98, 0xBF, 0xC3, 0x5B, 0x14, 0x50, 
0x01, 0x45, 0x14, 0x50, 0x01, 0x45, 0x14, 0x50, 0x01, 0x45, 0x14, 0x50, 0x01, 0x45, 0x14, 0x50, 
0x01, 0x45, 0x14, 0x50, 0x01, 0x45, 0x14, 0x50, 0x01, 0x45, 0x14, 0x50, 0x01, 0x45, 0x14, 0x50, 
0x01, 0x45, 0x14, 0x50, 0x01, 0x45, 0x14, 0x50, 0x01, 0x45, 0x14, 0x50, 0x01, 0x45, 0x14, 0x50, 
0x01, 0x45, 0x14, 0x50, 0x01, 0x45, 0x14, 0x50, 0x01, 0x45, 0x14, 0x50, 0x01, 0x45, 0x14, 0x50, 
0x01, 0x45, 0x14, 0x50, 0x01, 0x45, 0x14, 0x50, 0x01, 0x45, 0x14, 0x50, 0x01, 0x45, 0x14, 0x50, 
0x01, 0x45, 0x14, 0x50, 0x01, 0x45, 0x14, 0x50, 0x01, 0x45, 0x14, 0x50, 0x01, 0x45, 0x14, 0x50, 
0x06, 0x1F, 0x89, 0xB4, 0x79, 0xB5, 0x5B, 0x95, 0x92, 0x35, 0xFF, 0x00, 0x96, 0x75, 0x9B, 0xFF, 
0x00, 0x08, 0x9D, 0xF7, 0xF7, 0x6B, 0xAE, 0xA2, 0x80, 0x39, 0x2F, 0xF8, 0x46, 0x2F, 0xBF, 0xBB, 
0x49, 0xFF, 0x00, 0x08, 0x9D, 0xF7, 0xF7, 0x6B, 0xAE, 0xA2, 0x80, 0x39, 0x1F, 0xF8, 0x44, 0xEF, 
0xBF, 0xBB, 0x47, 0xFC, 0x22, 0x77, 0xDF, 0xDD, 0xAE, 0xBA, 0x8A, 0x00, 0xE5, 0x7F, 0xE1, 0x2A, 
0xBC, 0xFF, 0x00, 0x67, 0xFE, 0xFC, 0xD1, 0xFF, 0x00, 0x09, 0x55, 0xE7, 0xFB, 0x3F, 0xF7, 0xE6, 
0xA9, 0xFD, 0x86, 0xE3, 0xFE, 0x7D, 0xEE, 0x28, 0xFB, 0x0D, 0xC7, 0xFC, 0xFB, 0xDC, 0x50, 0x05, 
0xCF, 0xF8, 0x4A, 0xAF, 0x3F, 0xD9, 0xFF, 0x00, 0xBF, 0x34, 0x7F, 0xC2, 0x55, 0x79, 0xFE, 0xCF, 
0xFD, 0xF9, 0xAA, 0x7F, 0x61, 0xB8, 0xFF, 0x00, 0x9F, 0x7B, 0x8A, 0x3E, 0xC3, 0x71, 0xFF, 0x00, 
0x3E, 0xF7, 0x14, 0x01, 0x73, 0xFE, 0x12, 0xAB, 0xCF, 0xF6, 0x7F, 0xEF, 0xCD, 0x5C, 0xD0, 0x7C, 
0x4E, 0xD7, 0x37, 0x13, 0x7D, 0xA9, 0xA0, 0x86, 0xB1, 0xFE, 0xC3, 0x71, 0xFF, 0x00, 0x3E, 0xF7, 
0x14, 0x7D, 0x86, 0xE3, 0xFE, 0x7D, 0xEE, 0x28, 0x03, 0xAC, 0xFE, 0xDE, 0xB5, 0xFF, 0x00, 0x9F, 
0xA8, 0x68, 0xFE, 0xDE, 0xB5, 0xFF, 0x00, 0x9F, 0xA8, 0x6B, 0x93, 0xFB, 0x0D, 0xC7, 0xFC, 0xFB, 
0xDC, 0x51, 0xF6, 0x1B, 0x8F, 0xF9, 0xF7, 0xB8, 0xA0, 0x0E, 0xB3, 0xFB, 0x7A, 0xD7, 0xFE, 0x7E, 
0xA1, 0xA3, 0xFB, 0x7A, 0xD7, 0xFE, 0x7E, 0xA1, 0xAE, 0x4F, 0xEC, 0x37, 0x1F, 0xF3, 0xEF, 0x71, 
0x47, 0xD8, 0x6E, 0x3F, 0xE7, 0xDE, 0xE2, 0x80, 0x3A, 0xCF, 0xED, 0xEB, 0x5F, 0xF9, 0xFA, 0x86, 
0x8F, 0xED, 0xEB, 0x5F, 0xF9, 0xFA, 0x86, 0xB9, 0x3F, 0xB0, 0xDC, 0x7F, 0xCF, 0xBD, 0xC5, 0x1F, 
0x61, 0xB8, 0xFF, 0x00, 0x9F, 0x7B, 0x8A, 0x00, 0xEB, 0x3F, 0xB7, 0xAD, 0x7F, 0xE7, 0xEA, 0x1A, 
0x3F, 0xB7, 0xAD, 0x7F, 0xE7, 0xEA, 0x1A, 0xE4, 0xFE, 0xC3, 0x71, 0xFF, 0x00, 0x3E, 0xF7, 0x14, 
0x7D, 0x86, 0xE3, 0xFE, 0x7D, 0xEE, 0x28, 0x03, 0xAC, 0xFE, 0xDE, 0xB5, 0xFF, 0x00, 0x9F, 0xA8, 
0x68, 0xFE, 0xDE, 0xB5, 0xFF, 0x00, 0x9F, 0xA8, 0x6B, 0x93, 0xFB, 0x0D, 0xC7, 0xFC, 0xFB, 0xDC, 
0x51, 0xF6, 0x1B, 0x8F, 0xF9, 0xF7, 0xB8, 0xA0, 0x0E, 0xB3, 0xFB, 0x7A, 0xD7, 0xFE, 0x7E, 0xA1, 
0xA3, 0xFB, 0x7A, 0xD7, 0xFE, 0x7E, 0xA1, 0xAE, 0x4F, 0xEC, 0x37, 0x1F, 0xF3, 0xEF, 0x71, 0x47, 
0xD8, 0x6E, 0x3F, 0xE7, 0xDE, 0xE2, 0x80, 0x3A, 0xCF, 0xED, 0xEB, 0x5F, 0xF9, 0xFA, 0x86, 0x8F, 
0xED, 0xEB, 0x5F, 0xF9, 0xFA, 0x86, 0xB9, 0x3F, 0xB0, 0xDC, 0x7F, 0xCF, 0xBD, 0xC5, 0x1F, 0x61, 
0xB8, 0xFF, 0x00, 0x9F, 0x7B, 0x8A, 0x00, 0xEB, 0x3F, 0xB7, 0xAD, 0x7F, 0xE7, 0xEA, 0x1A, 0x3F, 
0xB7, 0xAD, 0x7F, 0xE7, 0xEA, 0x1A, 0xE4, 0xFE, 0xC3, 0x71, 0xFF, 0x00, 0x3E, 0xF7, 0x14, 0x7D, 
0x86, 0xE3, 0xFE, 0x7D, 0xEE, 0x28, 0x03, 0xAC, 0xFE, 0xDE, 0xB5, 0xFF, 0x00, 0x9F, 0xA8, 0x68, 
0xFE, 0xDE, 0xB5, 0xFF, 0x00, 0x9F, 0xA8, 0x6B, 0x93, 0xFB, 0x0D, 0xC7, 0xFC, 0xFB, 0xDC, 0x51, 
0xF6, 0x1B, 0x8F, 0xF9, 0xF7, 0xB8, 0xA0, 0x0E, 0xB3, 0xFB, 0x7A, 0xD7, 0xFE, 0x7E, 0xA1, 0xA3, 
0xFB, 0x7A, 0xD7, 0xFE, 0x7E, 0xA1, 0xAE, 0x4F, 0xEC, 0x37, 0x1F, 0xF3, 0xEF, 0x71, 0x47, 0xD8, 
0x6E, 0x3F, 0xE7, 0xDE, 0xE2, 0x80, 0x3A, 0xCF, 0xED, 0xEB, 0x5F, 0xF9, 0xFA, 0x86, 0x8F, 0xED, 
0xEB, 0x5F, 0xF9, 0xFA, 0x86, 0xB9, 0x3F, 0xB0, 0xDC, 0x7F, 0xCF, 0xBD, 0xC5, 0x1F, 0x61, 0xB8, 
0xFF, 0x00, 0x9F, 0x7B, 0x8A, 0x00, 0xEB, 0x3F, 0xB7, 0xAD, 0x7F, 0xE7, 0xEA, 0x1A, 0x3F, 0xB7, 
0xAD, 0x7F, 0xE7, 0xEA, 0x1A, 0xE4, 0xFE, 0xC3, 0x71, 0xFF, 0x00, 0x3E, 0xF7, 0x14, 0x7D, 0x86, 
0xE3, 0xFE, 0x7D, 0xEE, 0x28, 0x03, 0xAC, 0xFE, 0xDE, 0xB5, 0xFF, 0x00, 0x9F, 0xA8, 0x68, 0xFE, 
0xDE, 0xB5, 0xFF, 0x00, 0x9F, 0xA8, 0x6B, 0x93, 0xFB, 0x0D, 0xC7, 0xFC, 0xFB, 0xDC, 0x51, 0xF6, 
0x1B, 0x8F, 0xF9, 0xF7, 0xB8, 0xA0, 0x0E, 0xB3, 0xFB, 0x7A, 0xD7, 0xFE, 0x7E, 0xA1, 0xA3, 0xFB, 
0x7A, 0xD7, 0xFE, 0x7E, 0xA1, 0xAE, 0x4F, 0xEC, 0x37, 0x1F, 0xF3, 0xEF, 0x71, 0x47, 0xD8, 0x6E, 
0x3F, 0xE7, 0xDE, 0xE2, 0x80, 0x3A, 0xCF, 0xED, 0xEB, 0x5F, 0xF9, 0xFA, 0x86, 0x8F, 0xED, 0xEB, 
0x5F, 0xF9, 0xFA, 0x86, 0xB9, 0x3F, 0xB0, 0xDC, 0x7F, 0xCF, 0xBD, 0xC5, 0x1F, 0x61, 0xB8, 0xFF, 
0x00, 0x9F, 0x7B, 0x8A, 0x00, 0xEB, 0x3F, 0xB7, 0xAD, 0x7F, 0xE7, 0xEA, 0x1A, 0x3F, 0xB7, 0xAD, 
0x7F, 0xE7, 0xEA, 0x1A, 0xE4, 0xFE, 0xC3, 0x71, 0xFF, 0x00, 0x3E, 0xF7, 0x14, 0x7D, 0x86, 0xE3, 
0xFE, 0x7D, 0xEE, 0x28, 0x03, 0xAC, 0xFE, 0xDE, 0xB5, 0xFF, 0x00, 0x9F, 0xA8, 0x68, 0xFE, 0xDE, 
0xB5, 0xFF, 0x00, 0x9F, 0xA8, 0x6B, 0x93, 0xFB, 0x0D, 0xC7, 0xFC, 0xFB, 0xDC, 0x51, 0xF6, 0x1B, 
0x8F, 0xF9, 0xF7, 0xB8, 0xA0, 0x0E, 0xB3, 0xFB, 0x7A, 0xD7, 0xFE, 0x7E, 0xA1, 0xA3, 0xFB, 0x7A, 
0xD7, 0xFE, 0x7E, 0xA1, 0xAE, 0x4F, 0xEC, 0x37, 0x1F, 0xF3, 0xEF, 0x71, 0x47, 0xD8, 0x6E, 0x3F, 
0xE7, 0xDE, 0xE2, 0x80, 0x3A, 0xCF, 0xED, 0xEB, 0x5F, 0xF9, 0xFA, 0x86, 0x8F, 0xED, 0xEB, 0x5F, 
0xF9, 0xFA, 0x86, 0xB9, 0x3F, 0xB0, 0xDC, 0x7F, 0xCF, 0xBD, 0xC5, 0x1F, 0x61, 0xB8, 0xFF, 0x00, 
0x9F, 0x7B, 0x8A, 0x00, 0xEB, 0x3F, 0xB7, 0xAD, 0x7F, 0xE7, 0xEA, 0x1A, 0x3F, 0xB7, 0xAD, 0x7F, 
0xE7, 0xEA, 0x1A, 0xE4, 0xFE, 0xC3, 0x71, 0xFF, 0x00, 0x3E, 0xF7, 0x14, 0x7D, 0x86, 0xE3, 0xFE, 
0x7D, 0xEE, 0x28, 0x03, 0xAC, 0xFE, 0xDE, 0xB5, 0xFF, 0x00, 0x9F, 0xA8, 0x68, 0xFE, 0xDE, 0xB5, 
0xFF, 0x00, 0x9F, 0xA8, 0x6B, 0x93, 0xFB, 0x0D, 0xC7, 0xFC, 0xFB, 0xDC, 0x51, 0xF6, 0x1B, 0x8F, 
0xF9, 0xF7, 0xB8, 0xA0, 0x0E, 0xB3, 0xFB, 0x7A, 0xD7, 0xFE, 0x7E, 0xA1, 0xA3, 0xFB, 0x7A, 0xD7, 
0xFE, 0x7E, 0xA1, 0xAE, 0x4F, 0xEC, 0x37, 0x1F, 0xF3, 0xEF, 0x71, 0x47, 0xD8, 0x6E, 0x3F, 0xE7, 
0xDE, 0xE2, 0x80, 0x3A, 0xCF, 0xED, 0xEB, 0x5F, 0xF9, 0xFA, 0x86, 0x8F, 0xED, 0xEB, 0x5F, 0xF9, 
0xFA, 0x86, 0xB9, 0x3F, 0xB0, 0xDC, 0x7F, 0xCF, 0xBD, 0xC5, 0x1F, 0x61, 0xB8, 0xFF, 0x00, 0x9F, 
0x7B, 0x8A, 0x00, 0xEB, 0x3F, 0xB7, 0xAD, 0x7F, 0xE7, 0xEA, 0x1A, 0x3F, 0xB7, 0xAD, 0x7F, 0xE7, 
0xEA, 0x1A, 0xE4, 0xFE, 0xC3, 0x71, 0xFF, 0x00, 0x3E, 0xF7, 0x14, 0x7D, 0x86, 0xE3, 0xFE, 0x7D, 
0xEE, 0x28, 0x03, 0x63, 0x5A, 0xF1, 0x34, 0x96, 0xD7, 0x2B, 0xF6, 0x56, 0xB7, 0x9B, 0xF7, 0x75, 
0x4F, 0xFE, 0x12, 0xAB, 0xCF, 0xF6, 0x7F, 0xEF, 0xCD, 0x53, 0xFB, 0x0D, 0xC7, 0xFC, 0xFB, 0xDC, 
0x51, 0xF6, 0x1B, 0x8F, 0xF9, 0xF7, 0xB8, 0xA0, 0x0B, 0x9F, 0xF0, 0x95, 0x5E, 0x7F, 0xB3, 0xFF, 
0x00, 0x7E, 0x68, 0xFF, 0x00, 0x84, 0xAA, 0xF3, 0xFD, 0x9F, 0xFB, 0xF3, 0x54, 0xFE, 0xC3, 0x71, 
0xFF, 0x00, 0x3E, 0xF7, 0x14, 0x7D, 0x86, 0xE3, 0xFE, 0x7D, 0xEE, 0x28, 0x02, 0xE7, 0xFC, 0x25, 
0x57, 0x9F, 0xEC, 0xFF, 0x00, 0xDF, 0x9A, 0x3F, 0xE1, 0x2A, 0xBC, 0xFF, 0x00, 0x67, 0xFE, 0xFC, 
0xD5, 0x3F, 0xB0, 0xDC, 0x7F, 0xCF, 0xBD, 0xC5, 0x1F, 0x61, 0xB8, 0xFF, 0x00, 0x9F, 0x7B, 0x8A, 
0x00, 0xED, 0xA8, 0xAE, 0x7F, 0xFE, 0x13, 0x6F, 0xFA, 0x74, 0xA3, 0xFE, 0x13, 0x6F, 0xFA, 0x74, 
0xA0, 0x0E, 0x82, 0x8A, 0xE7, 0xFF, 0x00, 0xE1, 0x36, 0xFF, 0x00, 0xA7, 0x4A, 0x3F, 0xE1, 0x36, 
0xFF, 0x00, 0xA7, 0x4A, 0x00, 0xE8, 0x28, 0xAE, 0x7F, 0xFE, 0x13, 0x6F, 0xFA, 0x74, 0xA3, 0xFE, 
0x13, 0x6F, 0xFA, 0x74, 0xA0, 0x0E, 0x82, 0x8A, 0xE7, 0xFF, 0x00, 0xE1, 0x36, 0xFF, 0x00, 0xA7, 
0x4A, 0x3F, 0xE1, 0x36, 0xFF, 0x00, 0xA7, 0x4A, 0x00, 0xE8, 0x28, 0xAE, 0x7F, 0xFE, 0x13, 0x6F, 
0xFA, 0x74, 0xA3, 0xFE, 0x13, 0x6F, 0xFA, 0x74, 0xA0, 0x0E, 0x82, 0x8A, 0xE7, 0xFF, 0x00, 0xE1, 
0x36, 0xFF, 0x00, 0xA7, 0x4A, 0x3F, 0xE1, 0x36, 0xFF, 0x00, 0xA7, 0x4A, 0x00, 0xE8, 0x28, 0xAE, 
0x7F, 0xFE, 0x13, 0x6F, 0xFA, 0x74, 0xA3, 0xFE, 0x13, 0x6F, 0xFA, 0x74, 0xA0, 0x0E, 0x82, 0x8A, 
0xE7, 0xFF, 0x00, 0xE1, 0x36, 0xFF, 0x00, 0xA7, 0x4A, 0x3F, 0xE1, 0x36, 0xFF, 0x00, 0xA7, 0x4A, 
0x00, 0xE8, 0x28, 0xAE, 0x7F, 0xFE, 0x13, 0x6F, 0xFA, 0x74, 0xA3, 0xFE, 0x13, 0x6F, 0xFA, 0x74, 
0xA0, 0x0E, 0x82, 0x8A, 0xE7, 0xFF, 0x00, 0xE1, 0x36, 0xFF, 0x00, 0xA7, 0x4A, 0x3F, 0xE1, 0x36, 
0xFF, 0x00, 0xA7, 0x4A, 0x00, 0xE8, 0x28, 0xAE, 0x7F, 0xFE, 0x13, 0x6F, 0xFA, 0x74, 0xA3, 0xFE, 
0x13, 0x6F, 0xFA, 0x74, 0xA0, 0x0E, 0x82, 0x8A, 0xE7, 0xFF, 0x00, 0xE1, 0x36, 0xFF, 0x00, 0xA7, 
0x4A, 0x3F, 0xE1, 0x36, 0xFF, 0x00, 0xA7, 0x4A, 0x00, 0xE8, 0x28, 0xAE, 0x7F, 0xFE, 0x13, 0x6F, 
0xFA, 0x74, 0xA3, 0xFE, 0x13, 0x6F, 0xFA, 0x74, 0xA0, 0x0E, 0x82, 0x8A, 0xE7, 0xFF, 0x00, 0xE1, 
0x36, 0xFF, 0x00, 0xA7, 0x4A, 0x3F, 0xE1, 0x36, 0xFF, 0x00, 0xA7, 0x4A, 0x00, 0xE8, 0x28, 0xAE, 
0x7F, 0xFE, 0x13, 0x6F, 0xFA, 0x74, 0xA3, 0xFE, 0x13, 0x6F, 0xFA, 0x74, 0xA0, 0x0E, 0x82, 0x8A, 
0xE7, 0xFF, 0x00, 0xE1, 0x36, 0xFF, 0x00, 0xA7, 0x4A, 0x3F, 0xE1, 0x36, 0xFF, 0x00, 0xA7, 0x4A, 
0x00, 0xE8, 0x28, 0xAE, 0x7F, 0xFE, 0x13, 0x6F, 0xFA, 0x74, 0xA3, 0xFE, 0x13, 0x6F, 0xFA, 0x74, 
0xA0, 0x0E, 0x82, 0x8A, 0xE7, 0xFF, 0x00, 0xE1, 0x36, 0xFF, 0x00, 0xA7, 0x4A, 0x3F, 0xE1, 0x36, 
0xFF, 0x00, 0xA7, 0x4A, 0x00, 0xE8, 0x28, 0xAE, 0x7F, 0xFE, 0x13, 0x6F, 0xFA, 0x74, 0xA3, 0xFE, 
0x13, 0x6F, 0xFA, 0x74, 0xA0, 0x0E, 0x82, 0x8A, 0xE7, 0xFF, 0x00, 0xE1, 0x36, 0xFF, 0x00, 0xA7, 
0x4A, 0x3F, 0xE1, 0x36, 0xFF, 0x00, 0xA7, 0x4A, 0x00, 0xE8, 0x28, 0xAE, 0x7F, 0xFE, 0x13, 0x6F, 
0xFA, 0x74, 0xA3, 0xFE, 0x13, 0x6F, 0xFA, 0x74, 0xA0, 0x0E, 0x82, 0x8A, 0xE7, 0xFF, 0x00, 0xE1, 
0x36, 0xFF, 0x00, 0xA7, 0x4A, 0x3F, 0xE1, 0x36, 0xFF, 0x00, 0xA7, 0x4A, 0x00, 0xE8, 0x28, 0xAE, 
0x7F, 0xFE, 0x13, 0x6F, 0xFA, 0x74, 0xA3, 0xFE, 0x13, 0x6F, 0xFA, 0x74, 0xA0, 0x0E, 0x82, 0x8A, 
0xE7, 0xFF, 0x00, 0xE1, 0x36, 0xFF, 0x00, 0xA7, 0x4A, 0x3F, 0xE1, 0x36, 0xFF, 0x00, 0xA7, 0x4A, 
0x00, 0xE8, 0x28, 0xAE, 0x7F, 0xFE, 0x13, 0x6F, 0xFA, 0x74, 0xA3, 0xFE, 0x13, 0x6F, 0xFA, 0x74, 
0xA0, 0x0E, 0x82, 0x8A, 0xE7, 0xFF, 0x00, 0xE1, 0x36, 0xFF, 0x00, 0xA7, 0x4A, 0x3F, 0xE1, 0x36, 
0xFF, 0x00, 0xA7, 0x4A, 0x00, 0xE8, 0x28, 0xAE, 0x7F, 0xFE, 0x13, 0x6F, 0xFA, 0x74, 0xA3, 0xFE, 
0x13, 0x6F, 0xFA, 0x74, 0xA0, 0x0E, 0x82, 0x8A, 0xE7, 0xFF, 0x00, 0xE1, 0x36, 0xFF, 0x00, 0xA7, 
0x4A, 0x3F, 0xE1, 0x36, 0xFF, 0x00, 0xA7, 0x4A, 0x00, 0xE8, 0x28, 0xAE, 0x7F, 0xFE, 0x13, 0x6F, 
0xFA, 0x74, 0xA3, 0xFE, 0x13, 0x6F, 0xFA, 0x74, 0xA0, 0x0E, 0x82, 0x8A, 0xE7, 0xFF, 0x00, 0xE1, 
0x36, 0xFF, 0x00, 0xA7, 0x4A, 0x3F, 0xE1, 0x36, 0xFF, 0x00, 0xA7, 0x4A, 0x00, 0xFF, 0xD9
};
unsigned int TM_size = sizeof(TM);