const unsigned char WA[] = {
0xFF, 0xD8, 0xFF, 0xE0, 0x00, 0x10, 0x4A, 0x46, 0x49, 0x46, 0x00, 0x01, 0x01, 0x01, 0x00, 0x48, 
0x00, 0x48, 0x00, 0x00, 0xFF, 0xE1, 0x00, 0x22, 0x45, 0x78, 0x69, 0x66, 0x00, 0x00, 0x4D, 0x4D, 
0x00, 0x2A, 0x00, 0x00, 0x00, 0x08, 0x00, 0x01, 0x01, 0x12, 0x00, 0x03, 0x00, 0x00, 0x00, 0x01, 
0x00, 0x01, 0x00, 0x00, 0x00, 0x00, 0x00, 0x00, 0xFF, 0xE2, 0x02, 0x28, 0x49, 0x43, 0x43, 0x5F, 
0x50, 0x52, 0x4F, 0x46, 0x49, 0x4C, 0x45, 0x00, 0x01, 0x01, 0x00, 0x00, 0x02, 0x18, 0x00, 0x00, 
0x00, 0x00, 0x02, 0x10, 0x00, 0x00, 0x6D, 0x6E, 0x74, 0x72, 0x52, 0x47, 0x42, 0x20, 0x58, 0x59, 
0x5A, 0x20, 0x00, 0x00, 0x00, 0x00, 0x00, 0x00, 0x00, 0x00, 0x00, 0x00, 0x00, 0x00, 0x61, 0x63, 
0x73, 0x70, 0x00, 0x00, 0x00, 0x00, 0x00, 0x00, 0x00, 0x00, 0x00, 0x00, 0x00, 0x00, 0x00, 0x00, 
0x00, 0x00, 0x00, 0x00, 0x00, 0x00, 0x00, 0x00, 0x00, 0x00, 0x00, 0x00, 0x00, 0x01, 0x00, 0x00, 
0xF6, 0xD6, 0x00, 0x01, 0x00, 0x00, 0x00, 0x00, 0xD3, 0x2D, 0x00, 0x00, 0x00, 0x00, 0x00, 0x00, 
0x00, 0x00, 0x00, 0x00, 0x00, 0x00, 0x00, 0x00, 0x00, 0x00, 0x00, 0x00, 0x00, 0x00, 0x00, 0x00, 
0x00, 0x00, 0x00, 0x00, 0x00, 0x00, 0x00, 0x00, 0x00, 0x00, 0x00, 0x00, 0x00, 0x00, 0x00, 0x00, 
0x00, 0x00, 0x00, 0x00, 0x00, 0x00, 0x00, 0x00, 0x00, 0x00, 0x00, 0x00, 0x00, 0x09, 0x64, 0x65, 
0x73, 0x63, 0x00, 0x00, 0x00, 0xF0, 0x00, 0x00, 0x00, 0x74, 0x72, 0x58, 0x59, 0x5A, 0x00, 0x00, 
0x01, 0x64, 0x00, 0x00, 0x00, 0x14, 0x67, 0x58, 0x59, 0x5A, 0x00, 0x00, 0x01, 0x78, 0x00, 0x00, 
0x00, 0x14, 0x62, 0x58, 0x59, 0x5A, 0x00, 0x00, 0x01, 0x8C, 0x00, 0x00, 0x00, 0x14, 0x72, 0x54, 
0x52, 0x43, 0x00, 0x00, 0x01, 0xA0, 0x00, 0x00, 0x00, 0x28, 0x67, 0x54, 0x52, 0x43, 0x00, 0x00, 
0x01, 0xA0, 0x00, 0x00, 0x00, 0x28, 0x62, 0x54, 0x52, 0x43, 0x00, 0x00, 0x01, 0xA0, 0x00, 0x00, 
0x00, 0x28, 0x77, 0x74, 0x70, 0x74, 0x00, 0x00, 0x01, 0xC8, 0x00, 0x00, 0x00, 0x14, 0x63, 0x70, 
0x72, 0x74, 0x00, 0x00, 0x01, 0xDC, 0x00, 0x00, 0x00, 0x3C, 0x6D, 0x6C, 0x75, 0x63, 0x00, 0x00, 
0x00, 0x00, 0x00, 0x00, 0x00, 0x01, 0x00, 0x00, 0x00, 0x0C, 0x65, 0x6E, 0x55, 0x53, 0x00, 0x00, 
0x00, 0x58, 0x00, 0x00, 0x00, 0x1C, 0x00, 0x73, 0x00, 0x52, 0x00, 0x47, 0x00, 0x42, 0x00, 0x00, 
0x00, 0x00, 0x00, 0x00, 0x00, 0x00, 0x00, 0x00, 0x00, 0x00, 0x00, 0x00, 0x00, 0x00, 0x00, 0x00, 
0x00, 0x00, 0x00, 0x00, 0x00, 0x00, 0x00, 0x00, 0x00, 0x00, 0x00, 0x00, 0x00, 0x00, 0x00, 0x00, 
0x00, 0x00, 0x00, 0x00, 0x00, 0x00, 0x00, 0x00, 0x00, 0x00, 0x00, 0x00, 0x00, 0x00, 0x00, 0x00, 
0x00, 0x00, 0x00, 0x00, 0x00, 0x00, 0x00, 0x00, 0x00, 0x00, 0x00, 0x00, 0x00, 0x00, 0x00, 0x00, 
0x00, 0x00, 0x00, 0x00, 0x00, 0x00, 0x00, 0x00, 0x00, 0x00, 0x00, 0x00, 0x00, 0x00, 0x58, 0x59, 
0x5A, 0x20, 0x00, 0x00, 0x00, 0x00, 0x00, 0x00, 0x6F, 0xA2, 0x00, 0x00, 0x38, 0xF5, 0x00, 0x00, 
0x03, 0x90, 0x58, 0x59, 0x5A, 0x20, 0x00, 0x00, 0x00, 0x00, 0x00, 0x00, 0x62, 0x99, 0x00, 0x00, 
0xB7, 0x85, 0x00, 0x00, 0x18, 0xDA, 0x58, 0x59, 0x5A, 0x20, 0x00, 0x00, 0x00, 0x00, 0x00, 0x00, 
0x24, 0xA0, 0x00, 0x00, 0x0F, 0x84, 0x00, 0x00, 0xB6, 0xCF, 0x70, 0x61, 0x72, 0x61, 0x00, 0x00, 
0x00, 0x00, 0x00, 0x04, 0x00, 0x00, 0x00, 0x02, 0x66, 0x66, 0x00, 0x00, 0xF2, 0xA7, 0x00, 0x00, 
0x0D, 0x59, 0x00, 0x00, 0x13, 0xD0, 0x00, 0x00, 0x0A, 0x5B, 0x00, 0x00, 0x00, 0x00, 0x00, 0x00, 
0x00, 0x00, 0x58, 0x59, 0x5A, 0x20, 0x00, 0x00, 0x00, 0x00, 0x00, 0x00, 0xF6, 0xD6, 0x00, 0x01, 
0x00, 0x00, 0x00, 0x00, 0xD3, 0x2D, 0x6D, 0x6C, 0x75, 0x63, 0x00, 0x00, 0x00, 0x00, 0x00, 0x00, 
0x00, 0x01, 0x00, 0x00, 0x00, 0x0C, 0x65, 0x6E, 0x55, 0x53, 0x00, 0x00, 0x00, 0x20, 0x00, 0x00, 
0x00, 0x1C, 0x00, 0x47, 0x00, 0x6F, 0x00, 0x6F, 0x00, 0x67, 0x00, 0x6C, 0x00, 0x65, 0x00, 0x20, 
0x00, 0x49, 0x00, 0x6E, 0x00, 0x63, 0x00, 0x2E, 0x00, 0x20, 0x00, 0x32, 0x00, 0x30, 0x00, 0x31, 
0x00, 0x36, 0xFF, 0xDB, 0x00, 0x43, 0x00, 0x02, 0x01, 0x01, 0x02, 0x01, 0x01, 0x02, 0x02, 0x02, 
0x02, 0x02, 0x02, 0x02, 0x02, 0x03, 0x05, 0x03, 0x03, 0x03, 0x03, 0x03, 0x06, 0x04, 0x04, 0x03, 
0x05, 0x07, 0x06, 0x07, 0x07, 0x07, 0x06, 0x07, 0x07, 0x08, 0x09, 0x0B, 0x09, 0x08, 0x08, 0x0A, 
0x08, 0x07, 0x07, 0x0A, 0x0D, 0x0A, 0x0A, 0x0B, 0x0C, 0x0C, 0x0C, 0x0C, 0x07, 0x09, 0x0E, 0x0F, 
0x0D, 0x0C, 0x0E, 0x0B, 0x0C, 0x0C, 0x0C, 0xFF, 0xDB, 0x00, 0x43, 0x01, 0x02, 0x02, 0x02, 0x03, 
0x03, 0x03, 0x06, 0x03, 0x03, 0x06, 0x0C, 0x08, 0x07, 0x08, 0x0C, 0x0C, 0x0C, 0x0C, 0x0C, 0x0C, 
0x0C, 0x0C, 0x0C, 0x0C, 0x0C, 0x0C, 0x0C, 0x0C, 0x0C, 0x0C, 0x0C, 0x0C, 0x0C, 0x0C, 0x0C, 0x0C, 
0x0C, 0x0C, 0x0C, 0x0C, 0x0C, 0x0C, 0x0C, 0x0C, 0x0C, 0x0C, 0x0C, 0x0C, 0x0C, 0x0C, 0x0C, 0x0C, 
0x0C, 0x0C, 0x0C, 0x0C, 0x0C, 0x0C, 0x0C, 0x0C, 0x0C, 0x0C, 0x0C, 0x0C, 0xFF, 0xC0, 0x00, 0x11, 
0x08, 0x01, 0x40, 0x01, 0xE0, 0x03, 0x01, 0x22, 0x00, 0x02, 0x11, 0x01, 0x03, 0x11, 0x01, 0xFF, 
0xC4, 0x00, 0x1F, 0x00, 0x00, 0x01, 0x05, 0x01, 0x01, 0x01, 0x01, 0x01, 0x01, 0x00, 0x00, 0x00, 
0x00, 0x00, 0x00, 0x00, 0x00, 0x01, 0x02, 0x03, 0x04, 0x05, 0x06, 0x07, 0x08, 0x09, 0x0A, 0x0B, 
0xFF, 0xC4, 0x00, 0xB5, 0x10, 0x00, 0x02, 0x01, 0x03, 0x03, 0x02, 0x04, 0x03, 0x05, 0x05, 0x04, 
0x04, 0x00, 0x00, 0x01, 0x7D, 0x01, 0x02, 0x03, 0x00, 0x04, 0x11, 0x05, 0x12, 0x21, 0x31, 0x41, 
0x06, 0x13, 0x51, 0x61, 0x07, 0x22, 0x71, 0x14, 0x32, 0x81, 0x91, 0xA1, 0x08, 0x23, 0x42, 0xB1, 
0xC1, 0x15, 0x52, 0xD1, 0xF0, 0x24, 0x33, 0x62, 0x72, 0x82, 0x09, 0x0A, 0x16, 0x17, 0x18, 0x19, 
0x1A, 0x25, 0x26, 0x27, 0x28, 0x29, 0x2A, 0x34, 0x35, 0x36, 0x37, 0x38, 0x39, 0x3A, 0x43, 0x44, 
0x45, 0x46, 0x47, 0x48, 0x49, 0x4A, 0x53, 0x54, 0x55, 0x56, 0x57, 0x58, 0x59, 0x5A, 0x63, 0x64, 
0x65, 0x66, 0x67, 0x68, 0x69, 0x6A, 0x73, 0x74, 0x75, 0x76, 0x77, 0x78, 0x79, 0x7A, 0x83, 0x84, 
0x85, 0x86, 0x87, 0x88, 0x89, 0x8A, 0x92, 0x93, 0x94, 0x95, 0x96, 0x97, 0x98, 0x99, 0x9A, 0xA2, 
0xA3, 0xA4, 0xA5, 0xA6, 0xA7, 0xA8, 0xA9, 0xAA, 0xB2, 0xB3, 0xB4, 0xB5, 0xB6, 0xB7, 0xB8, 0xB9, 
0xBA, 0xC2, 0xC3, 0xC4, 0xC5, 0xC6, 0xC7, 0xC8, 0xC9, 0xCA, 0xD2, 0xD3, 0xD4, 0xD5, 0xD6, 0xD7, 
0xD8, 0xD9, 0xDA, 0xE1, 0xE2, 0xE3, 0xE4, 0xE5, 0xE6, 0xE7, 0xE8, 0xE9, 0xEA, 0xF1, 0xF2, 0xF3, 
0xF4, 0xF5, 0xF6, 0xF7, 0xF8, 0xF9, 0xFA, 0xFF, 0xC4, 0x00, 0x1F, 0x01, 0x00, 0x03, 0x01, 0x01, 
0x01, 0x01, 0x01, 0x01, 0x01, 0x01, 0x01, 0x00, 0x00, 0x00, 0x00, 0x00, 0x00, 0x01, 0x02, 0x03, 
0x04, 0x05, 0x06, 0x07, 0x08, 0x09, 0x0A, 0x0B, 0xFF, 0xC4, 0x00, 0xB5, 0x11, 0x00, 0x02, 0x01, 
0x02, 0x04, 0x04, 0x03, 0x04, 0x07, 0x05, 0x04, 0x04, 0x00, 0x01, 0x02, 0x77, 0x00, 0x01, 0x02, 
0x03, 0x11, 0x04, 0x05, 0x21, 0x31, 0x06, 0x12, 0x41, 0x51, 0x07, 0x61, 0x71, 0x13, 0x22, 0x32, 
0x81, 0x08, 0x14, 0x42, 0x91, 0xA1, 0xB1, 0xC1, 0x09, 0x23, 0x33, 0x52, 0xF0, 0x15, 0x62, 0x72, 
0xD1, 0x0A, 0x16, 0x24, 0x34, 0xE1, 0x25, 0xF1, 0x17, 0x18, 0x19, 0x1A, 0x26, 0x27, 0x28, 0x29, 
0x2A, 0x35, 0x36, 0x37, 0x38, 0x39, 0x3A, 0x43, 0x44, 0x45, 0x46, 0x47, 0x48, 0x49, 0x4A, 0x53, 
0x54, 0x55, 0x56, 0x57, 0x58, 0x59, 0x5A, 0x63, 0x64, 0x65, 0x66, 0x67, 0x68, 0x69, 0x6A, 0x73, 
0x74, 0x75, 0x76, 0x77, 0x78, 0x79, 0x7A, 0x82, 0x83, 0x84, 0x85, 0x86, 0x87, 0x88, 0x89, 0x8A, 
0x92, 0x93, 0x94, 0x95, 0x96, 0x97, 0x98, 0x99, 0x9A, 0xA2, 0xA3, 0xA4, 0xA5, 0xA6, 0xA7, 0xA8, 
0xA9, 0xAA, 0xB2, 0xB3, 0xB4, 0xB5, 0xB6, 0xB7, 0xB8, 0xB9, 0xBA, 0xC2, 0xC3, 0xC4, 0xC5, 0xC6, 
0xC7, 0xC8, 0xC9, 0xCA, 0xD2, 0xD3, 0xD4, 0xD5, 0xD6, 0xD7, 0xD8, 0xD9, 0xDA, 0xE2, 0xE3, 0xE4, 
0xE5, 0xE6, 0xE7, 0xE8, 0xE9, 0xEA, 0xF2, 0xF3, 0xF4, 0xF5, 0xF6, 0xF7, 0xF8, 0xF9, 0xFA, 0xFF, 
0xDA, 0x00, 0x0C, 0x03, 0x01, 0x00, 0x02, 0x11, 0x03, 0x11, 0x00, 0x3F, 0x00, 0xFE, 0x7F, 0xE8, 
0xA2, 0x8A, 0x00, 0x28, 0xA2, 0x8A, 0x00, 0x28, 0xA2, 0x8A, 0x00, 0x28, 0xA2, 0x8A, 0x00, 0x28, 
0xA2, 0x8A, 0x00, 0x28, 0xA2, 0x8A, 0x00, 0x28, 0xA2, 0x8A, 0x00, 0x28, 0xA2, 0x8A, 0x00, 0x28, 
0xA2, 0x8A, 0x00, 0x28, 0xA2, 0x8A, 0x00, 0x28, 0xA2, 0x8A, 0x00, 0x28, 0xA2, 0x8A, 0x00, 0x28, 
0xA2, 0x8A, 0x00, 0x28, 0xA2, 0x8A, 0x00, 0x28, 0xA2, 0x8A, 0x00, 0x28, 0xA2, 0x8A, 0x00, 0x28, 
0xA2, 0x8A, 0x00, 0x28, 0xA2, 0x8A, 0x00, 0x28, 0xA2, 0x8A, 0x00, 0x28, 0xA2, 0x8A, 0x00, 0x28, 
0xA2, 0x8A, 0x00, 0x28, 0xA2, 0x8A, 0x00, 0x28, 0xA2, 0x8A, 0x00, 0x28, 0xA2, 0x8A, 0x00, 0x28, 
0xA2, 0x8A, 0x00, 0x28, 0xA2, 0x8A, 0x00, 0x28, 0xA2, 0x8A, 0x00, 0x28, 0xA2, 0x8A, 0x00, 0x28, 
0xA2, 0x8A, 0x00, 0x28, 0xA2, 0x8A, 0x00, 0x28, 0xA2, 0x8A, 0x00, 0x28, 0xA2, 0x8A, 0x00, 0x28, 
0xA2, 0x8A, 0x00, 0x28, 0xA2, 0x8A, 0x00, 0x28, 0xA2, 0x8A, 0x00, 0x28, 0xA2, 0x8A, 0x00, 0x28, 
0xA2, 0x8A, 0x00, 0x28, 0xA2, 0x8A, 0x00, 0x28, 0xA2, 0x8A, 0x00, 0x28, 0xA2, 0x8A, 0x00, 0x28, 
0xA2, 0x8A, 0x00, 0x28, 0xA2, 0x8A, 0x00, 0x28, 0xA2, 0x8A, 0x00, 0x28, 0xA2, 0x8A, 0x00, 0x28, 
0xA2, 0x8A, 0x00, 0x28, 0xA2, 0x8A, 0x00, 0x28, 0xA2, 0x8A, 0x00, 0x28, 0xA2, 0x8A, 0x00, 0x28, 
0xA2, 0x8A, 0x00, 0x28, 0xA2, 0x8A, 0x00, 0x28, 0xA2, 0x8A, 0x00, 0x28, 0xA2, 0x8A, 0x00, 0x28, 
0xA2, 0x8A, 0x00, 0x28, 0xA2, 0x8A, 0x00, 0x28, 0xA2, 0x8A, 0x00, 0x28, 0xA2, 0x8A, 0x00, 0x28, 
0xA2, 0x8A, 0x00, 0x28, 0xA2, 0x8A, 0x00, 0x28, 0xA2, 0x8A, 0x00, 0x28, 0xA2, 0x8A, 0x00, 0x28, 
0xA2, 0x8A, 0x00, 0x28, 0xA2, 0x8A, 0x00, 0x28, 0xA2, 0x8A, 0x00, 0x28, 0xA2, 0x8A, 0x00, 0x28, 
0xA2, 0x8A, 0x00, 0x28, 0xA2, 0x8A, 0x00, 0x28, 0xA2, 0x8A, 0x00, 0x28, 0xA2, 0x8A, 0x00, 0x28, 
0xA2, 0x8A, 0x00, 0x28, 0xA2, 0x8A, 0x00, 0x28, 0xA2, 0x8A, 0x00, 0x28, 0xA2, 0x8A, 0x00, 0x28, 
0xA2, 0x8A, 0x00, 0x28, 0xA2, 0x8A, 0x00, 0x28, 0xA2, 0x8A, 0x00, 0x28, 0xA2, 0x8A, 0x00, 0x28, 
0xA2, 0x8A, 0x00, 0x28, 0xA2, 0x8A, 0x00, 0x28, 0xA2, 0x8A, 0x00, 0x28, 0xA2, 0x8A, 0x00, 0x28, 
0xA2, 0x8A, 0x00, 0x28, 0xA2, 0x8A, 0x00, 0x28, 0xA2, 0x8A, 0x00, 0x28, 0xA2, 0x8A, 0x00, 0x28, 
0xA2, 0x8A, 0x00, 0x28, 0xA2, 0x8A, 0x00, 0x28, 0xA2, 0x8A, 0x00, 0x28, 0xA2, 0x8A, 0x00, 0x28, 
0xA2, 0x8A, 0x00, 0x28, 0xA2, 0x8A, 0x00, 0x28, 0xA2, 0x8A, 0x00, 0x28, 0xA2, 0x8A, 0x00, 0x28, 
0xA2, 0x8A, 0x00, 0x28, 0xA2, 0x8A, 0x00, 0x28, 0xA2, 0x8A, 0x00, 0x28, 0xA2, 0x8A, 0x00, 0x28, 
0xA2, 0x8A, 0x00, 0x28, 0xA2, 0x8A, 0x00, 0x28, 0xA2, 0x8A, 0x00, 0x28, 0xA2, 0x8A, 0x00, 0x28, 
0xA2, 0x8A, 0x00, 0x28, 0xA2, 0x8A, 0x00, 0x28, 0xA2, 0x8A, 0x00, 0x28, 0xA2, 0x8A, 0x00, 0x28, 
0xA2, 0x8A, 0x00, 0x28, 0xA2, 0x8A, 0x00, 0x28, 0xA2, 0x8A, 0x00, 0x28, 0xA2, 0x8A, 0x00, 0x28, 
0xA2, 0x8A, 0x00, 0x28, 0xA2, 0x8A, 0x00, 0x28, 0xA2, 0x8A, 0x00, 0x28, 0xA2, 0x8A, 0x00, 0x28, 
0xA2, 0x8A, 0x00, 0x28, 0xA2, 0x8A, 0x00, 0x28, 0xA2, 0x8A, 0x00, 0x28, 0xA2, 0x8A, 0x00, 0x28, 
0xA2, 0x8A, 0x00, 0x28, 0xA2, 0x8A, 0x00, 0x28, 0xA2, 0x8A, 0x00, 0x28, 0xA2, 0x8A, 0x00, 0x28, 
0xA2, 0x8A, 0x00, 0x28, 0xA2, 0x8A, 0x00, 0x28, 0xA2, 0x8A, 0x00, 0x28, 0xA2, 0x8A, 0x00, 0x28, 
0xA2, 0x8A, 0x00, 0x28, 0xA2, 0x8A, 0x00, 0x28, 0xA2, 0x8A, 0x00, 0x28, 0xA2, 0x8A, 0x00, 0x28, 
0xA2, 0x8A, 0x00, 0x28, 0xA2, 0x8A, 0x00, 0x28, 0xAD, 0xCF, 0x0A, 0xF8, 0x3F, 0x52, 0xF1, 0x86, 
0xB5, 0x6B, 0xA7, 0xE9, 0xB6, 0x37, 0x7A, 0x8D, 0xED, 0xE4, 0x9B, 0x21, 0xB5, 0xB5, 0xB7, 0x69, 
0xE7, 0x9F, 0xFD, 0xD8, 0xD7, 0xE6, 0x6A, 0xD2, 0xF8, 0x83, 0xF0, 0x73, 0xC4, 0xDF, 0x0A, 0x6E, 
0xAD, 0xE1, 0xF1, 0x26, 0x83, 0xAE, 0x68, 0x2F, 0x74, 0xAC, 0xD1, 0x2E, 0xA5, 0xA6, 0xCD, 0x64, 
0xCE, 0xBF, 0xEC, 0xF9, 0xCA, 0xBB, 0xAB, 0x4E, 0x49, 0x85, 0xCE, 0x46, 0x8A, 0x28, 0xAC, 0xC0, 
0x28, 0xA2, 0x8A, 0x00, 0x28, 0xA2, 0x8A, 0x00, 0x28, 0xA2, 0x8A, 0x00, 0x28, 0xA2, 0x8A, 0x00, 
0x28, 0xA2, 0x8A, 0x00, 0x28, 0xA2, 0x8A, 0x00, 0x28, 0xA2, 0x8A, 0x00, 0x28, 0xA2, 0xBA, 0xEF, 
0x01, 0x7C, 0x1E, 0xF1, 0x37, 0xC4, 0xD9, 0xEE, 0x17, 0xC3, 0xBA, 0x0E, 0xB5, 0xAE, 0x35, 0xAE, 
0xD6, 0x98, 0xE9, 0xBA, 0x7C, 0xD7, 0x7E, 0x46, 0xEF, 0xBB, 0xBB, 0xC9, 0x56, 0xDB, 0x5A, 0x42, 
0x1C, 0xC0, 0x72, 0x34, 0x56, 0xCF, 0x89, 0x3C, 0x2B, 0xA8, 0x78, 0x4B, 0x57, 0xBA, 0xB1, 0xD4, 
0x2C, 0x6E, 0xB4, 0xFB, 0xCB, 0x39, 0x36, 0x4D, 0x6F, 0x75, 0x6E, 0xD0, 0x4F, 0x17, 0xFB, 0xD1, 
0xB7, 0xCC, 0xB5, 0x95, 0x59, 0x81, 0x1D, 0x14, 0x51, 0x40, 0x05, 0x14, 0x51, 0x40, 0x05, 0x14, 
0x51, 0x40, 0x05, 0x14, 0x51, 0x40, 0x05, 0x14, 0x51, 0x40, 0x05, 0x14, 0x51, 0x40, 0x05, 0x14, 
0x51, 0x40, 0x05, 0x14, 0x51, 0x40, 0x05, 0x14, 0x51, 0x40, 0x05, 0x14, 0x51, 0x40, 0x05, 0x14, 
0x51, 0x40, 0x05, 0x14, 0x51, 0x40, 0x05, 0x14, 0x51, 0x40, 0x05, 0x14, 0x51, 0x40, 0x05, 0x14, 
0x51, 0x40, 0x05, 0x14, 0x51, 0x40, 0x05, 0x14, 0x51, 0x40, 0x05, 0x15, 0x25, 0x76, 0x1F, 0x0B, 
0xBE, 0x0A, 0x78, 0xA3, 0xE3, 0x17, 0x88, 0x23, 0xD2, 0x7C, 0x33, 0xA0, 0xEA, 0x5A, 0xE6, 0xA1, 
0xFC, 0x50, 0xDA, 0x43, 0xBB, 0x6F, 0xFB, 0xCD, 0xF7, 0x57, 0xFE, 0x05, 0x5B, 0x52, 0xA3, 0x29, 
0xFC, 0x20, 0x71, 0xFB, 0x3C, 0xD3, 0x5F, 0x47, 0xFE, 0xC5, 0x9F, 0xF0, 0x4F, 0xDF, 0x10, 0xFE, 
0xD4, 0xBA, 0xC4, 0x7A, 0xA5, 0xD0, 0x6D, 0x07, 0xC1, 0x16, 0x52, 0x0F, 0xB7, 0x6B, 0x93, 0x27, 
0xC8, 0x7F, 0xE9, 0x8D, 0xBA, 0xFF, 0x00, 0xCB, 0x69, 0xFF, 0x00, 0xF1, 0xD8, 0xFF, 0x00, 0xE5, 
0xA7, 0xF7, 0x6B, 0xDE, 0xFF, 0x00, 0x67, 0x0F, 0xF8, 0x25, 0xDF, 0x86, 0xFE, 0x1A, 0xDC, 0xC3, 
0xAB, 0x7C, 0x52, 0xD4, 0xAD, 0xF5, 0xED, 0x43, 0xEF, 0x47, 0xE1, 0xCD, 0x36, 0xE3, 0xF7, 0x09, 
0xFF, 0x00, 0x5D, 0xA6, 0xFF, 0x00, 0x96, 0x9F, 0xF5, 0xCD, 0x3F, 0xF1, 0xEA, 0xFA, 0xA9, 0x35, 
0xEF, 0xB7, 0xDB, 0x59, 0xE9, 0x3A, 0x65, 0x9D, 0xBD, 0x8E, 0x9F, 0x61, 0x1C, 0x70, 0x58, 0xD8, 
0xD9, 0xC7, 0xB6, 0xDE, 0xCA, 0x3F, 0xF9, 0xE6, 0xB1, 0xC7, 0x5F, 0x4D, 0x95, 0xF0, 0xFB, 0x9F, 
0xBF, 0x89, 0x3C, 0x8C, 0x56, 0x69, 0x15, 0xEE, 0xD2, 0x2E, 0x7C, 0x1F, 0xF0, 0x4F, 0x86, 0x7F, 
0x66, 0xFF, 0x00, 0x08, 0x7F, 0xC2, 0x3F, 0xF0, 0xEF, 0x47, 0x8B, 0xC3, 0xFA, 0x6F, 0xFC, 0xB6, 
0xBC, 0xFB, 0xDA, 0x96, 0xA7, 0xFF, 0x00, 0x4D, 0x27, 0x9B, 0xEF, 0x37, 0xFD, 0x73, 0xFF, 0x00, 
0x55, 0xFF, 0x00, 0x3C, 0xEB, 0xC8, 0x7F, 0xE0, 0xAB, 0xBF, 0x11, 0xB4, 0xFD, 0x33, 0xF6, 0x22, 
0xFE, 0xC7, 0xF1, 0x05, 0xC2, 0x5E, 0xEB, 0xDE, 0x24, 0xD6, 0x21, 0x9F, 0x41, 0x86, 0x69, 0x3C, 
0xC9, 0x6D, 0xFC, 0x99, 0x37, 0x5C, 0xCE, 0xBB, 0xBF, 0xD5, 0xC7, 0xB7, 0xF7, 0x7F, 0xF6, 0xD2, 
0xBA, 0x6F, 0xDA, 0x03, 0xF6, 0xA8, 0xF0, 0x6F, 0xEC, 0x7F, 0xA0, 0xB4, 0xDE, 0x26, 0xBA, 0x5D, 
0x63, 0xC5, 0x53, 0x43, 0xE7, 0xD9, 0xF8, 0x66, 0xCE, 0x65, 0xFB, 0x43, 0xFF, 0x00, 0xCF, 0x39, 
0x2E, 0x64, 0xFF, 0x00, 0x96, 0x2B, 0xFF, 0x00, 0x91, 0x6B, 0xF2, 0xEF, 0xF6, 0x8D, 0xFD, 0xA3, 
0xFC, 0x4F, 0xFB, 0x4F, 0xFC, 0x46, 0xBA, 0xF1, 0x27, 0x8A, 0x6F, 0x22, 0xB8, 0xBB, 0x65, 0xF2, 
0x2D, 0xE1, 0x86, 0x3F, 0x2E, 0xD6, 0xCA, 0x15, 0xFB, 0xB0, 0xC3, 0x1F, 0xF0, 0xAD, 0x6F, 0x9C, 
0x62, 0xF0, 0xB4, 0xA8, 0xFD, 0x5E, 0x81, 0x8E, 0x03, 0x0B, 0x5A, 0x75, 0x3D, 0xB5, 0x43, 0xCE, 
0x64, 0xA6, 0xD1, 0x45, 0x7C, 0x61, 0xEE, 0x85, 0x14, 0x51, 0x40, 0x05, 0x14, 0x51, 0x40, 0x05, 
0x14, 0x51, 0x40, 0x05, 0x14, 0x51, 0x40, 0x05, 0x14, 0x51, 0x40, 0x05, 0x14, 0x51, 0x40, 0x05, 
0x14, 0x51, 0x40, 0x12, 0x27, 0xFA, 0xC5, 0xAF, 0xD7, 0xCF, 0xF8, 0x25, 0xF7, 0xC6, 0x5D, 0x2F, 
0xC5, 0x3F, 0xB1, 0x0E, 0x8F, 0xA5, 0xF8, 0x7E, 0x4B, 0x7B, 0x1D, 0x63, 0xC1, 0xF7, 0x53, 0x41, 
0xAF, 0x5A, 0xDA, 0xFE, 0xED, 0x9E, 0x46, 0x92, 0x56, 0x82, 0xE5, 0xBF, 0xBD, 0xBA, 0x2F, 0xE2, 
0xFE, 0xF4, 0x4D, 0x5F, 0x90, 0x3B, 0x77, 0xD7, 0xA7, 0x7E, 0xCC, 0x9F, 0xB4, 0xC7, 0x89, 0xBF, 
0x65, 0x9F, 0x89, 0x96, 0xBE, 0x24, 0xF0, 0xED, 0xC2, 0xC7, 0x32, 0x7E, 0xE6, 0xEA, 0xD6, 0x65, 
0xDD, 0x6F, 0xA8, 0x43, 0xFC, 0x50, 0xCC, 0xBF, 0xDD, 0xAF, 0x4B, 0x2B, 0xC4, 0xD3, 0xA3, 0x5B, 
0x9A, 0xA9, 0xCB, 0x8A, 0xA3, 0x2A, 0x94, 0xF9, 0x62, 0x7E, 0xBD, 0x7C, 0x66, 0xF8, 0x65, 0xE0, 
0xFF, 0x00, 0xDA, 0x5B, 0xC3, 0x0D, 0xA0, 0xF8, 0xFB, 0x43, 0xB7, 0xD6, 0x2D, 0xFC, 0xBD, 0xB6, 
0xBA, 0x94, 0x3F, 0xBB, 0xD4, 0xB4, 0xAF, 0xFA, 0x69, 0x0C, 0xDF, 0xFB, 0x4F, 0xFD, 0x54, 0xB5, 
0xF9, 0x8F, 0xFB, 0x68, 0x7E, 0xC0, 0x3E, 0x27, 0xFD, 0x95, 0x35, 0xD1, 0x7D, 0xF2, 0xF8, 0x83, 
0xC1, 0x7A, 0x94, 0x9B, 0x74, 0xDD, 0x76, 0xD6, 0x3F, 0xDC, 0x37, 0xFD, 0x31, 0x99, 0x7F, 0xE5, 
0x8C, 0xDF, 0xEC, 0xFF, 0x00, 0xDF, 0x3F, 0xDD, 0xAF, 0xD0, 0x6F, 0xD9, 0xFB, 0xF6, 0x99, 0xF0, 
0x6F, 0xED, 0x75, 0xA0, 0xC3, 0x79, 0xE1, 0x1B, 0xC5, 0xD3, 0x7C, 0x51, 0xE4, 0xEE, 0xD4, 0x3C, 
0x23, 0x79, 0x37, 0xFA, 0x65, 0xBF, 0xFC, 0xF4, 0x92, 0xD9, 0xBF, 0xE5, 0xE2, 0x0F, 0xF6, 0x97, 
0xF7, 0xBF, 0xF3, 0xD2, 0xBA, 0xCF, 0xF8, 0x49, 0x3E, 0xCD, 0x61, 0x7D, 0xA6, 0xDF, 0xD9, 0xDA, 
0xEA, 0x5A, 0x5E, 0xA5, 0x1F, 0x91, 0xA8, 0x69, 0xBA, 0x84, 0x3E, 0x65, 0xBD, 0xEC, 0x7F, 0xF3, 
0xCE, 0x48, 0xE4, 0xAF, 0xAF, 0xC4, 0xE5, 0xF8, 0x5C, 0x75, 0x3E, 0x6A, 0x07, 0x85, 0x87, 0xC5, 
0x56, 0xC3, 0x54, 0xE5, 0xAE, 0x7E, 0x1F, 0xC8, 0xBE, 0x50, 0xA6, 0xE3, 0x3F, 0x7A, 0xBF, 0x43, 
0x3F, 0x68, 0xEF, 0xF8, 0x25, 0x8F, 0x87, 0xFE, 0x22, 0x5C, 0x5C, 0x6B, 0x1F, 0x0A, 0x6F, 0x62, 
0xD2, 0x2F, 0x1B, 0xE6, 0x6F, 0x0D, 0xEA, 0x53, 0x7E, 0xEB, 0xFE, 0xDD, 0xE6, 0xFE, 0x1F, 0xF7, 
0x64, 0xAF, 0x88, 0x3E, 0x22, 0xFC, 0x21, 0xF1, 0x17, 0xC2, 0x8F, 0x12, 0x4D, 0xA4, 0x78, 0x83, 
0x43, 0xD4, 0x74, 0x7B, 0xE4, 0xFF, 0x00, 0x96, 0x37, 0x90, 0xF9, 0x6C, 0xDF, 0xEE, 0xFF, 0x00, 
0x7B, 0xFE, 0x03, 0x5F, 0x1F, 0x8A, 0xCB, 0x6B, 0x50, 0x97, 0xBD, 0x13, 0xDF, 0xA1, 0x8A, 0xA7, 
0x57, 0xE1, 0x39, 0x0A, 0x28, 0xA9, 0x2B, 0xCE, 0x3A, 0x08, 0xE8, 0xA2, 0x8A, 0x00, 0x28, 0xA2, 
0x8A, 0x00, 0x28, 0xA2, 0x8A, 0x00, 0x28, 0xA2, 0x8A, 0x00, 0x28, 0xA2, 0x8A, 0x00, 0x28, 0xA2, 
0x8A, 0x00, 0x28, 0xA2, 0x8A, 0x00, 0x28, 0xA2, 0x8A, 0x00, 0x28, 0xA2, 0x8A, 0x00, 0x28, 0xA2, 
0x8A, 0x00, 0x28, 0xA2, 0x8A, 0x00, 0x28, 0xA2, 0x8A, 0x00, 0x28, 0xA2, 0x9D, 0x1D, 0x00, 0x03, 
0xFD, 0xEA, 0x76, 0xC6, 0xAF, 0x5F, 0xF8, 0x49, 0xE2, 0xDF, 0x84, 0x7A, 0x0F, 0x85, 0xAD, 0xFF, 
0x00, 0xE1, 0x2B, 0xF0, 0xDF, 0x88, 0xB5, 0x7D, 0x69, 0x24, 0x93, 0xCE, 0x92, 0x0B, 0xA5, 0xFB, 
0x3E, 0xDF, 0xE1, 0xDA, 0xBE, 0x62, 0xD7, 0xA2, 0xE8, 0xFF, 0x00, 0xB5, 0x17, 0xC1, 0x9F, 0x0C, 
0xFF, 0x00, 0xC7, 0x8F, 0xC3, 0x56, 0xDD, 0xFF, 0x00, 0x3D, 0x26, 0xB5, 0xB6, 0x91, 0xBF, 0xF4, 
0x2A, 0xEA, 0xA1, 0x4E, 0x9C, 0xBE, 0x29, 0x13, 0x29, 0x1F, 0x3A, 0xF8, 0x63, 0xC0, 0xFA, 0xC7, 
0x8B, 0xE7, 0xF2, 0xF4, 0xBD, 0x27, 0x52, 0xD4, 0x9B, 0xFB, 0xB6, 0xB6, 0xB2, 0x4D, 0xFF, 0x00, 
0xA0, 0xD7, 0xAB, 0xF8, 0x33, 0xF6, 0x06, 0xF1, 0xF7, 0x89, 0xA5, 0x56, 0xBC, 0xB5, 0xB1, 0xD0, 
0x6D, 0x73, 0xF3, 0x4D, 0xA9, 0x5C, 0xAA, 0xFF, 0x00, 0xE3, 0xAB, 0xBA, 0xBD, 0x55, 0xBF, 0xE0, 
0xA3, 0xFE, 0x1B, 0xB7, 0xB7, 0x8E, 0x1B, 0x3F, 0x0B, 0xEA, 0x96, 0xF1, 0xC5, 0xFC, 0x2B, 0x34, 
0x2B, 0x58, 0xB7, 0x3F, 0xF0, 0x52, 0x4B, 0x7B, 0x5B, 0xCD, 0xD6, 0x7E, 0x07, 0xB3, 0x6F, 0xF6, 
0xEF, 0x35, 0x06, 0x93, 0xFF, 0x00, 0x41, 0x5A, 0xF5, 0xB0, 0xF8, 0x6C, 0x14, 0x7F, 0x89, 0x23, 
0x9E, 0x53, 0xAD, 0xF6, 0x51, 0xDC, 0x7C, 0x32, 0xFD, 0x81, 0x3E, 0x1E, 0xF8, 0x57, 0xC9, 0x9B, 
0xC4, 0x97, 0xDA, 0x8F, 0x8B, 0xAF, 0x3F, 0xE7, 0xD6, 0xDF, 0xCC, 0xB6, 0xB5, 0xFF, 0x00, 0xC8, 
0x7F, 0xBC, 0xFF, 0x00, 0xC7, 0xAB, 0xE9, 0xAF, 0x09, 0x5A, 0x5F, 0x68, 0x3E, 0x15, 0x5D, 0x27, 
0xC3, 0xDA, 0x1D, 0x9F, 0x85, 0xF4, 0x35, 0xFB, 0xD0, 0xDB, 0xC2, 0xB6, 0xD6, 0xFF, 0x00, 0xF6, 
0xD2, 0x4A, 0xF8, 0x17, 0xC4, 0x7F, 0xF0, 0x52, 0x5F, 0x88, 0xDA, 0x92, 0x49, 0x1E, 0x97, 0x36, 
0x8D, 0xE1, 0xF8, 0xDB, 0xFE, 0x81, 0xF6, 0x2B, 0xE6, 0x7F, 0xDF, 0x52, 0x6E, 0xAF, 0x2B, 0xF1, 
0xCF, 0xC7, 0x2F, 0x17, 0xFC, 0x4A, 0x96, 0x69, 0x35, 0xEF, 0x12, 0x6B, 0x3A, 0xB7, 0x98, 0x7F, 
0xD5, 0xDC, 0x5D, 0x36, 0xCF, 0xFB, 0xF7, 0xF7, 0x6B, 0xB2, 0x39, 0xAE, 0x13, 0x0F, 0xFC, 0x18, 
0x9C, 0xB2, 0xC2, 0xD6, 0xAB, 0xF1, 0x48, 0xFD, 0x13, 0xF1, 0xE7, 0xED, 0x5F, 0xF0, 0xB7, 0xE0, 
0xEB, 0xCD, 0xFD, 0xB7, 0xE2, 0xC5, 0xD7, 0x35, 0x28, 0xFC, 0xCF, 0xF8, 0x96, 0xE8, 0x3F, 0xE9, 
0x72, 0xF9, 0x8B, 0xFF, 0x00, 0x2C, 0xDA, 0x6F, 0xF5, 0x4B, 0x5F, 0x3C, 0xFC, 0x6C, 0xFF, 0x00, 
0x82, 0xB0, 0xF8, 0xAB, 0xC5, 0x16, 0x53, 0x69, 0x3E, 0x03, 0xD3, 0xED, 0x7C, 0x0B, 0xA5, 0xB7, 
0xCB, 0x25, 0xD4, 0x32, 0x79, 0xDA, 0x95, 0xC7, 0xFD, 0xB6, 0xFF, 0x00, 0x96, 0x7F, 0xF0, 0x1F, 
0xFB, 0xEA, 0xBE, 0x44, 0xB9, 0x99, 0x9F, 0xEF, 0x54, 0x71, 0x9A, 0xF3, 0xF1, 0x59, 0xDE, 0x26, 
0xB7, 0xBA, 0x6D, 0x87, 0xCB, 0x68, 0xD2, 0x34, 0xB5, 0x9D, 0x66, 0xE3, 0x5F, 0xD4, 0x26, 0xBA, 
0xBC, 0xB8, 0x9A, 0xEE, 0xEA, 0xE2, 0x46, 0x96, 0x69, 0xA6, 0x93, 0xCC, 0x95, 0xDB, 0xFB, 0xCC, 
0xDF, 0xC5, 0x59, 0x74, 0x53, 0x91, 0x37, 0xD7, 0x8D, 0xAC, 0x8E, 0xE1, 0xB4, 0x57, 0x59, 0xAC, 
0xFC, 0x2A, 0xD7, 0x3C, 0x3D, 0xE0, 0xCD, 0x37, 0xC4, 0x37, 0xDA, 0x6C, 0xF6, 0x7A, 0x56, 0xA9, 
0x26, 0xDB, 0x3B, 0x89, 0xBE, 0x5F, 0xB4, 0x63, 0xFB, 0xAB, 0xF7, 0xB6, 0xFF, 0x00, 0xB5, 0x5C, 
0x9D, 0x40, 0x05, 0x14, 0x51, 0x40, 0x05, 0x14, 0x51, 0x40, 0x05, 0x14, 0x51, 0x40, 0x05, 0x14, 
0x51, 0x40, 0x05, 0x14, 0x51, 0x40, 0x05, 0x14, 0x51, 0x40, 0x05, 0x14, 0x51, 0x40, 0x05, 0x15, 
0xD2, 0x69, 0xBF, 0x0E, 0x35, 0xAD, 0x67, 0xC1, 0x97, 0x9E, 0x20, 0xB5, 0xD3, 0x6E, 0xA6, 0xD1, 
0x74, 0xD9, 0x96, 0x0B, 0xAB, 0xC4, 0x5D, 0xD1, 0x5B, 0xB3, 0x7D, 0xDD, 0xDF, 0xDD, 0xAE, 0x75, 
0xE2, 0xF2, 0xFA, 0xD6, 0x80, 0x6B, 0x68, 0x5E, 0x21, 0xBA, 0xF0, 0xEE, 0xA1, 0x0D, 0xE5, 0x9D, 
0xC4, 0xF6, 0x77, 0x16, 0xB2, 0x2C, 0xF0, 0xCD, 0x0C, 0xCD, 0x1C, 0xB1, 0x48, 0xBF, 0xC4, 0xAC, 
0xBF, 0x75, 0xAB, 0xEB, 0x5F, 0x82, 0x7F, 0xF0, 0x56, 0x4F, 0x11, 0x69, 0x76, 0xD0, 0xE9, 0x3F, 
0x11, 0xB4, 0xF8, 0xBC, 0x69, 0xA7, 0xC6, 0xBE, 0x52, 0xEA, 0x4B, 0x22, 0xDB, 0x6A, 0xD0, 0xFF, 
0x00, 0xDB, 0x4F, 0xBB, 0x37, 0xFD, 0xB5, 0xFF, 0x00, 0xBE, 0xAB, 0xE3, 0x2E, 0xA6, 0x9F, 0xBB, 
0x8A, 0xE8, 0xC2, 0xE2, 0xEB, 0x61, 0xE5, 0xCD, 0x4C, 0xCE, 0xAE, 0x1E, 0x9D, 0x5F, 0x8C, 0xFD, 
0x4D, 0xF0, 0x07, 0xED, 0x49, 0xF0, 0xE7, 0xE2, 0xEE, 0xD5, 0xD0, 0x7C, 0x61, 0x6B, 0x63, 0x7C, 
0xDF, 0x76, 0xC7, 0x58, 0xFF, 0x00, 0x41, 0x9F, 0xCC, 0xFF, 0x00, 0x9E, 0x6B, 0xBB, 0xF7, 0x6D, 
0xFF, 0x00, 0x01, 0xAE, 0xC3, 0xC6, 0xB2, 0x5E, 0x6B, 0x5E, 0x1C, 0x6D, 0x2F, 0xC5, 0x1A, 0x0E, 
0x9D, 0xE2, 0xAD, 0x15, 0xBF, 0x86, 0xF2, 0x15, 0x9D, 0x7F, 0xED, 0x9C, 0x95, 0xF9, 0x0A, 0x92, 
0xB4, 0x23, 0xFB, 0xB5, 0xDB, 0x78, 0x03, 0xF6, 0x81, 0xF1, 0xA7, 0xC3, 0x26, 0x8F, 0xFE, 0x11, 
0xFF, 0x00, 0x13, 0x6B, 0x7A, 0x5C, 0x31, 0xB7, 0xCB, 0x0C, 0x37, 0x4D, 0xE4, 0x7F, 0xDF, 0xBF, 
0xBB, 0xFF, 0x00, 0x8E, 0xD7, 0xBD, 0x4B, 0x89, 0x2E, 0xB9, 0x6B, 0xC4, 0xF3, 0x25, 0x95, 0xF2, 
0x7B, 0xD4, 0x64, 0x7D, 0x51, 0xF1, 0x23, 0xF6, 0x04, 0xF8, 0x7F, 0xE2, 0xD7, 0x69, 0xBC, 0x33, 
0xA8, 0x6A, 0x1E, 0x13, 0xBC, 0x97, 0xFD, 0x5D, 0x9D, 0xE7, 0xFA, 0x4D, 0xAF, 0xFD, 0xFC, 0xFB, 
0xDF, 0xF8, 0xF5, 0x78, 0x5F, 0x8C, 0xBF, 0x61, 0x5F, 0x1F, 0x78, 0x4A, 0xE1, 0xBC, 0x9D, 0x36, 
0xDF, 0x58, 0xB6, 0x53, 0x9F, 0x3F, 0x4D, 0xB8, 0x59, 0x3F, 0xF1, 0xD6, 0xDB, 0x25, 0x6C, 0xE9, 
0x1F, 0xF0, 0x52, 0x8F, 0x88, 0x56, 0xB6, 0xD1, 0xC3, 0xA9, 0x2F, 0x87, 0xFC, 0x41, 0x1A, 0x7D, 
0xE9, 0x2F, 0xB4, 0xB8, 0xFC, 0xD6, 0xFF, 0x00, 0x81, 0x47, 0xB6, 0xBA, 0x9B, 0x1F, 0xF8, 0x29, 
0x3C, 0x62, 0x4F, 0xF4, 0xCF, 0x05, 0xDB, 0xAF, 0xFB, 0x56, 0x7A, 0x9B, 0x47, 0xFF, 0x00, 0x8E, 
0xB2, 0xD6, 0x72, 0x9E, 0x5F, 0x88, 0xFE, 0xE9, 0xBC, 0x63, 0x88, 0x89, 0xF3, 0x3F, 0x88, 0xFC, 
0x19, 0xAB, 0x78, 0x56, 0xE7, 0xCB, 0xD4, 0xB4, 0xBB, 0xDD, 0x3D, 0xFE, 0xEE, 0xDB, 0x88, 0x1A, 
0x3F, 0xFD, 0x0A, 0xB2, 0x7C, 0x9F, 0xF6, 0x6B, 0xEC, 0x51, 0xFF, 0x00, 0x05, 0x1C, 0xF0, 0xCE, 
0xAC, 0xBB, 0x6F, 0xFC, 0x27, 0xA8, 0xCD, 0x1F, 0xF1, 0x2C, 0x93, 0x43, 0x3F, 0xFE, 0x8C, 0xAE, 
0x73, 0x58, 0xFD, 0xA7, 0x3E, 0x0B, 0xF8, 0x9F, 0xCC, 0x6B, 0xCF, 0x86, 0xB2, 0xAC, 0xD2, 0xFF, 
0x00, 0xCB, 0x48, 0x61, 0xB6, 0x8D, 0xBF, 0xF4, 0x2A, 0xE1, 0xAB, 0x83, 0xC3, 0x7D, 0x9A, 0xA7, 
0x4D, 0x3A, 0x95, 0x3E, 0xD4, 0x4F, 0x97, 0x6A, 0x3A, 0xF6, 0x0F, 0x8C, 0x9E, 0x36, 0xF8, 0x5B, 
0xAD, 0xF8, 0x3E, 0x18, 0x7C, 0x1F, 0xE1, 0x3D, 0x7B, 0x47, 0xD6, 0x16, 0x6D, 0xD2, 0x5D, 0x5D, 
0x6A, 0x9E, 0x74, 0x0D, 0x1F, 0xF7, 0x7C, 0x9D, 0xCD, 0x5E, 0x3F, 0x5E, 0x5C, 0xA3, 0x63, 0x70, 
0xA2, 0x8A, 0x2B, 0x30, 0x0A, 0x28, 0xA2, 0x80, 0x0A, 0x28, 0xA2, 0x80, 0x0A, 0x28, 0xA2, 0x80, 
0x0A, 0x28, 0xA2, 0x80, 0x0A, 0x28, 0xA2, 0x80, 0x0A, 0x28, 0xA2, 0x80, 0x0A, 0x28, 0xA2, 0x80, 
0x0A, 0x28, 0xA2, 0x80, 0x0A, 0x28, 0xA2, 0x80, 0x0A, 0x28, 0xA2, 0x80, 0x0A, 0x33, 0x45, 0x14, 
0x00, 0x51, 0x45, 0x14, 0x00, 0x51, 0x45, 0x14, 0x00, 0xEC, 0xFF, 0x00, 0xB3, 0x4D, 0xAD, 0x2D, 
0x0B, 0xC3, 0xD7, 0x9E, 0x23, 0xBF, 0x8E, 0xD6, 0xCA, 0xD6, 0x7B, 0xAB, 0x86, 0xFF, 0x00, 0x96, 
0x71, 0x47, 0xB9, 0xAB, 0xDC, 0x7E, 0x1A, 0xFE, 0xC5, 0xD7, 0x57, 0x2B, 0x1D, 0xE7, 0x8B, 0x2F, 
0x3F, 0xB2, 0x61, 0xFF, 0x00, 0x9F, 0x48, 0x7F, 0x79, 0x75, 0x2F, 0xFF, 0x00, 0x13, 0x5E, 0x8E, 
0x17, 0x2D, 0xAD, 0x5B, 0xE1, 0x33, 0x9D, 0x48, 0xC4, 0xF1, 0x7F, 0x06, 0x78, 0x17, 0x56, 0xF1, 
0xFE, 0xB5, 0x1E, 0x9B, 0xA3, 0x58, 0xDD, 0x6A, 0x17, 0xD2, 0xFD, 0xD8, 0x61, 0x8F, 0x75, 0x7D, 
0x39, 0xF0, 0x8F, 0xF6, 0x56, 0xD0, 0x7E, 0x16, 0x18, 0xEF, 0xBC, 0x55, 0x1C, 0x5E, 0x26, 0xD7, 
0xA3, 0xF9, 0xA3, 0xD2, 0x61, 0xFD, 0xE5, 0xAD, 0xBB, 0x7F, 0xD3, 0x4F, 0xF9, 0xE8, 0xDF, 0xF8, 
0xED, 0x7A, 0x0E, 0x97, 0x0E, 0x8F, 0xF0, 0xB3, 0xC3, 0x7F, 0xD9, 0xFA, 0x2E, 0x9E, 0xBA, 0x3E, 
0x9F, 0xFF, 0x00, 0x2D, 0x3C, 0xBF, 0xF8, 0xF8, 0xB8, 0xFF, 0x00, 0x7A, 0x4F, 0xF5, 0x95, 0xA5, 
0xF0, 0xAF, 0xF6, 0x90, 0xF0, 0x7F, 0x86, 0x2D, 0xA6, 0xD3, 0xFC, 0x69, 0xF0, 0xFE, 0xE3, 0x52, 
0xD3, 0xEE, 0x24, 0xFD, 0xDE, 0xAD, 0xA7, 0xCD, 0xE5, 0xDD, 0x5B, 0xD7, 0xD3, 0x61, 0x72, 0x28, 
0xD3, 0xF7, 0xAA, 0x1E, 0x7D, 0x4C, 0x77, 0xF2, 0x9F, 0x25, 0xFE, 0xD4, 0xFF, 0x00, 0x12, 0xF5, 
0xEF, 0x89, 0xBF, 0x11, 0xE4, 0x9B, 0x5A, 0x86, 0x7B, 0x18, 0x6C, 0x57, 0xEC, 0xD6, 0x36, 0x72, 
0x47, 0xB5, 0x6D, 0xA1, 0xFF, 0x00, 0x66, 0xBC, 0xA4, 0x8C, 0x57, 0xE9, 0xC7, 0x88, 0xFE, 0x0E, 
0xF8, 0x27, 0xF6, 0x83, 0xF0, 0xC3, 0x49, 0xE1, 0x3D, 0x4B, 0x4D, 0xF1, 0xD6, 0x97, 0x14, 0x7F, 
0x36, 0x9B, 0x79, 0x1F, 0xD8, 0xF5, 0x6D, 0x3E, 0xBE, 0x35, 0xFD, 0xA1, 0xFF, 0x00, 0x65, 0x3D, 
0x43, 0xE1, 0x4C, 0x93, 0x6A, 0x5A, 0x67, 0x9F, 0x79, 0xA2, 0xAB, 0x7E, 0xF1, 0x5A, 0x3F, 0xDF, 
0xE9, 0xFF, 0x00, 0xF5, 0xD3, 0xFF, 0x00, 0x8A, 0xAF, 0x23, 0x32, 0xCA, 0xE5, 0x0F, 0x7A, 0x27, 
0x56, 0x1F, 0x15, 0x19, 0x9E, 0x23, 0x45, 0x49, 0x51, 0xD7, 0xCF, 0x9D, 0x41, 0x45, 0x14, 0x50, 
0x01, 0x45, 0x14, 0x50, 0x01, 0x45, 0x14, 0x50, 0x01, 0x45, 0x14, 0x50, 0x01, 0x45, 0x14, 0x50, 
0x00, 0x7A, 0xD4, 0x94, 0xD5, 0x5C, 0x57, 0xB3, 0x7C, 0x06, 0xFD, 0x95, 0xB5, 0x2F, 0x8A, 0x36, 
0xD0, 0xEA, 0x9A, 0x81, 0xB8, 0xD3, 0x74, 0x37, 0xFF, 0x00, 0x56, 0xCB, 0x1E, 0xEB, 0x8B, 0xBF, 
0xFA, 0xE3, 0x1F, 0xFE, 0xCD, 0x5D, 0x58, 0x5C, 0x2C, 0xF1, 0x12, 0xE5, 0x81, 0x33, 0x9F, 0x21, 
0x93, 0xFB, 0x32, 0x7C, 0x5D, 0xF1, 0x07, 0xC2, 0xBF, 0x1C, 0xED, 0xD0, 0xED, 0xDF, 0x52, 0xB5, 
0xD5, 0xA3, 0xFB, 0x36, 0xA1, 0xA6, 0xF9, 0x7E, 0x64, 0x5A, 0x84, 0x3F, 0xDD, 0x65, 0xAF, 0x5C, 
0xF8, 0xA1, 0xFB, 0x27, 0x68, 0x7F, 0x12, 0xFC, 0xCB, 0xEF, 0x07, 0xF9, 0x7E, 0x1F, 0xD6, 0x25, 
0xF9, 0x9B, 0x45, 0xBB, 0x6D, 0xB0, 0x3F, 0xFD, 0x71, 0x6F, 0xE1, 0xFF, 0x00, 0xD0, 0x6B, 0xDE, 
0x3C, 0x3D, 0xFB, 0x3F, 0x78, 0x4F, 0xF6, 0x7F, 0xF0, 0xAC, 0x37, 0x1E, 0x28, 0xD4, 0xB4, 0xEF, 
0x06, 0xE9, 0xB2, 0xFE, 0xF6, 0x3B, 0x38, 0xFF, 0x00, 0x7F, 0xA9, 0x6A, 0x1F, 0xFB, 0x33, 0x57, 
0x3F, 0xE3, 0xFF, 0x00, 0xDA, 0x03, 0xC2, 0x3A, 0xF4, 0xD6, 0xF6, 0x7E, 0x12, 0xF0, 0x4D, 0xD5, 
0x8D, 0x8D, 0xBF, 0xFC, 0xC4, 0xAF, 0xA4, 0xF2, 0xEE, 0xAF, 0x7F, 0xED, 0x9D, 0x7D, 0x86, 0x1F, 
0x23, 0xA7, 0xEC, 0x79, 0x6B, 0x1E, 0x65, 0x6C, 0x67, 0xBD, 0xEE, 0x9F, 0x09, 0xF8, 0xB7, 0xC1, 
0x3A, 0xB7, 0x81, 0x35, 0xB9, 0xB4, 0xDD, 0x5A, 0xC6, 0xEB, 0x4F, 0xBE, 0xB7, 0xFF, 0x00, 0x59, 
0x0C, 0xD1, 0xED, 0x61, 0x58, 0xFF, 0x00, 0xF2, 0xD2, 0xBE, 0xF6, 0xD7, 0x74, 0xAD, 0x07, 0xE2, 
0xE7, 0x87, 0x96, 0xCF, 0x5E, 0xB1, 0x5D, 0x4A, 0xDE, 0x2F, 0xF5, 0x72, 0x37, 0xEE, 0xAE, 0x2D, 
0xFF, 0x00, 0xDD, 0x92, 0xBC, 0x23, 0xE2, 0x3F, 0xEC, 0x4B, 0xA8, 0x69, 0xC9, 0x25, 0xE7, 0x85, 
0x6F, 0x17, 0x5C, 0xB5, 0xFF, 0x00, 0x9F, 0x79, 0xBF, 0x77, 0x74, 0x9F, 0xFB, 0x2B, 0x57, 0x8B, 
0x8C, 0xC9, 0x67, 0x4F, 0xDE, 0x81, 0xD7, 0x4B, 0x15, 0x19, 0x9F, 0x3F, 0x51, 0x5A, 0x5A, 0xE6, 
0x81, 0x79, 0xE1, 0xBB, 0xF9, 0x2C, 0xEF, 0xAD, 0x67, 0xB5, 0xB8, 0x8B, 0xFD, 0x64, 0x32, 0xC7, 
0xB5, 0x85, 0x66, 0xD7, 0x87, 0x38, 0x72, 0x9D, 0x41, 0x45, 0x14, 0x56, 0x60, 0x14, 0x51, 0x45, 
0x00, 0x14, 0x51, 0x45, 0x00, 0x14, 0x51, 0x45, 0x00, 0x14, 0x51, 0x45, 0x00, 0x14, 0x51, 0x45, 
0x00, 0x14, 0x51, 0x45, 0x00, 0x14, 0x51, 0x45, 0x00, 0x14, 0x51, 0x45, 0x00, 0x14, 0x51, 0x45, 
0x00, 0x14, 0x51, 0x45, 0x00, 0x14, 0x51, 0x45, 0x00, 0x14, 0x51, 0x45, 0x00, 0x14, 0x51, 0x4E, 
0xF2, 0xE8, 0x01, 0xDC, 0xD4, 0x7B, 0xAB, 0x6F, 0xC3, 0xBE, 0x06, 0xD5, 0xFC, 0x5B, 0x72, 0xB1, 
0xE9, 0x9A, 0x6D, 0xE5, 0xF3, 0x6E, 0xDB, 0xFE, 0x8F, 0x0B, 0x49, 0x5E, 0x97, 0xE1, 0x8F, 0xD8, 
0xBB, 0xC6, 0x7A, 0xB9, 0xDD, 0x7D, 0x67, 0x6D, 0xA2, 0xC3, 0xFC, 0x4D, 0x79, 0x37, 0xFE, 0xCA, 
0xB5, 0xDB, 0x43, 0x05, 0x5A, 0xAF, 0xC3, 0x13, 0x39, 0x54, 0x8C, 0x4F, 0x1D, 0xA2, 0x1B, 0x66, 
0x94, 0xD7, 0xD4, 0x3E, 0x19, 0xFD, 0x8A, 0x34, 0x1D, 0x22, 0x48, 0xDB, 0x54, 0xD6, 0x6E, 0xB5, 
0x39, 0x23, 0xFF, 0x00, 0x59, 0x0D, 0xBC, 0x7E, 0x4A, 0xFF, 0x00, 0xF1, 0x55, 0xE8, 0xFE, 0x1C, 
0xF0, 0x1F, 0x86, 0x7E, 0x1D, 0x5A, 0x79, 0x9A, 0x6E, 0x8F, 0xA5, 0xE9, 0xBE, 0x5F, 0xFC, 0xBD, 
0x5C, 0x7E, 0xF2, 0x5F, 0xFB, 0xF9, 0x25, 0x7B, 0x38, 0x7E, 0x1F, 0xAA, 0xFD, 0xEA, 0x87, 0x2C, 
0xB1, 0xD4, 0xFE, 0xC9, 0xF2, 0x9F, 0x82, 0xFF, 0x00, 0x67, 0x2F, 0x17, 0xF8, 0xE0, 0x2C, 0x96, 
0xBA, 0x44, 0xF6, 0xF6, 0xFF, 0x00, 0xF3, 0xF1, 0x76, 0x3C, 0x88, 0xBF, 0xF1, 0xEA, 0xF5, 0x6F, 
0x06, 0xFE, 0xC6, 0xFA, 0x3E, 0x8E, 0xCB, 0x2F, 0x88, 0xB5, 0x46, 0xD4, 0xA4, 0xFF, 0x00, 0x9F, 
0x7B, 0x1F, 0x95, 0x4F, 0xFD, 0xB4, 0xAF, 0x40, 0xF1, 0x87, 0xED, 0x13, 0xE1, 0x3D, 0x04, 0x6D, 
0xB8, 0xD7, 0xBE, 0xDC, 0xD1, 0x7F, 0xCB, 0x1B, 0x38, 0xF7, 0x57, 0x9B, 0xEB, 0xDF, 0xB5, 0xE5, 
0xC5, 0xC7, 0xEE, 0x7C, 0x37, 0xA1, 0xC5, 0x1B, 0x7F, 0x0D, 0xC5, 0xE7, 0xEF, 0x7F, 0xF1, 0xDA, 
0xEE, 0x8E, 0x5D, 0x86, 0xC3, 0xFC, 0x44, 0xFB, 0x5A, 0xD3, 0x3D, 0xA3, 0xC3, 0xDA, 0x56, 0x93, 
0xF0, 0xF7, 0x44, 0x93, 0xFB, 0x2F, 0x4F, 0xD3, 0x74, 0x3B, 0x18, 0xBF, 0x7B, 0x24, 0xD2, 0x7E, 
0xEF, 0xFE, 0xFA, 0x92, 0xBC, 0xD3, 0xE2, 0x47, 0xED, 0x6D, 0xA4, 0xF8, 0x6B, 0xCC, 0xB7, 0xD0, 
0x17, 0xFB, 0x63, 0x50, 0xFF, 0x00, 0x9F, 0xC9, 0x3F, 0xD4, 0x27, 0xFF, 0x00, 0x1C, 0xAF, 0x20, 
0xF1, 0x0E, 0xB3, 0xAF, 0x7C, 0x45, 0xBC, 0xFB, 0x56, 0xBF, 0xAA, 0x5C, 0x5D, 0x7F, 0xB3, 0xFC, 
0x31, 0x7F, 0xC0, 0x7E, 0xED, 0x76, 0x1F, 0xB3, 0x4F, 0x8E, 0xB4, 0x7F, 0x80, 0x3F, 0xB4, 0x57, 
0x80, 0x7C, 0x6D, 0x7F, 0xA1, 0x5B, 0xF8, 0x8B, 0x47, 0xF0, 0xA6, 0xBD, 0x63, 0xAB, 0xDF, 0x69, 
0x32, 0x7F, 0xCC, 0x42, 0x18, 0x66, 0x8E, 0x56, 0x5F, 0xFC, 0x87, 0xFC, 0x5F, 0x2E, 0xED, 0xB4, 
0x62, 0xB1, 0x9C, 0x94, 0xFF, 0x00, 0x70, 0x11, 0xA3, 0x7F, 0x88, 0xFB, 0xCB, 0xF6, 0x45, 0xFF, 
0x00, 0x82, 0x00, 0xFE, 0xD7, 0x5F, 0xB6, 0x67, 0x86, 0x74, 0xDF, 0x18, 0x6A, 0xD2, 0x68, 0x3F, 
0x0E, 0x74, 0x1D, 0x51, 0x7C, 0xDB, 0x5F, 0xF8, 0x49, 0x24, 0x65, 0xBA, 0x78, 0x7F, 0x86, 0x45, 
0xB3, 0x8E, 0x3F, 0x32, 0x3F, 0xFB, 0x6A, 0xD1, 0xB7, 0xFB, 0x35, 0xE8, 0x5F, 0x1D, 0xFF, 0x00, 
0xE0, 0xDB, 0x0F, 0xDA, 0x8F, 0xE0, 0xA6, 0x81, 0x71, 0xAC, 0x68, 0x17, 0x5E, 0x04, 0xF8, 0xAD, 
0x6D, 0x67, 0x0E, 0xE9, 0x6C, 0xF4, 0xC9, 0xE4, 0xD3, 0xB5, 0x2F, 0xFB, 0x67, 0x1C, 0xDF, 0x2B, 
0x7F, 0xDF, 0xC5, 0xAF, 0xDD, 0xBF, 0xD9, 0x43, 0xF6, 0xC4, 0xF8, 0x77, 0xFB, 0x6A, 0xFC, 0x23, 
0xD3, 0x7C, 0x65, 0xF0, 0xDF, 0xC5, 0x5A, 0x6F, 0x88, 0x34, 0x7B, 0xF8, 0xE3, 0xF9, 0x61, 0x9B, 
0xFD, 0x22, 0xCA, 0x4F, 0xF9, 0x69, 0x0C, 0xD0, 0xFF, 0x00, 0xAC, 0x86, 0x45, 0xFF, 0x00, 0x9E, 
0x6D, 0x5D, 0x0F, 0xC6, 0xCF, 0x8F, 0x1E, 0x0D, 0xFD, 0x9C, 0x7E, 0x1E, 0xDE, 0x78, 0x9B, 0xC7, 
0x5E, 0x2A, 0xD1, 0x3C, 0x27, 0xA0, 0xE9, 0xD1, 0xEE, 0x9A, 0xFB, 0x54, 0xBE, 0x58, 0x15, 0x3F, 
0xEF, 0xAF, 0xBD, 0x27, 0xFB, 0x35, 0xF3, 0xB1, 0xCD, 0x31, 0x30, 0xA9, 0xAC, 0x8E, 0xAF, 0xAB, 
0xC4, 0xFE, 0x43, 0xED, 0x12, 0xEB, 0x4F, 0xD4, 0xA6, 0xD4, 0x2C, 0xE3, 0xD5, 0xBC, 0x3F, 0xAD, 
0x69, 0x37, 0x52, 0x5B, 0x5D, 0x47, 0x24, 0x72, 0x5A, 0x5D, 0x69, 0xF3, 0x47, 0xFE, 0xB2, 0x19, 
0x97, 0xFD, 0x62, 0xF9, 0x5F, 0xDD, 0x6A, 0xF5, 0xAF, 0x06, 0x7C, 0x72, 0x93, 0xE2, 0x8D, 0xCC, 
0x7A, 0x3F, 0x8A, 0xA3, 0x82, 0x3D, 0x6A, 0xE2, 0x3D, 0xB1, 0xDE, 0x79, 0x7F, 0x2E, 0xA1, 0xFF, 
0x00, 0x4C, 0xDA, 0xB9, 0xBF, 0xDB, 0xC3, 0xF6, 0xEA, 0xF0, 0xCF, 0xED, 0x05, 0xFF, 0x00, 0x05, 
0x2E, 0xF8, 0x91, 0xF1, 0x2B, 0xC2, 0x56, 0x7B, 0x7C, 0x07, 0xE2, 0xED, 0x4A, 0x34, 0x8E, 0xDE, 
0x45, 0x58, 0xEE, 0x2F, 0x61, 0x86, 0x15, 0x83, 0xED, 0x6D, 0x0E, 0xED, 0xCA, 0xD2, 0xF9, 0x7B, 
0xB6, 0xFD, 0xED, 0xBB, 0x77, 0x7C, 0xD5, 0x73, 0x5B, 0xF8, 0x39, 0x6B, 0xAF, 0x69, 0x50, 0xEA, 
0x5A, 0x25, 0xD2, 0xDD, 0x59, 0xDE, 0x47, 0x1C, 0xF6, 0xB2, 0x2D, 0x7E, 0x83, 0x95, 0xCA, 0x9E, 
0x3E, 0x89, 0xE1, 0xE2, 0xBF, 0xD9, 0xE6, 0x7C, 0xF3, 0xFB, 0x5F, 0x7E, 0xCC, 0xB2, 0x7C, 0x23, 
0xD7, 0x9B, 0x52, 0xD3, 0xAD, 0x7C, 0x9D, 0x1E, 0xEA, 0x4C, 0x34, 0x3F, 0xF3, 0xEA, 0xFF, 0x00, 
0xFC, 0x4D, 0x78, 0x41, 0xE4, 0xD7, 0xEA, 0x2F, 0x80, 0x3C, 0x25, 0x27, 0xED, 0x4B, 0xF0, 0x5B, 
0xC4, 0x5E, 0x1B, 0xD6, 0xAD, 0x7C, 0xCF, 0x13, 0x78, 0x4A, 0xD6, 0x46, 0x9B, 0xCC, 0x8F, 0xF7, 
0xBA, 0x85, 0xAF, 0xFC, 0xF4, 0xFF, 0x00, 0xAE, 0x91, 0x57, 0xE6, 0x9F, 0x8F, 0x3C, 0x31, 0x37, 
0x82, 0xBC, 0x61, 0xA8, 0x69, 0x73, 0x7F, 0xAC, 0xB3, 0x99, 0xA2, 0xAF, 0x88, 0xCE, 0xF2, 0xEF, 
0xAA, 0xD6, 0x3D, 0x4C, 0x0E, 0x23, 0xDB, 0x44, 0xC5, 0xA2, 0x8A, 0x2B, 0xC3, 0x3B, 0x82, 0x8A, 
0x28, 0xA0, 0x02, 0x8A, 0x28, 0xA0, 0x02, 0x8A, 0x28, 0xA0, 0x02, 0x9D, 0x1D, 0x34, 0x75, 0xAD, 
0xEF, 0x87, 0x7E, 0x15, 0x9B, 0xC7, 0x1E, 0x32, 0xD3, 0x74, 0xB8, 0x7F, 0xD6, 0x5E, 0x4C, 0xB1, 
0x8A, 0xD6, 0x8D, 0x3E, 0x79, 0x72, 0x81, 0xEB, 0xDF, 0xB2, 0x1F, 0xEC, 0xC3, 0x27, 0xC5, 0xCD, 
0x60, 0x6A, 0xFA, 0x9C, 0x2C, 0xDA, 0x2D, 0x9B, 0x7C, 0xB0, 0xFF, 0x00, 0xCF, 0xEC, 0x9F, 0xDD, 
0xFF, 0x00, 0x76, 0xBE, 0x9C, 0xF1, 0x87, 0xC6, 0xF8, 0xFE, 0x15, 0xBF, 0xF6, 0x6F, 0x86, 0x61, 
0xB5, 0xB8, 0xD6, 0xAD, 0xE3, 0xDB, 0xF6, 0xAF, 0x2F, 0xFD, 0x1F, 0x4F, 0xFF, 0x00, 0xA6, 0x6B, 
0x1F, 0xFC, 0xF5, 0xAE, 0xD3, 0xC7, 0x9E, 0x0F, 0x93, 0xF6, 0x6F, 0xF8, 0x21, 0xE1, 0xBF, 0x0C, 
0xE8, 0xF6, 0x7B, 0x7C, 0x51, 0xE2, 0x6B, 0x5F, 0x32, 0x18, 0x56, 0x3F, 0xF9, 0x07, 0xD9, 0xFF, 
0x00, 0xCF, 0x4F, 0xFB, 0x6B, 0x5E, 0x66, 0x9F, 0x0B, 0xB4, 0xDF, 0x86, 0x9E, 0x18, 0xBA, 0xD6, 
0x35, 0xEB, 0xAF, 0x33, 0xEC, 0xF1, 0xEE, 0x92, 0xBF, 0x4C, 0xCB, 0x72, 0xBA, 0x78, 0x7A, 0x3E, 
0xD4, 0xF9, 0xDC, 0x56, 0x33, 0x9E, 0xA7, 0xB3, 0x38, 0x1D, 0x56, 0x19, 0xAF, 0xEE, 0x66, 0xD7, 
0xBC, 0x43, 0x78, 0xD7, 0xD7, 0x92, 0xFC, 0xD3, 0x5E, 0x5E, 0x49, 0xE6, 0xD7, 0x13, 0xE2, 0x1F, 
0x8C, 0x0B, 0x0F, 0x99, 0x1E, 0x97, 0x6F, 0xE7, 0x37, 0xFC, 0xF6, 0x9B, 0xF7, 0x71, 0x56, 0x6F, 
0x8F, 0xFE, 0x21, 0x5E, 0x7C, 0x4B, 0xD6, 0x3C, 0xC9, 0x23, 0xFB, 0x3E, 0x9F, 0x6F, 0xFF, 0x00, 
0x1E, 0xB6, 0xBF, 0xDC, 0x8E, 0xB0, 0x52, 0x18, 0xF6, 0x7F, 0xD3, 0x4A, 0xE4, 0xC5, 0x63, 0x3F, 
0x94, 0xEA, 0xC3, 0xE1, 0xC9, 0x87, 0xC6, 0x0F, 0x18, 0x68, 0xD7, 0xEB, 0x75, 0x6B, 0xA9, 0x2C, 
0x7E, 0x57, 0xFC, 0xB1, 0xF2, 0x63, 0xF2, 0xAB, 0xD2, 0xBE, 0x1D, 0x7E, 0xD7, 0x56, 0x3A, 0x93, 
0xC7, 0x6F, 0xE2, 0x7B, 0x36, 0xD2, 0x6E, 0x3F, 0xE7, 0xF2, 0xDD, 0x77, 0x5B, 0xFF, 0x00, 0xC0, 
0xA3, 0xFE, 0x1A, 0xF2, 0xF9, 0xA1, 0xFF, 0x00, 0x67, 0xE5, 0xAA, 0x37, 0x9A, 0x3A, 0xDC, 0xED, 
0x93, 0xCB, 0x5F, 0xDD, 0x57, 0x9D, 0x1C, 0x45, 0x45, 0xB9, 0xD5, 0xCB, 0x4C, 0xFA, 0xC3, 0xC4, 
0x1F, 0xF0, 0x8F, 0xF8, 0xFF, 0x00, 0x4E, 0xB5, 0x87, 0x5B, 0xB1, 0xD3, 0x75, 0x8B, 0x3B, 0x88, 
0xFC, 0xD8, 0x66, 0x65, 0xFB, 0xF1, 0xFF, 0x00, 0xCF, 0x48, 0xE4, 0xAF, 0x29, 0xF1, 0xC7, 0xEC, 
0x3F, 0xA2, 0xEB, 0x86, 0x49, 0xBC, 0x33, 0xAB, 0x35, 0x8C, 0x9F, 0xF3, 0xEF, 0x7D, 0xF3, 0x2F, 
0xFD, 0xF5, 0xF7, 0xAB, 0xF4, 0xBB, 0xFE, 0x09, 0xA9, 0xF1, 0x07, 0xE1, 0x2F, 0xED, 0xA7, 0xFB, 
0x18, 0x78, 0x3F, 0xE1, 0xE6, 0xA5, 0xA6, 0xE8, 0x72, 0x78, 0xC3, 0xC0, 0x9A, 0x64, 0x7A, 0x46, 
0xA1, 0xA4, 0xDE, 0x08, 0xE2, 0x9E, 0xE2, 0x35, 0xFF, 0x00, 0x57, 0x77, 0x04, 0x9F, 0xEB, 0x24, 
0x59, 0x3F, 0xF2, 0x14, 0x95, 0xB1, 0xF1, 0x2F, 0xFE, 0x08, 0xB7, 0x0D, 0xCF, 0xDA, 0xAF, 0xBC, 
0x19, 0xE2, 0x45, 0xD0, 0xE1, 0x8B, 0xE6, 0x92, 0x1D, 0x62, 0xEA, 0x3F, 0xB3, 0xC5, 0xFF, 0x00, 
0x6D, 0xBC, 0xCF, 0xDD, 0xD7, 0x47, 0xB1, 0xC2, 0xD6, 0xA7, 0xEF, 0x23, 0x97, 0xF7, 0x94, 0xE5, 
0xEE, 0x9F, 0x8A, 0x9E, 0x38, 0xFD, 0x99, 0xBC, 0x65, 0xE0, 0x24, 0x69, 0xAE, 0xB4, 0x79, 0xEE, 
0x2D, 0x7F, 0xE7, 0xE2, 0xCF, 0xF7, 0xD1, 0x7F, 0xE3, 0xB5, 0xE7, 0xEF, 0x13, 0x44, 0xD5, 0xFA, 
0x0F, 0xE3, 0x9F, 0x12, 0x78, 0x6F, 0xE1, 0x77, 0x8F, 0x6F, 0x3C, 0x3B, 0xFF, 0x00, 0x09, 0xD7, 
0x87, 0x35, 0x8B, 0xAB, 0x39, 0x36, 0xC9, 0x79, 0xA3, 0xCD, 0x24, 0xF6, 0x12, 0xC9, 0xFF, 0x00, 
0x3C, 0xD6, 0x6F, 0xF5, 0x72, 0x56, 0x2F, 0x89, 0xFE, 0x1A, 0xF8, 0x57, 0xE2, 0x0D, 0xB7, 0x9D, 
0xA8, 0x68, 0xFA, 0x6E, 0xA4, 0xB2, 0xFF, 0x00, 0xAB, 0xBA, 0xB5, 0xFD, 0xDB, 0x7F, 0xDF, 0xC8, 
0xEB, 0xCE, 0x96, 0x47, 0x4E, 0x7F, 0xC0, 0x91, 0xD3, 0xF5, 0xCB, 0x7C, 0x47, 0xC2, 0x74, 0xDC, 
0xAD, 0x7D, 0x4F, 0xE2, 0x6F, 0xD8, 0x8F, 0xC3, 0xFA, 0xB9, 0x93, 0xFB, 0x1F, 0x58, 0xBC, 0xD3, 
0x64, 0xFF, 0x00, 0x96, 0x71, 0xDC, 0x47, 0xE7, 0x45, 0xFF, 0x00, 0xC5, 0x57, 0x9E, 0xF8, 0x9F, 
0xF6, 0x28, 0xF1, 0x96, 0x8F, 0xFB, 0xCB, 0x0B, 0x7B, 0x5D, 0x72, 0x1F, 0xEF, 0x58, 0xCD, 0xF3, 
0x7F, 0xDF, 0x2D, 0x5E, 0x4D, 0x7C, 0x9F, 0x13, 0x4B, 0xEC, 0x9B, 0xC3, 0x15, 0x4E, 0x67, 0x8C, 
0x62, 0x8C, 0xD6, 0xE7, 0x88, 0xBC, 0x13, 0xAC, 0x78, 0x3A, 0xE7, 0xC9, 0xD4, 0xF4, 0xEB, 0xED, 
0x36, 0x4F, 0xFA, 0x78, 0x85, 0xA3, 0xAC, 0x5F, 0x2E, 0xBC, 0xFA, 0x94, 0xA7, 0x1F, 0x88, 0xE8, 
0x1B, 0x45, 0x14, 0x56, 0x20, 0x14, 0x51, 0x45, 0x00, 0x14, 0x51, 0x45, 0x00, 0x14, 0x51, 0x45, 
0x00, 0x14, 0x51, 0x45, 0x00, 0x14, 0x51, 0x45, 0x00, 0x14, 0x51, 0x45, 0x00, 0x14, 0x51, 0x45, 
0x00, 0x14, 0x51, 0x45, 0x00, 0x6B, 0x78, 0x4B, 0xC2, 0x5A, 0x97, 0x8D, 0x75, 0x88, 0xEC, 0x74, 
0xBB, 0x59, 0x6E, 0xAF, 0x25, 0xFF, 0x00, 0x56, 0xB1, 0xD7, 0xAB, 0xE8, 0xBF, 0xB1, 0x5E, 0xB5, 
0x34, 0x8B, 0xFD, 0xB3, 0xAF, 0x78, 0x4B, 0x40, 0x8F, 0xFE, 0x5A, 0x7D, 0xA3, 0x52, 0x59, 0x26, 
0x8B, 0xFE, 0xD9, 0xAD, 0x78, 0xB2, 0xBB, 0x43, 0x4D, 0xF3, 0x2B, 0xA2, 0x12, 0x88, 0x1F, 0x50, 
0xF8, 0x63, 0xF6, 0x49, 0xF8, 0x6F, 0x60, 0xEB, 0x1E, 0xA9, 0xE3, 0x8B, 0x8F, 0x10, 0x5E, 0x7D, 
0xE5, 0xB7, 0xD1, 0xD6, 0x35, 0xDF, 0xFF, 0x00, 0xA1, 0x35, 0x7D, 0x2F, 0xF0, 0x77, 0xFE, 0x09, 
0x4B, 0xE3, 0x4F, 0x15, 0xE9, 0x16, 0xFA, 0x97, 0x84, 0xFE, 0x0F, 0xD8, 0x49, 0x67, 0x71, 0xF3, 
0x43, 0x7D, 0xAD, 0x5F, 0x6E, 0xFF, 0x00, 0x81, 0x7C, 0xD5, 0xF2, 0x27, 0xFC, 0x13, 0x77, 0xC3, 
0x51, 0xF8, 0xCF, 0xF6, 0xB4, 0xF0, 0xCE, 0x9B, 0x22, 0xAC, 0x8B, 0x71, 0x25, 0x7F, 0x4A, 0xBF, 
0x0D, 0x3E, 0x15, 0xF8, 0xC3, 0xE2, 0xEB, 0x5A, 0xE9, 0x3E, 0x12, 0xB7, 0x78, 0xF4, 0x9B, 0x38, 
0x63, 0x82, 0x4D, 0x4A, 0xEB, 0xE5, 0xB3, 0xB7, 0xFF, 0x00, 0x77, 0xFE, 0x7A, 0x7F, 0xDB, 0x2A, 
0xFA, 0x4C, 0xBE, 0xAE, 0x1A, 0x14, 0xB9, 0x9C, 0x4E, 0x1C, 0x47, 0xB4, 0x3F, 0x37, 0x7C, 0x1F, 
0xFF, 0x00, 0x04, 0x82, 0xF8, 0xC5, 0xAA, 0xED, 0x87, 0x54, 0xF1, 0x47, 0x82, 0x3C, 0x23, 0x67, 
0xFF, 0x00, 0x3C, 0xE1, 0xF3, 0x27, 0xFF, 0x00, 0xD1, 0x71, 0xC7, 0x5E, 0x43, 0xFB, 0x54, 0x7E, 
0xCE, 0x5F, 0xF0, 0xCC, 0xFF, 0x00, 0x18, 0x3F, 0xE1, 0x09, 0xFE, 0xDE, 0x5F, 0x17, 0x5F, 0x5B, 
0xDA, 0xC7, 0x3D, 0xD5, 0xD5, 0xAC, 0x72, 0x79, 0x49, 0x24, 0x9F, 0xF2, 0xCE, 0xBF, 0xA0, 0xAF, 
0x86, 0x3F, 0xB0, 0x37, 0x85, 0x7C, 0x32, 0x61, 0xBC, 0xF1, 0x35, 0xF5, 0xFF, 0x00, 0x8A, 0xB5, 
0x28, 0xBE, 0x6F, 0xDF, 0x49, 0xE5, 0xD8, 0x45, 0xFF, 0x00, 0x6C, 0x7F, 0xF8, 0xAA, 0xFC, 0xF5, 
0xFF, 0x00, 0x82, 0xB3, 0xFC, 0x0A, 0xD3, 0x7C, 0x07, 0xFB, 0x74, 0xCD, 0x71, 0x61, 0xA3, 0xDA, 
0xDA, 0xD9, 0xF8, 0x8F, 0x41, 0xB5, 0xB9, 0x87, 0x6C, 0x3F, 0x2C, 0xB2, 0x47, 0x24, 0xB1, 0x49, 
0xB7, 0xFF, 0x00, 0x1D, 0xAF, 0x6B, 0x26, 0xCD, 0x28, 0xD7, 0xC4, 0xFB, 0x03, 0xC7, 0xCD, 0x23, 
0x52, 0x95, 0x1F, 0x68, 0x7E, 0x69, 0xE8, 0xFF, 0x00, 0x0B, 0xB5, 0x8D, 0x63, 0xFE, 0x3D, 0xF4, 
0xDB, 0x8F, 0xFB, 0x69, 0xFB, 0xBA, 0xF9, 0xAF, 0xF6, 0xC8, 0xB6, 0xD4, 0x1B, 0xE2, 0xFC, 0x9E, 
0x1B, 0xB8, 0x99, 0xA1, 0xB5, 0xD2, 0x61, 0x8D, 0x9A, 0x15, 0xFF, 0x00, 0x9E, 0x8D, 0x5F, 0xA9, 
0x16, 0x7E, 0x09, 0xD4, 0xAE, 0x5F, 0xFD, 0x1F, 0x4B, 0xB8, 0xFF, 0x00, 0x7B, 0xCB, 0xF9, 0x6B, 
0xE0, 0x0F, 0xF8, 0x29, 0x77, 0xC2, 0x5D, 0x53, 0xE1, 0xD7, 0xED, 0x37, 0xF6, 0xCD, 0x42, 0xCF, 
0xEC, 0xB6, 0xDE, 0x23, 0xD3, 0xE1, 0x96, 0xD6, 0x69, 0x3F, 0x77, 0x14, 0xAC, 0xBF, 0xBB, 0x6F, 
0xFD, 0x96, 0xBE, 0x93, 0x38, 0xC3, 0x72, 0x51, 0xF7, 0x4F, 0x2F, 0x26, 0xC6, 0x73, 0xCB, 0xDE, 
0x3E, 0x64, 0xB3, 0xF0, 0x9D, 0xBA, 0xFF, 0x00, 0x0A, 0xD6, 0x92, 0x58, 0x43, 0x6C, 0x9F, 0xC3, 
0x5E, 0xCD, 0xF0, 0x5B, 0xF6, 0x51, 0xB5, 0xF8, 0x89, 0xFE, 0x95, 0xAD, 0x78, 0xA2, 0xD6, 0xD6, 
0x16, 0xFF, 0x00, 0x57, 0x67, 0x63, 0x34, 0x73, 0xDC, 0x7F, 0xF6, 0xBA, 0xF6, 0x2F, 0x0F, 0x7E, 
0xC9, 0xDF, 0x0D, 0x7C, 0x30, 0x9F, 0xF2, 0x01, 0xFE, 0xD4, 0x93, 0xFE, 0x7A, 0x5F, 0x4D, 0x24, 
0xDF, 0xF9, 0x0E, 0xBE, 0x4E, 0x96, 0x0E, 0xA5, 0x43, 0xDC, 0x9E, 0x63, 0x4E, 0x07, 0xC6, 0xE2, 
0xE6, 0xD6, 0x1F, 0xDD, 0xBC, 0xCB, 0xFB, 0xAA, 0x72, 0x5F, 0xC3, 0x9F, 0xF5, 0xCB, 0x5F, 0x74, 
0x2F, 0xC2, 0x6F, 0x01, 0xAA, 0xB2, 0xC7, 0xE0, 0x7F, 0x0A, 0xAA, 0xFF, 0x00, 0xD7, 0x8C, 0x75, 
0x4E, 0xFF, 0x00, 0xE0, 0x3F, 0xC3, 0xDD, 0x49, 0x1B, 0xCC, 0xF0, 0x4E, 0x83, 0x6F, 0xFF, 0x00, 
0x5C, 0x61, 0xF2, 0xEB, 0x49, 0x65, 0xA6, 0x1F, 0xDA, 0x90, 0x3E, 0x39, 0xF0, 0x96, 0xB7, 0xA9, 
0x78, 0x1B, 0xC4, 0x31, 0xEB, 0x5E, 0x1E, 0xD6, 0x35, 0x6F, 0x0F, 0xEA, 0x5B, 0x76, 0xFD, 0xA3, 
0x4B, 0xBC, 0x9A, 0xDA, 0xE3, 0xCB, 0xFF, 0x00, 0x7A, 0x16, 0x56, 0xAF, 0x6C, 0xFD, 0x8D, 0x7C, 
0x7F, 0xF0, 0xF3, 0xC7, 0x7F, 0xB7, 0x57, 0xC3, 0xBD, 0x73, 0xF6, 0xA0, 0xD5, 0xBC, 0x4B, 0xE3, 
0x2F, 0x86, 0xB6, 0xB7, 0x7F, 0xF1, 0x31, 0x6D, 0x53, 0x50, 0xBB, 0xD4, 0x36, 0x7C, 0xBF, 0xB9, 
0xF3, 0xF7, 0x34, 0x92, 0x7D, 0x9B, 0xCC, 0xDB, 0xE6, 0x2A, 0xFF, 0x00, 0xE8, 0x3B, 0xAB, 0xAA, 
0xF1, 0x57, 0xEC, 0x67, 0xE0, 0x3D, 0x5D, 0x1B, 0xFB, 0x3D, 0xB5, 0x8F, 0x0F, 0xCD, 0xFD, 0xE5, 
0x9B, 0xCF, 0x55, 0xFF, 0x00, 0x80, 0xB5, 0x79, 0x2F, 0xC4, 0xBF, 0xD9, 0x53, 0xC4, 0xDF, 0x0F, 
0x6C, 0xDA, 0xF2, 0xD6, 0x4B, 0x7F, 0x13, 0x68, 0xF1, 0x7C, 0xD2, 0x49, 0x6F, 0x1E, 0xD9, 0xED, 
0xE3, 0xFF, 0x00, 0x6A, 0x3A, 0xF2, 0xF1, 0x59, 0x39, 0xDB, 0x87, 0xCC, 0x79, 0x8F, 0xE8, 0xF3, 
0xF6, 0x9C, 0xFD, 0xA0, 0x3F, 0xE0, 0x9F, 0x09, 0xFB, 0x28, 0xDC, 0x58, 0xF8, 0xBB, 0x5A, 0xF8, 
0x0B, 0x7D, 0xE0, 0x39, 0x74, 0xBD, 0x96, 0x7A, 0x6E, 0x8F, 0x1D, 0x94, 0xD7, 0x17, 0x6B, 0x1A, 
0xFE, 0xED, 0x6C, 0xA1, 0x85, 0x7C, 0xF6, 0x68, 0xBE, 0x5F, 0x2F, 0xCA, 0xAF, 0xC1, 0x7F, 0xD8, 
0xC3, 0xC5, 0x96, 0x7E, 0x26, 0xB0, 0xF1, 0x46, 0x9B, 0xA6, 0xFD, 0xBB, 0xFB, 0x0F, 0x4B, 0xD4, 
0x19, 0xB4, 0xB8, 0x6F, 0x24, 0xF3, 0x6E, 0x2D, 0xED, 0x64, 0x66, 0xDB, 0x1B, 0x7F, 0xB5, 0xB7, 
0x6E, 0xEF, 0xF6, 0xAB, 0xE5, 0xDB, 0x3B, 0x6B, 0x79, 0x9D, 0xA6, 0x8E, 0x15, 0xF9, 0xBE, 0xF3, 
0x79, 0x7B, 0x59, 0xFF, 0x00, 0xDE, 0xAF, 0xAD, 0x3F, 0xE0, 0x9C, 0x7F, 0x0F, 0x6E, 0x26, 0xF0, 
0x67, 0x89, 0x3C, 0x41, 0x70, 0xBE, 0x5C, 0x37, 0xF7, 0x51, 0xDB, 0x5A, 0xFF, 0x00, 0xB7, 0xE5, 
0xD7, 0xA9, 0xC2, 0x78, 0x1A, 0xD4, 0xB1, 0x27, 0x3E, 0x75, 0x5E, 0x9F, 0xD5, 0x8F, 0xAA, 0xBF, 
0x60, 0x0D, 0x2A, 0xDE, 0xC3, 0xF6, 0xE4, 0xF0, 0x4C, 0x77, 0x56, 0xEB, 0x25, 0x9F, 0x88, 0x24, 
0x93, 0x4A, 0xBA, 0x8F, 0xFE, 0x7A, 0xC7, 0x24, 0x75, 0xF9, 0xE7, 0xFF, 0x00, 0x05, 0x91, 0xFD, 
0x9A, 0xA6, 0xFD, 0x94, 0x3F, 0x6F, 0x8F, 0x1B, 0x78, 0x4D, 0xBC, 0xDF, 0x26, 0x0B, 0xAF, 0x3E, 
0xD6, 0x46, 0xFE, 0x38, 0x64, 0xF9, 0x96, 0xBF, 0x52, 0x3F, 0xE0, 0x9E, 0xBF, 0x0B, 0xA6, 0xF1, 
0x97, 0xED, 0xE1, 0xF0, 0xDE, 0xDE, 0xDE, 0x36, 0xFF, 0x00, 0x43, 0xD4, 0x3E, 0xDD, 0x37, 0xFD, 
0x73, 0x8E, 0x39, 0x6B, 0xE6, 0x6F, 0xF8, 0x3B, 0xD2, 0xC3, 0x4B, 0xB5, 0xFF, 0x00, 0x82, 0xA2, 
0x59, 0xFD, 0x86, 0x3F, 0xF4, 0xC9, 0x3C, 0x19, 0xA7, 0xB6, 0xA1, 0xFF, 0x00, 0x5D, 0x3C, 0xEB, 
0x9D, 0xBF, 0xF9, 0x0D, 0x6B, 0x3E, 0x36, 0xAB, 0x1F, 0x6D, 0xC8, 0x4F, 0x0E, 0xF3, 0xFB, 0x1E, 
0x69, 0x1F, 0x94, 0x94, 0x51, 0x45, 0x7C, 0x09, 0xF4, 0x41, 0x45, 0x14, 0x50, 0x01, 0x45, 0x14, 
0x50, 0x01, 0x45, 0x14, 0x50, 0x00, 0x6B, 0xEB, 0x5F, 0xF8, 0x22, 0xEF, 0xEC, 0xF7, 0x75, 0xFB, 
0x50, 0x7E, 0xDF, 0x7E, 0x0B, 0xF0, 0xAD, 0xBA, 0xF9, 0x9F, 0x6C, 0x92, 0x49, 0xA6, 0xFF, 0x00, 
0xA6, 0x50, 0xC7, 0xF3, 0x33, 0x57, 0xC9, 0x8E, 0xB8, 0xDB, 0x5F, 0xAA, 0x3F, 0xF0, 0x68, 0xF5, 
0xBD, 0xBB, 0xFF, 0x00, 0xC1, 0x53, 0x23, 0x37, 0x0A, 0xB2, 0x79, 0x5E, 0x0F, 0xD6, 0x25, 0x87, 
0xFE, 0xBA, 0x6E, 0xB2, 0xFF, 0x00, 0xD9, 0x6B, 0xA3, 0x0F, 0x53, 0x96, 0xA7, 0x31, 0x9D, 0x5F, 
0x84, 0xF5, 0xFF, 0x00, 0xDB, 0x5F, 0x47, 0x86, 0x1F, 0xDB, 0x57, 0xC7, 0x96, 0x70, 0xC7, 0xFE, 
0x8F, 0xA1, 0xDF, 0x47, 0xA4, 0x5A, 0xFF, 0x00, 0xB1, 0x0C, 0x31, 0xAF, 0xEE, 0xFF, 0x00, 0xF4, 
0x2A, 0xF8, 0xE7, 0xF6, 0xFD, 0xD5, 0x64, 0xB0, 0xB3, 0xD0, 0x74, 0x74, 0xFD, 0xDC, 0x77, 0x92, 
0x49, 0x3C, 0x9F, 0xF6, 0xCE, 0xBF, 0x41, 0xBF, 0x6F, 0x2F, 0x85, 0x77, 0x5E, 0x0C, 0xFD, 0xB8, 
0x7E, 0x25, 0x43, 0x75, 0x0B, 0x47, 0xF6, 0xCD, 0x62, 0x4B, 0xE8, 0xF7, 0x7F, 0xCB, 0x58, 0xE6, 
0x8D, 0x5A, 0xBE, 0x21, 0xFF, 0x00, 0x82, 0x90, 0x7C, 0x39, 0xBA, 0x5F, 0x07, 0xF8, 0x77, 0xC4, 
0x11, 0xC3, 0xFB, 0x9B, 0x0B, 0xAF, 0x22, 0x6F, 0xF6, 0x3C, 0xCF, 0xF5, 0x75, 0xFB, 0x14, 0xBD, 
0xEC, 0xBE, 0x32, 0x89, 0xF0, 0xB4, 0x2B, 0xF2, 0xE3, 0xB9, 0x24, 0x7C, 0x93, 0xFE, 0xA9, 0x28, 
0x8E, 0xA3, 0x7D, 0x4A, 0xCD, 0x1F, 0x73, 0xDE, 0x41, 0xBB, 0xFB, 0xBE, 0x72, 0xEE, 0xFF, 0x00, 
0xBE, 0x6B, 0xD2, 0xBE, 0x1A, 0x7E, 0xCD, 0x1E, 0x24, 0xF8, 0x97, 0x6D, 0x1D, 0xC3, 0xC7, 0x6F, 
0xA3, 0xE9, 0xB2, 0xFF, 0x00, 0xCB, 0x6B, 0xCF, 0xBD, 0x2F, 0xFB, 0xB1, 0xD7, 0xC8, 0xC7, 0xD9, 
0xD5, 0xF7, 0x62, 0x7D, 0x45, 0x79, 0xF2, 0x6A, 0x79, 0xCC, 0x94, 0x3C, 0xD1, 0xFF, 0x00, 0xCF, 
0x4A, 0xFA, 0x93, 0xC3, 0x9F, 0xB1, 0x6F, 0x82, 0x74, 0x78, 0x77, 0x6A, 0x97, 0x9A, 0xA6, 0xB9, 
0x37, 0xFD, 0x34, 0x9B, 0xC8, 0x5F, 0xFB, 0xF6, 0xB5, 0xD6, 0x59, 0xFC, 0x05, 0xF8, 0x6F, 0xA5, 
0x24, 0x71, 0xA7, 0x83, 0x74, 0x49, 0x3F, 0xEB, 0xB4, 0x7E, 0x63, 0x56, 0xDF, 0x55, 0x99, 0xC7, 
0xFD, 0xA3, 0x4E, 0x27, 0xC4, 0xEE, 0x90, 0xFD, 0xB2, 0x1B, 0x88, 0xEE, 0xA5, 0xB5, 0xBC, 0xB7, 
0x93, 0x74, 0x33, 0x43, 0x27, 0x96, 0xC9, 0x27, 0xFB, 0x32, 0x57, 0x55, 0xE1, 0x5F, 0x15, 0xC7, 
0xE3, 0x0F, 0x88, 0x5E, 0x15, 0xD3, 0xFE, 0x22, 0xF8, 0xC3, 0xC5, 0xF7, 0x5E, 0x01, 0xB8, 0xD7, 
0x2C, 0xD7, 0x5E, 0xDB, 0x79, 0x71, 0x77, 0x2D, 0xBD, 0x9F, 0x9C, 0xBF, 0x68, 0x92, 0x38, 0x59, 
0x9B, 0x74, 0x9E, 0x46, 0xEF, 0x2F, 0xE5, 0xAF, 0xAC, 0xAE, 0x7E, 0x09, 0xFC, 0x3B, 0x99, 0x3F, 
0xE4, 0x4D, 0xF0, 0xFC, 0x7F, 0xEE, 0xDA, 0xD7, 0x3B, 0xE2, 0x1F, 0xD9, 0x2F, 0xE1, 0xDE, 0xBC, 
0x8D, 0x1A, 0x68, 0xF7, 0x1A, 0x4B, 0x7F, 0xCF, 0x4B, 0x5B, 0xAA, 0xC6, 0xBE, 0x56, 0xEA, 0x6C, 
0x69, 0x1C, 0xD2, 0x99, 0xFB, 0x81, 0xE0, 0x3F, 0xD8, 0x8B, 0xFE, 0x09, 0xCB, 0x7B, 0xFB, 0x35, 
0xDA, 0xEB, 0x3A, 0x4F, 0x85, 0xFF, 0x00, 0x67, 0xDB, 0xEF, 0x01, 0x5A, 0xE9, 0x7F, 0xF2, 0x30, 
0x5E, 0x5D, 0x5A, 0x4D, 0x3F, 0x93, 0x1A, 0xFC, 0xD2, 0x4D, 0x79, 0x23, 0x79, 0xFE, 0x67, 0xF7, 
0x99, 0xBE, 0x6A, 0xFC, 0x1B, 0xD6, 0xF4, 0xEF, 0x01, 0xDA, 0xFF, 0x00, 0xC1, 0x44, 0xBC, 0x6F, 
0xE0, 0x7F, 0x82, 0x3A, 0xA5, 0xF6, 0xB1, 0xF0, 0x9A, 0xE2, 0xFE, 0x6F, 0xF8, 0x47, 0xDA, 0xEE, 
0x59, 0x26, 0xDF, 0x0C, 0x70, 0xAB, 0xFC, 0xAD, 0x27, 0xEF, 0x19, 0x7C, 0xCF, 0x3B, 0x6B, 0x7F, 
0xCB, 0x45, 0xDB, 0x25, 0x71, 0xFE, 0x3E, 0xFD, 0x84, 0x2E, 0xAD, 0xA1, 0x92, 0xF3, 0xC3, 0x1A, 
0x95, 0xAE, 0xAC, 0xDE, 0x66, 0xEF, 0x26, 0xE2, 0x18, 0xFE, 0xD1, 0xFF, 0x00, 0x7F, 0x2B, 0x6B, 
0xFE, 0x09, 0x95, 0xF0, 0x63, 0x5A, 0xF1, 0x6F, 0xED, 0x5F, 0xB6, 0x3B, 0x19, 0x61, 0x93, 0x41, 
0xB4, 0x99, 0xAE, 0xBC, 0xCF, 0xF9, 0x63, 0x23, 0x7E, 0xEB, 0xE6, 0xAC, 0x72, 0xBC, 0xB2, 0xB5, 
0x2C, 0x4C, 0x79, 0x8A, 0xC5, 0x63, 0x68, 0xFB, 0x19, 0x1E, 0xA5, 0xAC, 0x7C, 0x34, 0xD7, 0x34, 
0x1D, 0xCD, 0x26, 0x9F, 0x71, 0x24, 0x71, 0x7F, 0xCB, 0x45, 0x8E, 0xBB, 0x2F, 0xD9, 0x53, 0xF6, 
0x6A, 0x87, 0xF6, 0xAE, 0xF8, 0xC1, 0x27, 0x82, 0x7F, 0xE1, 0x24, 0x5F, 0x05, 0xEA, 0x12, 0xD8, 
0xCD, 0x7D, 0x6B, 0x71, 0x75, 0x0F, 0x99, 0x14, 0xB2, 0x47, 0xFF, 0x00, 0x2C, 0xEB, 0xDF, 0x35, 
0x7F, 0x87, 0xBE, 0x20, 0xD1, 0xDE, 0x49, 0x24, 0xD2, 0x6E, 0x3C, 0x9F, 0xF6, 0x7F, 0x79, 0x5E, 
0xF5, 0xFF, 0x00, 0x04, 0x80, 0xF8, 0x1D, 0x63, 0xF1, 0x47, 0xF6, 0xD8, 0x9A, 0xFB, 0x52, 0xD1, 
0x6D, 0x6E, 0xAC, 0xFC, 0x3B, 0xA0, 0xDD, 0x4F, 0x37, 0x9D, 0x0F, 0xFC, 0xB4, 0x9A, 0x48, 0x95, 
0x7F, 0xF6, 0xA5, 0x7D, 0x96, 0x69, 0xEC, 0xF0, 0xF4, 0x65, 0x58, 0xF9, 0x9C, 0xB7, 0x15, 0xED, 
0x6B, 0x72, 0x9F, 0x32, 0xF8, 0x9F, 0xFE, 0x08, 0xF3, 0xF1, 0x8B, 0x4A, 0x46, 0x8F, 0x49, 0xF1, 
0x47, 0x82, 0xFC, 0x5D, 0x0F, 0xFC, 0xF1, 0x9B, 0xF7, 0x7E, 0x6F, 0xFD, 0xFC, 0xF3, 0x2B, 0xC1, 
0x7E, 0x30, 0x7F, 0xC1, 0x26, 0x3C, 0x79, 0xE1, 0xAD, 0x1E, 0xF3, 0x54, 0xF1, 0x47, 0xC1, 0xDB, 
0x3F, 0xB1, 0xDA, 0xFE, 0xF6, 0xEA, 0xF3, 0x45, 0xD4, 0xA3, 0x56, 0x8B, 0xFD, 0xAF, 0x97, 0xEF, 
0x57, 0xF4, 0x3D, 0xF1, 0x0B, 0xFE, 0x09, 0xFD, 0xE1, 0xBD, 0x61, 0xE6, 0xB8, 0xF0, 0xAE, 0xA9, 
0x75, 0xE1, 0xDB, 0xC9, 0x3E, 0x6F, 0x25, 0x9B, 0xCE, 0xB7, 0xFF, 0x00, 0xED, 0x75, 0xF3, 0xCF, 
0xC5, 0x0F, 0x83, 0xBE, 0x30, 0xF8, 0x41, 0x6D, 0x79, 0x67, 0xE2, 0x8B, 0x1B, 0x89, 0x34, 0xDB, 
0x88, 0x64, 0x55, 0xBE, 0x87, 0xF7, 0xB6, 0xEF, 0xFF, 0x00, 0xC6, 0xEB, 0xE2, 0x69, 0xE3, 0x30, 
0xB8, 0x9F, 0x88, 0xFA, 0xE9, 0x50, 0xAD, 0x4C, 0xFE, 0x71, 0x7C, 0x4F, 0xFB, 0x28, 0x7C, 0x3D, 
0xBF, 0xF2, 0xFF, 0x00, 0xB3, 0xFC, 0x71, 0xFD, 0x87, 0x71, 0x71, 0xF3, 0x2D, 0xBE, 0xA9, 0xB5, 
0xBF, 0xF8, 0x96, 0xAE, 0x33, 0x5B, 0xFD, 0x8E, 0x75, 0xCB, 0x49, 0x19, 0xB4, 0x9D, 0x6B, 0xC3, 
0x7A, 0xE5, 0xBF, 0x69, 0x21, 0xBE, 0x55, 0xDF, 0xFF, 0x00, 0x7D, 0x56, 0xAF, 0xFC, 0x14, 0x67, 
0xC2, 0xB6, 0xFE, 0x0C, 0xFD, 0xAA, 0xFC, 0x49, 0x63, 0x6B, 0xB7, 0xC9, 0x8A, 0x4D, 0xDB, 0x56, 
0xBC, 0x17, 0xCC, 0xCD, 0x7C, 0xFE, 0x2A, 0x54, 0xBD, 0xA5, 0x94, 0x4F, 0x42, 0x8D, 0xDD, 0x33, 
0x4F, 0xC4, 0xBE, 0x18, 0xBD, 0xF0, 0x9E, 0xA9, 0x25, 0x9D, 0xF4, 0x3E, 0x4D, 0xC4, 0x7D, 0x55, 
0x9D, 0x5A, 0xB2, 0xA8, 0xA2, 0xB8, 0x64, 0x68, 0x14, 0x51, 0x45, 0x66, 0x01, 0x45, 0x14, 0x50, 
0x01, 0x45, 0x14, 0x50, 0x01, 0x45, 0x14, 0x50, 0x01, 0x45, 0x14, 0x50, 0x01, 0x45, 0x14, 0x50, 
0x01, 0x45, 0x14, 0x50, 0x01, 0x45, 0x14, 0x50, 0x07, 0xB9, 0x7F, 0xC1, 0x3B, 0x7E, 0x29, 0x69, 
0xBF, 0x05, 0x7F, 0x6D, 0x6F, 0x86, 0x7E, 0x28, 0xD6, 0xFE, 0xCF, 0xFD, 0x87, 0xA4, 0xF8, 0x8A, 
0xCD, 0xF5, 0x4F, 0x3A, 0x4D, 0xAA, 0x96, 0x6D, 0x27, 0x97, 0x3C, 0x9F, 0xF0, 0x08, 0xE4, 0x69, 
0x3F, 0xE0, 0x35, 0xFD, 0xA2, 0x26, 0xB1, 0x6B, 0x61, 0x67, 0x6B, 0x6F, 0x61, 0x1D, 0xBC, 0x3A, 
0x6F, 0x93, 0x1B, 0x42, 0xB0, 0xC7, 0xE5, 0xAB, 0xC7, 0xFF, 0x00, 0x2C, 0xEB, 0xF8, 0x85, 0xF8, 
0x29, 0xF0, 0x77, 0xC4, 0xFF, 0x00, 0x1C, 0xFE, 0x22, 0x69, 0xBE, 0x1B, 0xF0, 0x6E, 0x83, 0xA8, 
0xF8, 0x8B, 0xC4, 0x1A, 0xA4, 0xDE, 0x5D, 0xAE, 0x9F, 0x63, 0x0F, 0x9D, 0x2D, 0xC7, 0xFF, 0x00, 
0x63, 0xFD, 0xE6, 0x6F, 0x96, 0xBF, 0xA9, 0x2F, 0xF8, 0x25, 0x1F, 0xC5, 0xEF, 0x8A, 0x1F, 0x0A, 
0x3F, 0x63, 0xDD, 0x0F, 0xE1, 0xEF, 0xC7, 0x6F, 0x0E, 0xDD, 0x7F, 0xC2, 0x7D, 0xE0, 0xFF, 0x00, 
0x2F, 0x4F, 0xD1, 0xDB, 0x4D, 0xBA, 0x8F, 0x54, 0xBD, 0xD4, 0x34, 0xF5, 0x8E, 0x2F, 0x23, 0xED, 
0x0D, 0x1F, 0xFC, 0xB7, 0x8B, 0xFD, 0x5B, 0x7F, 0xCF, 0x4F, 0x2B, 0xCC, 0xAE, 0xA8, 0xD0, 0xAB, 
0x2F, 0x84, 0xCE, 0x58, 0x8A, 0x70, 0xF8, 0x8F, 0xB9, 0xBF, 0xB6, 0x3C, 0xEA, 0xF9, 0xCF, 0xFE, 
0x0A, 0x6B, 0xFB, 0x35, 0x5E, 0x7E, 0xD1, 0x9F, 0x04, 0xED, 0xF5, 0xCF, 0x0E, 0xC3, 0xE7, 0x78, 
0xCB, 0xC1, 0x32, 0x49, 0x7D, 0x63, 0x0F, 0xF1, 0x5D, 0x43, 0xFF, 0x00, 0x2D, 0xA0, 0xFF, 0x00, 
0xBF, 0x7F, 0xF9, 0x16, 0xBB, 0xE7, 0xF8, 0xF1, 0x1D, 0xB5, 0xB4, 0x97, 0x17, 0x9E, 0x11, 0xF1, 
0x6E, 0x9B, 0x6B, 0x17, 0xFA, 0xC9, 0x26, 0xB1, 0xAB, 0xDE, 0x0E, 0xF8, 0xE3, 0xE1, 0xDF, 0x12, 
0xBC, 0x6D, 0x61, 0xAA, 0x5B, 0xEE, 0xFF, 0x00, 0x9E, 0x72, 0x7E, 0xEE, 0xBB, 0xB0, 0x74, 0x6B, 
0x51, 0xAD, 0x1A, 0xD4, 0x4E, 0x5C, 0x7D, 0x6A, 0x38, 0x8A, 0x3E, 0xC6, 0x47, 0xE7, 0x7F, 0xC2, 
0x2D, 0x2B, 0x4B, 0xF1, 0x9F, 0x86, 0xE1, 0xD4, 0xB5, 0x6D, 0x7A, 0xEA, 0x38, 0xFC, 0xBF, 0xF8, 
0xF3, 0x8E, 0x3F, 0x29, 0x92, 0x4F, 0xF9, 0xE7, 0x5E, 0xDF, 0xFB, 0x3F, 0xFC, 0x1C, 0xF8, 0x4F, 
0xE2, 0xAF, 0x1C, 0xD8, 0xEB, 0x1E, 0x38, 0xF0, 0xAE, 0x9F, 0xAA, 0x5B, 0xF8, 0x7F, 0xF7, 0xFA, 
0x5D, 0xE6, 0xB9, 0x0C, 0x73, 0xC5, 0x6F, 0x37, 0xFC, 0xF4, 0xFD, 0xE5, 0x74, 0xFF, 0x00, 0xB4, 
0xCF, 0xEC, 0x75, 0x24, 0x3E, 0x30, 0x9B, 0xE2, 0x17, 0xC3, 0x7B, 0x7B, 0x7B, 0x8B, 0xA9, 0x64, 
0xF3, 0xF5, 0x4D, 0x17, 0xFE, 0x59, 0x5E, 0xFF, 0x00, 0x7A, 0x48, 0x7F, 0xE9, 0xAD, 0x72, 0x7E, 
0x1B, 0xD7, 0xBF, 0xE1, 0x36, 0xB3, 0x92, 0x6F, 0x13, 0x4D, 0xFD, 0x97, 0x6F, 0x6F, 0xF2, 0xC9, 
0x63, 0x24, 0x7E, 0x5E, 0xCF, 0xFB, 0x67, 0x5F, 0xA0, 0xCB, 0x15, 0x1C, 0x6E, 0x17, 0xD9, 0xB3, 
0xF3, 0x69, 0x51, 0x96, 0x0A, 0xB1, 0xE6, 0xBF, 0xF0, 0x5C, 0x0F, 0x8B, 0xFF, 0x00, 0xB3, 0x0D, 
0x87, 0xC0, 0x95, 0xD0, 0xEC, 0xED, 0xFC, 0x2F, 0x37, 0xC5, 0x9B, 0xC9, 0x23, 0x6F, 0x0D, 0xFF, 
0x00, 0x60, 0xD8, 0xC7, 0x1D, 0xED, 0x8C, 0x9E, 0x67, 0xEF, 0x26, 0x9E, 0x48, 0xD7, 0xF7, 0x70, 
0xF9, 0x7E, 0x67, 0xFA, 0xCF, 0xF5, 0x9F, 0xF2, 0xCE, 0xBF, 0x2D, 0x66, 0xF1, 0x27, 0x9D, 0xFF, 
0x00, 0x5D, 0x2B, 0xF6, 0x03, 0xC7, 0xFF, 0x00, 0xB3, 0xCF, 0xC3, 0xDF, 0xDA, 0xAF, 0x47, 0xBA, 
0xB5, 0xF1, 0x6F, 0x83, 0xEC, 0x24, 0xF0, 0xDD, 0x9C, 0x7B, 0x61, 0xD4, 0x97, 0xF7, 0x77, 0x89, 
0x27, 0xFC, 0xF4, 0x59, 0x2B, 0xE1, 0x1F, 0x8C, 0x7F, 0xF0, 0x47, 0x9D, 0x4A, 0xDB, 0x55, 0xBA, 
0x9B, 0xE1, 0x8F, 0x8F, 0x16, 0xFA, 0xC7, 0xCC, 0xFD, 0xDE, 0x9F, 0xAE, 0x43, 0x24, 0x97, 0x1F, 
0xF7, 0xFA, 0x3A, 0xE2, 0xC3, 0xE1, 0x7E, 0xAF, 0x1E, 0x58, 0xC8, 0xF4, 0x7F, 0xB4, 0xA9, 0xD6, 
0xF8, 0x8F, 0x9A, 0xE4, 0xF1, 0x24, 0x70, 0xF9, 0x9F, 0x35, 0x57, 0x7F, 0x12, 0x7F, 0xB5, 0x5D, 
0x17, 0x8C, 0x3F, 0x61, 0x5F, 0xDA, 0x03, 0xC1, 0x2F, 0x24, 0x77, 0x5F, 0x0E, 0x6E, 0xB5, 0x28, 
0x62, 0xFF, 0x00, 0x96, 0xD6, 0x33, 0x79, 0x8B, 0x2F, 0xFD, 0xFC, 0xF2, 0xEB, 0x9B, 0x4F, 0xD9, 
0xCB, 0xE3, 0x34, 0xD7, 0x9E, 0x4A, 0x7C, 0x2B, 0xF1, 0x54, 0x93, 0x4B, 0xFF, 0x00, 0x4C, 0xE3, 
0x8F, 0xFF, 0x00, 0x6A, 0x57, 0x47, 0xB5, 0x94, 0xCE, 0x8F, 0xDD, 0x07, 0xF6, 0xC7, 0x9D, 0x51, 
0xC1, 0xE2, 0x49, 0x2D, 0x9F, 0x72, 0x4D, 0xE5, 0xF9, 0x35, 0xE8, 0x5E, 0x0C, 0xFF, 0x00, 0x82, 
0x6E, 0x7C, 0x78, 0xF1, 0xB6, 0xD9, 0x2F, 0xB4, 0x1D, 0x1B, 0xC2, 0xB6, 0xF2, 0xFF, 0x00, 0xCB, 
0x6D, 0x4A, 0xFA, 0x3F, 0x36, 0x2F, 0xFB, 0x67, 0x1D, 0x7B, 0x67, 0xC2, 0xBF, 0xF8, 0x25, 0x07, 
0x86, 0xFC, 0x37, 0x73, 0x0D, 0xD7, 0x8F, 0x3C, 0x55, 0x7F, 0xE2, 0xEB, 0x88, 0xBE, 0x6F, 0xB0, 
0xD9, 0xC7, 0xF6, 0x4B, 0x39, 0x64, 0xFF, 0x00, 0x6B, 0xFE, 0x5A, 0xC9, 0x5B, 0x47, 0x0B, 0x29, 
0x99, 0xCB, 0x1F, 0x4E, 0x91, 0xF0, 0xED, 0xAF, 0xEC, 0x2D, 0xAC, 0x7E, 0xD3, 0x9F, 0x16, 0xA3, 
0xBC, 0xF0, 0xAD, 0xBF, 0xF6, 0x6F, 0x86, 0x6F, 0xBE, 0x6D, 0x6B, 0x52, 0xFB, 0xB6, 0xF6, 0xF2, 
0x7F, 0xCB, 0x4D, 0xBF, 0xDE, 0x66, 0xAF, 0xB8, 0x3C, 0x3D, 0xF0, 0x97, 0x4B, 0xF8, 0x57, 0xE0, 
0x9B, 0x1D, 0x17, 0x49, 0x87, 0xEC, 0xFA, 0x5E, 0x8D, 0x0E, 0xD8, 0x7F, 0xF8, 0xE4, 0x95, 0xF4, 
0x23, 0xE8, 0x3A, 0x6E, 0x81, 0xE1, 0xE8, 0x74, 0x9D, 0x2E, 0xCE, 0xDF, 0x4D, 0xD3, 0x6C, 0xFE, 
0x58, 0x6D, 0x61, 0x8F, 0xCA, 0x89, 0x2B, 0xD7, 0x3F, 0x66, 0x0F, 0xF8, 0x27, 0x5D, 0xC7, 0xC5, 
0x7D, 0x5E, 0xCF, 0x5E, 0xF1, 0xA4, 0x2D, 0x63, 0xE1, 0xB8, 0xA4, 0xDD, 0x0D, 0x8B, 0x47, 0xB6, 
0xE3, 0x53, 0xFF, 0x00, 0xE3, 0x71, 0xD7, 0x6F, 0xD6, 0x30, 0xD9, 0x6D, 0x39, 0x4A, 0x46, 0x71, 
0xFA, 0xCE, 0x3A, 0x71, 0x8C, 0x7E, 0x13, 0xA6, 0xFF, 0x00, 0x82, 0x33, 0xFE, 0xCA, 0x33, 0x78, 
0x37, 0x4B, 0xD6, 0x3E, 0x2A, 0x78, 0x8A, 0xD7, 0xEC, 0xF3, 0x6B, 0x31, 0xF9, 0x1A, 0x3F, 0x9D, 
0x1F, 0xEF, 0x52, 0xD7, 0xFE, 0x5A, 0x4D, 0xFF, 0x00, 0x6D, 0x6B, 0xF9, 0xDD, 0xFF, 0x00, 0x82, 
0xD4, 0xFE, 0xD6, 0x31, 0xFE, 0xD9, 0x1F, 0xF0, 0x51, 0xDF, 0x8A, 0x1E, 0x32, 0xB3, 0x99, 0xA6, 
0xD1, 0xE4, 0xD5, 0x9B, 0x4C, 0xD2, 0xB7, 0x1F, 0xF9, 0x75, 0xB2, 0xFD, 0xC4, 0x72, 0x2F, 0xFD, 
0x74, 0x65, 0x9A, 0x4F, 0xFB, 0x6B, 0x5F, 0xB9, 0xDF, 0xF0, 0x71, 0x87, 0xFC, 0x15, 0xAB, 0x4D, 
0xFD, 0x83, 0x7F, 0x66, 0x8B, 0x8F, 0x84, 0x3E, 0x01, 0xD4, 0x6D, 0xED, 0xFE, 0x26, 0xF8, 0xD3, 
0x4F, 0xFB, 0x1C, 0xDF, 0x63, 0x93, 0x6C, 0x9E, 0x18, 0xD3, 0x64, 0xF9, 0x5A, 0x6F, 0x97, 0xFD, 
0x5C, 0xF2, 0x2E, 0xE8, 0xE1, 0xFF, 0x00, 0xB6, 0x92, 0x7F, 0xCB, 0x3A, 0xFE, 0x5F, 0xEF, 0x26, 
0xFB, 0x4D, 0xCE, 0xEA, 0xFC, 0xA3, 0x32, 0xC7, 0x4F, 0x17, 0x88, 0x95, 0x49, 0x1F, 0x7D, 0x82, 
0xC2, 0xFD, 0x5E, 0x8F, 0x29, 0x5E, 0x8A, 0x28, 0xAF, 0x3C, 0xE8, 0x0A, 0x28, 0xA2, 0x80, 0x0A, 
0x28, 0xA2, 0x80, 0x0A, 0x28, 0xA2, 0x80, 0x0A, 0xFA, 0xD7, 0xFE, 0x08, 0xBF, 0xFB, 0x60, 0x43, 
0xFB, 0x10, 0xFF, 0x00, 0xC1, 0x45, 0xFE, 0x19, 0xF8, 0xE3, 0x50, 0xBA, 0x5B, 0x5F, 0x0F, 0xDB, 
0xEA, 0x9F, 0xD9, 0xDA, 0xDB, 0x34, 0x9B, 0x62, 0x4D, 0x3E, 0xED, 0x7C, 0x89, 0xA4, 0x93, 0x77, 
0xF0, 0xC5, 0xB9, 0x66, 0xFF, 0x00, 0xB6, 0x15, 0xF2, 0x55, 0x4F, 0x69, 0x70, 0xD6, 0xD3, 0x2B, 
0x2F, 0xFF, 0x00, 0xB5, 0x40, 0x1F, 0xD6, 0x3F, 0xFC, 0x15, 0xFF, 0x00, 0xF6, 0x5A, 0x9B, 0xC4, 
0xFF, 0x00, 0xD9, 0xBF, 0x13, 0xB4, 0x5B, 0x7F, 0xB5, 0x7D, 0x86, 0x18, 0xED, 0xB5, 0x4F, 0x27, 
0xF7, 0x9E, 0x6C, 0x3F, 0xF2, 0xCE, 0x6A, 0xF8, 0x47, 0xC4, 0x9F, 0x09, 0x7C, 0x3F, 0xF1, 0x6B, 
0xC2, 0x53, 0x68, 0xBE, 0x22, 0xB3, 0x96, 0xFB, 0x45, 0xBF, 0xF2, 0xFE, 0xD5, 0x0C, 0x32, 0x79, 
0x72, 0xBC, 0x7E, 0x67, 0xF0, 0xC9, 0xFF, 0x00, 0x2C, 0xEB, 0xE8, 0xAF, 0xF8, 0x37, 0x1F, 0xFE, 
0x0A, 0xCB, 0xA6, 0xFE, 0xDC, 0x3F, 0xB3, 0xAD, 0xAF, 0xC0, 0xDF, 0x1F, 0x5E, 0x45, 0x71, 0xF1, 
0x13, 0xC1, 0x1A, 0x7F, 0xD9, 0xB4, 0xF9, 0x2F, 0xAE, 0x3C, 0xC6, 0xF1, 0x56, 0x92, 0xB1, 0xED, 
0xFE, 0x2F, 0xBD, 0x73, 0x04, 0x7F, 0xBB, 0x93, 0xFB, 0xCB, 0xB5, 0xBF, 0x8A, 0xBD, 0x43, 0xF6, 
0x9C, 0xFD, 0x80, 0x2E, 0xBE, 0x1A, 0x6B, 0x17, 0x5A, 0xD7, 0x84, 0xED, 0xDA, 0xFB, 0xC3, 0xF2, 
0xC9, 0xE6, 0xCD, 0xA7, 0xAF, 0xFC, 0x7C, 0x69, 0xFF, 0x00, 0xEE, 0xFF, 0x00, 0xCF, 0x45, 0xAF, 
0xD0, 0xF8, 0x77, 0x3A, 0xA7, 0x3A, 0x3F, 0x54, 0xAC, 0x7C, 0x66, 0x75, 0x95, 0xD4, 0x85, 0x4F, 
0xAC, 0xD0, 0x3A, 0x3D, 0x27, 0xE3, 0xF7, 0xEC, 0x33, 0xF0, 0x0F, 0xF6, 0x6D, 0xB3, 0xF0, 0xFE, 
0xA5, 0xA6, 0xFC, 0x32, 0xF0, 0xBF, 0x84, 0xFE, 0xCB, 0xE4, 0x7F, 0x60, 0xDE, 0x68, 0x2B, 0xE6, 
0xDC, 0x48, 0xDF, 0xEB, 0x17, 0x6F, 0x97, 0xFB, 0xE6, 0x97, 0xFF, 0x00, 0x1E, 0xAF, 0xC6, 0xEF, 
0x8A, 0x3E, 0x33, 0xF0, 0xDE, 0xB1, 0xF1, 0x53, 0xC5, 0x17, 0x9E, 0x08, 0xB7, 0x9F, 0x4D, 0xF0, 
0x4D, 0xC6, 0xA1, 0x34, 0xBA, 0x2D, 0x9C, 0xDF, 0x7A, 0xDE, 0xD7, 0xCC, 0xFD, 0xDC, 0x6D, 0x5F, 
0xA2, 0x0F, 0xE0, 0x3D, 0x07, 0xC5, 0xBE, 0x1E, 0x9B, 0x4D, 0xD5, 0xB4, 0xDB, 0x0D, 0x5B, 0x4F, 
0xB8, 0xF9, 0x26, 0xB7, 0xBA, 0x87, 0xCC, 0x5A, 0xF0, 0x7F, 0x8A, 0xFF, 0x00, 0xF0, 0x4A, 0x5F, 
0x0D, 0xF8, 0x9E, 0xE6, 0x6B, 0xCF, 0x00, 0x6B, 0xD7, 0x5E, 0x0D, 0xBA, 0x97, 0xFE, 0x5C, 0x6E, 
0x3F, 0x7F, 0x61, 0xFF, 0x00, 0xDA, 0xEB, 0xD0, 0xA3, 0x90, 0xFB, 0x1A, 0x9E, 0xD2, 0x8D, 0x43, 
0xCC, 0xFE, 0xDB, 0xF6, 0x9E, 0xED, 0x74, 0x7C, 0x9E, 0x9A, 0xF7, 0xC9, 0x47, 0xF6, 0xF6, 0x11, 
0x6B, 0xBE, 0xF1, 0x87, 0xFC, 0x13, 0x97, 0xE3, 0x97, 0x83, 0x1E, 0x49, 0x2D, 0xF4, 0x3D, 0x1B, 
0xC4, 0xD6, 0xB1, 0x7F, 0xCB, 0x4D, 0x3E, 0xFB, 0xCB, 0x66, 0xFF, 0x00, 0xB6, 0x72, 0x57, 0x1F, 
0xFF, 0x00, 0x0C, 0xA3, 0xF1, 0xCB, 0x7F, 0x92, 0x9F, 0x09, 0x7C, 0x47, 0x33, 0x7F, 0xD3, 0x19, 
0x21, 0x93, 0xFF, 0x00, 0x6A, 0x53, 0x94, 0x6A, 0x40, 0xD2, 0x96, 0x22, 0x8C, 0x8C, 0xFF, 0x00, 
0xED, 0xEF, 0xE1, 0xA8, 0xDF, 0x58, 0xFF, 0x00, 0x76, 0x4A, 0xEE, 0x3C, 0x25, 0xFF, 0x00, 0x04, 
0xEB, 0xFD, 0xA2, 0xBC, 0x60, 0xEB, 0x1C, 0x7F, 0x0C, 0x6E, 0xB4, 0xBF, 0x37, 0xFE, 0x5A, 0x6A, 
0x57, 0x51, 0xC7, 0x17, 0xFE, 0x43, 0xF3, 0x2B, 0xDD, 0x3E, 0x14, 0x7F, 0xC1, 0x15, 0x75, 0x29, 
0xAF, 0xED, 0xE6, 0xF8, 0xAF, 0xE3, 0xAB, 0x7B, 0x1B, 0x39, 0x64, 0xFD, 0xE6, 0x9B, 0xA2, 0xC7, 
0x27, 0x9B, 0xFF, 0x00, 0x5C, 0xDA, 0x6A, 0xD2, 0x11, 0xA9, 0x20, 0x9E, 0x2A, 0x8C, 0x0F, 0x9C, 
0x7E, 0x0F, 0xF8, 0x1B, 0x58, 0xF8, 0xFD, 0xE3, 0xFB, 0x3F, 0x0A, 0xF8, 0x5F, 0xF7, 0xDA, 0xC5, 
0xE7, 0xFC, 0xB4, 0xFE, 0x1B, 0x48, 0xFF, 0x00, 0xE7, 0xA3, 0x49, 0xFF, 0x00, 0x2C, 0xD6, 0xBF, 
0x45, 0x3E, 0x0B, 0x7E, 0xC5, 0xBE, 0x17, 0xFD, 0x93, 0xBE, 0x1A, 0x36, 0x9F, 0xAD, 0xE9, 0xAD, 
0xAE, 0x6B, 0xD7, 0xF2, 0x6E, 0xD5, 0x35, 0xEB, 0x18, 0xFE, 0xFC, 0x9F, 0xFC, 0x4D, 0x7B, 0x07, 
0xC3, 0xAF, 0x82, 0xDE, 0x07, 0xFD, 0x89, 0xF4, 0x7B, 0x7D, 0x17, 0xC2, 0xFE, 0x15, 0xB5, 0xD3, 
0x7C, 0x37, 0xAA, 0x47, 0xFB, 0xED, 0x42, 0x18, 0x7C, 0xC9, 0xEE, 0x24, 0xFE, 0xF4, 0x92, 0x7F, 
0xAC, 0xAD, 0x2F, 0x16, 0xEB, 0xD0, 0xF8, 0x49, 0xE1, 0x93, 0x44, 0xBC, 0xFF, 0x00, 0x84, 0x92, 
0xDF, 0x54, 0xF9, 0x63, 0xB3, 0x5F, 0xDE, 0x4B, 0x5D, 0x54, 0x25, 0xEC, 0xB5, 0x3C, 0x4C, 0x56, 
0x2A, 0xA5, 0x5F, 0x76, 0x27, 0xCF, 0x3F, 0x15, 0x34, 0x1B, 0x3F, 0x01, 0xF8, 0x7A, 0xE3, 0x54, 
0xF0, 0xEF, 0x89, 0x35, 0x2B, 0x88, 0x7F, 0xE5, 0x9D, 0x8D, 0xC7, 0xEF, 0x3C, 0xD9, 0x3F, 0xE7, 
0x9A, 0xD7, 0xDC, 0x3F, 0xF0, 0x4D, 0x0F, 0xD9, 0xC6, 0xFB, 0xF6, 0x79, 0xF8, 0x29, 0x36, 0xB9, 
0xE2, 0x68, 0x56, 0xDF, 0xC6, 0x9E, 0x3C, 0xF2, 0xEF, 0xAF, 0xA1, 0xFE, 0x2D, 0x3E, 0x1F, 0xF9, 
0x63, 0x0F, 0xFF, 0x00, 0x1C, 0xFF, 0x00, 0xA6, 0xB2, 0xD7, 0x21, 0xFB, 0x3C, 0xFE, 0xC6, 0xCB, 
0xA1, 0x78, 0xC9, 0x7C, 0x79, 0xF1, 0x02, 0x1B, 0x58, 0xDA, 0xCF, 0xF7, 0xFA, 0x3F, 0x87, 0xFF, 
0x00, 0xD6, 0x2D, 0xBC, 0x9F, 0xF3, 0xDA, 0x6F, 0xFE, 0x37, 0x5E, 0xFD, 0xAC, 0x7C, 0x69, 0xD0, 
0xEC, 0x1D, 0xA6, 0xBC, 0xBE, 0x58, 0xE4, 0xAF, 0x97, 0xCF, 0xB3, 0x2A, 0x98, 0xCF, 0xDC, 0x51, 
0x3E, 0xAF, 0x87, 0xF2, 0xEA, 0x74, 0x7F, 0x7F, 0x58, 0xEF, 0x1F, 0x55, 0xF9, 0xFF, 0x00, 0xD6, 
0x7F, 0xAA, 0xA9, 0x24, 0xD6, 0x2C, 0xEF, 0xF4, 0x9B, 0xC8, 0xF5, 0x4F, 0xB3, 0xC9, 0xA6, 0xC7, 
0x0C, 0x93, 0xDD, 0x79, 0xDF, 0xEA, 0x92, 0x38, 0xFF, 0x00, 0xD6, 0x6E, 0xAF, 0x2F, 0xFF, 0x00, 
0x85, 0xDF, 0x6F, 0x7E, 0x9B, 0xAD, 0x74, 0x7F, 0x10, 0x5F, 0x43, 0xFF, 0x00, 0x3D, 0x21, 0xD3, 
0xE4, 0x92, 0x29, 0x6B, 0xE6, 0xFF, 0x00, 0xF8, 0x2A, 0x67, 0xC5, 0x6F, 0x8A, 0x5F, 0x16, 0x3F, 
0x62, 0xEF, 0x18, 0x7C, 0x3D, 0xF8, 0x0B, 0xA1, 0xDD, 0x5E, 0x7C, 0x46, 0xF1, 0x54, 0x7F, 0xD9, 
0xF7, 0x91, 0xB5, 0xF4, 0x7A, 0x6D, 0xD5, 0x96, 0x9F, 0x27, 0xFA, 0xEF, 0xB3, 0xF9, 0x9B, 0x7F, 
0x7C, 0xCB, 0xF2, 0xAF, 0xFA, 0xBD, 0xBE, 0x6E, 0xEA, 0xF9, 0x3F, 0xAA, 0xD4, 0x3E, 0xB2, 0x58, 
0xEA, 0x6C, 0xFE, 0x63, 0xBF, 0x6F, 0xEF, 0x8A, 0xFA, 0x6F, 0xC6, 0xFF, 0x00, 0xDB, 0x1B, 0xE2, 
0x47, 0x8A, 0x34, 0x5F, 0x2B, 0xFB, 0x0F, 0x59, 0xF1, 0x05, 0xE4, 0xFA, 0x5F, 0x97, 0xF7, 0x7E, 
0xC7, 0xE7, 0x32, 0xC1, 0xB7, 0xFD, 0xE8, 0xD5, 0x5B, 0xFE, 0x05, 0x5E, 0x29, 0x5D, 0xD7, 0xC6, 
0xBF, 0x82, 0xFE, 0x2C, 0xF8, 0x17, 0xF1, 0x07, 0x54, 0xF0, 0xCF, 0x8C, 0xB4, 0x3D, 0x5F, 0xC3, 
0x7A, 0xF6, 0x97, 0x27, 0x91, 0x75, 0x63, 0xAA, 0x5B, 0xB5, 0xB5, 0xC5, 0xBE, 0xDF, 0xFA, 0x67, 
0xFD, 0xDF, 0xEE, 0xB7, 0xDD, 0x6F, 0xE1, 0xAE, 0x16, 0xB9, 0xAA, 0x6E, 0x69, 0x1D, 0x82, 0x8A, 
0x28, 0xAC, 0x8A, 0x0A, 0x28, 0xA2, 0x80, 0x0A, 0x28, 0xA2, 0x80, 0x0A, 0x28, 0xA2, 0x80, 0x0A, 
0x28, 0xA2, 0x80, 0x0A, 0x28, 0xA2, 0x80, 0x0A, 0x28, 0xA2, 0x80, 0x0A, 0x28, 0xA9, 0x28, 0x02, 
0x3A, 0x2A, 0x4A, 0x6A, 0x2D, 0x00, 0x7E, 0xA2, 0x7F, 0xC1, 0xBE, 0x1F, 0x1B, 0xF4, 0xDF, 0x87, 
0x3A, 0x57, 0xC5, 0x0D, 0x37, 0x41, 0xD2, 0xD6, 0xE3, 0xE2, 0x55, 0xFD, 0xBC, 0x32, 0xD8, 0xCD, 
0xFF, 0x00, 0x2F, 0x97, 0x1A, 0x7C, 0x7F, 0xEB, 0xA0, 0x87, 0xFE, 0x05, 0xF3, 0x37, 0xFB, 0xCB, 
0x5F, 0xA3, 0x5F, 0x0A, 0x7F, 0xE0, 0xA7, 0xB6, 0xFF, 0x00, 0x0D, 0x75, 0x48, 0x6F, 0x23, 0xD2, 
0x6E, 0x2D, 0xF5, 0xA8, 0xBF, 0x71, 0x34, 0x37, 0xD0, 0xF9, 0x75, 0xFC, 0xE4, 0xF8, 0x03, 0xC6, 
0x9E, 0x20, 0xF8, 0x5B, 0xE2, 0xAD, 0x3F, 0x5F, 0xF0, 0xFD, 0xF6, 0xA3, 0xA3, 0xEB, 0x1A, 0x5C, 
0xDF, 0x69, 0xB3, 0xBE, 0xB4, 0x91, 0xA1, 0x9E, 0xDD, 0xBF, 0xBC, 0xAD, 0x5F, 0x77, 0x7C, 0x31, 
0xFF, 0x00, 0x82, 0xFA, 0xFC, 0x47, 0x4D, 0x2E, 0x3B, 0x7F, 0x88, 0x3E, 0x0C, 0xF8, 0x6B, 0xF1, 
0x21, 0xE3, 0x87, 0xCB, 0x5B, 0xED, 0x4E, 0xCB, 0xEC, 0x57, 0xF2, 0xC9, 0xFD, 0xE9, 0x24, 0x87, 
0xE5, 0x6F, 0xFB, 0xF6, 0xB5, 0xF4, 0xB9, 0x5E, 0x71, 0x87, 0xA5, 0x47, 0xD8, 0xD7, 0x89, 0xE1, 
0xE6, 0x19, 0x26, 0x22, 0xAD, 0x5F, 0x6D, 0x48, 0xFD, 0xD2, 0xB0, 0xFF, 0x00, 0x82, 0xB0, 0x37, 
0xC4, 0xAD, 0x1D, 0xAD, 0xEC, 0x3F, 0xB2, 0xEC, 0x66, 0x97, 0xE4, 0xFD, 0xE7, 0xEF, 0x2B, 0x8F, 
0xB3, 0xD1, 0xEF, 0x3C, 0x49, 0x73, 0x25, 0xE5, 0x9D, 0xBB, 0x5C, 0x4D, 0x2C, 0x9B, 0xB7, 0x43, 
0x5F, 0x88, 0xFE, 0x38, 0xFF, 0x00, 0x82, 0xE3, 0x78, 0xFB, 0x52, 0x9A, 0x4F, 0xF8, 0x45, 0xFC, 
0x09, 0xF0, 0xA7, 0xC1, 0xF6, 0xFB, 0x7F, 0x77, 0xF6, 0x3D, 0x3E, 0x4B, 0x9B, 0x8F, 0xFB, 0xF9, 
0x24, 0xCB, 0xFF, 0x00, 0xA0, 0xD7, 0x84, 0xF8, 0xE7, 0xFE, 0x0A, 0x4F, 0xFB, 0x40, 0x78, 0xFB, 
0x7C, 0x37, 0x9F, 0x13, 0xBC, 0x51, 0x0C, 0x2D, 0xFF, 0x00, 0x2C, 0x74, 0xFB, 0xC5, 0xB3, 0x55, 
0xFF, 0x00, 0x77, 0xC9, 0xDB, 0x5D, 0x31, 0xCE, 0xB0, 0x34, 0xBF, 0x85, 0x13, 0x97, 0xFD, 0x5E, 
0xC7, 0x54, 0xF8, 0x99, 0xFD, 0x2A, 0x78, 0x7B, 0x5E, 0xF1, 0xC7, 0x81, 0x1B, 0x70, 0xBE, 0x4B, 
0x18, 0x7F, 0xE9, 0xEA, 0xFA, 0x38, 0xD7, 0xFF, 0x00, 0x22, 0x57, 0x1B, 0xF1, 0x5F, 0xF6, 0x81, 
0xF0, 0x88, 0xBC, 0x6B, 0xCF, 0x18, 0xFC, 0x48, 0xF8, 0x63, 0xA3, 0xCD, 0x0F, 0xFA, 0xC9, 0x2E, 
0x35, 0x8B, 0x48, 0x3F, 0xEF, 0xAF, 0xDE, 0x57, 0xF3, 0x07, 0xE3, 0x6F, 0x8B, 0xDE, 0x2C, 0xF1, 
0xD5, 0xEC, 0x72, 0x6B, 0xFA, 0xD6, 0xAD, 0xAC, 0x49, 0x1F, 0xCD, 0xFF, 0x00, 0x13, 0x2B, 0xC9, 
0xAF, 0x7F, 0xF4, 0x73, 0x35, 0x73, 0x53, 0xEA, 0x92, 0x5C, 0x9F, 0xF9, 0x66, 0xBF, 0xEE, 0xC4, 
0xAB, 0x5C, 0xFF, 0x00, 0xEB, 0x17, 0x58, 0xC4, 0xA9, 0x70, 0xCF, 0x37, 0xF1, 0x64, 0x7F, 0x4A, 
0xFA, 0xDF, 0xFC, 0x14, 0x13, 0xE0, 0x4E, 0x85, 0x65, 0x1C, 0x33, 0xFE, 0xD0, 0xDF, 0x0B, 0xE4, 
0xB5, 0xB7, 0xFF, 0x00, 0x97, 0x7B, 0x3D, 0x5B, 0xCF, 0xFF, 0x00, 0xD0, 0x6A, 0xE5, 0x9F, 0xFC, 
0x17, 0xC3, 0xE0, 0x2F, 0x81, 0x2C, 0xE3, 0xB5, 0xB6, 0xF8, 0x83, 0xE0, 0xB9, 0xBC, 0xAF, 0xF9, 
0x6D, 0x0D, 0xAC, 0xAD, 0xFF, 0x00, 0xB2, 0xD7, 0xF3, 0x2D, 0xF6, 0xD9, 0xBF, 0xE7, 0xA4, 0x9F, 
0xF7, 0xD5, 0x27, 0xDB, 0x66, 0xFE, 0xF3, 0x57, 0x3D, 0x6C, 0xF2, 0xAC, 0xCA, 0x5C, 0x37, 0x85, 
0x3F, 0xA6, 0x4F, 0xF8, 0x89, 0x2F, 0xE0, 0xDC, 0x2F, 0xB7, 0xFE, 0x13, 0x7F, 0x0F, 0xC9, 0x1F, 
0xFD, 0x83, 0xE7, 0xFF, 0x00, 0xE3, 0x75, 0x23, 0xFF, 0x00, 0xC1, 0xC2, 0xFF, 0x00, 0x00, 0x3C, 
0x69, 0xBA, 0x1B, 0xFF, 0x00, 0x1B, 0x68, 0xB0, 0xF9, 0x9F, 0xF2, 0xD3, 0xEC, 0xB3, 0xC7, 0xFF, 
0x00, 0xB4, 0xEB, 0xF9, 0x97, 0xF3, 0x1B, 0xFD, 0xAA, 0x3C, 0xE6, 0xFE, 0xF3, 0x56, 0x70, 0xCE, 
0x27, 0x1F, 0x7B, 0x94, 0xD3, 0xFD, 0x5F, 0xA3, 0xDC, 0xFE, 0x94, 0x97, 0xF6, 0xEB, 0xFD, 0x9F, 
0xFE, 0x25, 0x4B, 0xE6, 0x69, 0xBF, 0x1B, 0xBE, 0x1B, 0xDB, 0xCD, 0x3C, 0x9F, 0xBB, 0xB7, 0xBA, 
0xD5, 0xBC, 0x86, 0xFF, 0x00, 0xC8, 0x95, 0xDB, 0x78, 0x4A, 0x1F, 0x07, 0xF8, 0xDA, 0xE6, 0x15, 
0xD3, 0x7E, 0x21, 0x78, 0x0E, 0xF9, 0x65, 0xFF, 0x00, 0x96, 0x90, 0xEB, 0x50, 0xC9, 0x5F, 0xCB, 
0xD7, 0xDB, 0xE6, 0x27, 0xE6, 0x91, 0x9B, 0xFD, 0xEA, 0x93, 0xFB, 0x4D, 0x94, 0x74, 0x8F, 0xFE, 
0xFC, 0xAD, 0x7A, 0x94, 0xF8, 0xB2, 0xB4, 0x23, 0x6E, 0x53, 0x0F, 0xF5, 0x6E, 0x87, 0x31, 0xFD, 
0x96, 0xFE, 0xCF, 0x7F, 0xB3, 0x7F, 0x81, 0xF4, 0x7B, 0x48, 0x75, 0x0B, 0x36, 0xB5, 0xF1, 0x16, 
0xA9, 0x17, 0xCD, 0x25, 0xC5, 0xD4, 0x8B, 0x22, 0xC5, 0xFE, 0xEC, 0x75, 0xF1, 0xC7, 0xFC, 0x15, 
0xE7, 0xFE, 0x0E, 0x2D, 0xF0, 0x3F, 0xEC, 0x3D, 0x61, 0xAB, 0x78, 0x17, 0xE1, 0x3D, 0xE5, 0x8F, 
0x8E, 0xBE, 0x2B, 0x79, 0x72, 0x5B, 0x5D, 0x6A, 0x50, 0xC8, 0xB3, 0xE9, 0x3E, 0x17, 0x93, 0xFD, 
0xAF, 0xF9, 0xED, 0x72, 0xBF, 0xF3, 0xC5, 0x7E, 0xEF, 0xFC, 0xB4, 0x91, 0x6B, 0xF9, 0xD2, 0xF8, 
0x7F, 0xFB, 0x49, 0x78, 0xFB, 0xE1, 0x59, 0x8F, 0xFE, 0x11, 0x9F, 0x18, 0x78, 0xA3, 0x41, 0x8A, 
0x1F, 0xF5, 0x71, 0xE9, 0xFA, 0xC5, 0xC5, 0xB2, 0xFF, 0x00, 0xDF, 0xB5, 0x93, 0x6F, 0xFC, 0x06, 
0xB9, 0xDF, 0x1F, 0x78, 0xF3, 0x51, 0xF8, 0x85, 0xAF, 0xBE, 0xA9, 0xAA, 0x49, 0x1C, 0xFA, 0x94, 
0xDF, 0x34, 0xB7, 0x0B, 0x1A, 0xC6, 0xF7, 0x0D, 0xFF, 0x00, 0x3D, 0x1B, 0x6F, 0xF1, 0x57, 0x83, 
0x8C, 0xC7, 0xD4, 0xC5, 0x54, 0xE6, 0x94, 0x8F, 0x77, 0x0B, 0x87, 0xA7, 0x87, 0x87, 0x2C, 0x0D, 
0x2F, 0x8C, 0x5F, 0x17, 0xFC, 0x41, 0xF1, 0xFB, 0xE2, 0x2E, 0xB5, 0xE2, 0xBF, 0x15, 0x6A, 0xD7, 
0x9A, 0xE7, 0x88, 0x3C, 0x43, 0x74, 0xD7, 0xD7, 0xDA, 0x85, 0xE3, 0xEE, 0x9E, 0xF6, 0x66, 0xFE, 
0x26, 0xFF, 0x00, 0x3B, 0x57, 0xEE, 0xAE, 0xD5, 0xAE, 0x26, 0x8A, 0x2B, 0xCF, 0x3A, 0x02, 0x8A, 
0x28, 0xA0, 0x02, 0x8A, 0x28, 0xA0, 0x02, 0x8A, 0x28, 0xA0, 0x02, 0x8A, 0x31, 0x46, 0x28, 0x00, 
0xA2, 0x8A, 0x28, 0x03, 0xB6, 0xF8, 0x4D, 0xF1, 0x8F, 0x5D, 0xF8, 0x23, 0xE3, 0xED, 0x1F, 0xC5, 
0x1E, 0x15, 0xD5, 0xAF, 0xF4, 0x0D, 0x7B, 0x41, 0xBA, 0x8E, 0xFA, 0xCE, 0xFA, 0xC6, 0x6F, 0x2E, 
0x7B, 0x7B, 0x88, 0xFE, 0xEB, 0x2B, 0x7F, 0x9F, 0xBC, 0xCB, 0xF7, 0x5A, 0xBF, 0xA4, 0x4F, 0xF8, 
0x24, 0x7F, 0xFC, 0x1C, 0x5B, 0xF0, 0xFF, 0x00, 0xF6, 0xE7, 0xD3, 0x34, 0xBF, 0x03, 0xFC, 0x56, 
0xBE, 0xD3, 0xFE, 0x1F, 0xFC, 0x58, 0xC4, 0x76, 0xD0, 0xDF, 0x5D, 0x48, 0xB0, 0x68, 0xDE, 0x2A, 
0x9B, 0xFD, 0x57, 0xEE, 0x64, 0xDD, 0xFB, 0x9B, 0x96, 0xFF, 0x00, 0x9E, 0x2D, 0xFF, 0x00, 0x3D, 
0x3F, 0x76, 0xCD, 0x5F, 0xCC, 0x3B, 0x2E, 0x2B, 0xB7, 0xF8, 0x47, 0xF1, 0xB7, 0x5C, 0xF8, 0x2B, 
0xAD, 0x49, 0xA9, 0x68, 0x0F, 0x63, 0x63, 0xAB, 0x36, 0xDF, 0x2B, 0x50, 0x7B, 0x38, 0xE6, 0xB8, 
0xB4, 0xFF, 0x00, 0xAE, 0x3B, 0xBE, 0x55, 0xAD, 0x29, 0x55, 0xF6, 0x64, 0xD4, 0x87, 0x39, 0xFD, 
0x7F, 0xFE, 0xD0, 0x9F, 0xB3, 0x4F, 0x82, 0x75, 0x74, 0x9B, 0x52, 0xBA, 0xBA, 0xB5, 0xF0, 0xED, 
0xF4, 0xBF, 0x37, 0xDA, 0x21, 0x9A, 0x38, 0xD6, 0xE3, 0xFD, 0xE8, 0xEB, 0xE5, 0x7F, 0x16, 0xCD, 
0xE0, 0xDF, 0x87, 0x57, 0x33, 0x7F, 0x6A, 0x7C, 0x4A, 0xF0, 0x0D, 0xAC, 0x31, 0x7F, 0xCB, 0x4B, 
0xAD, 0x62, 0x18, 0x2B, 0xF9, 0xB7, 0xF1, 0xFF, 0x00, 0xED, 0x4F, 0xF1, 0x13, 0xE2, 0xD2, 0x5C, 
0x2F, 0x89, 0xBC, 0x6D, 0xE2, 0xAD, 0x79, 0x6E, 0x9B, 0xF7, 0x8B, 0xA8, 0x6A, 0xD7, 0x33, 0x2F, 
0xFD, 0xFB, 0xF3, 0x36, 0xFF, 0x00, 0xE3, 0xB5, 0xC2, 0xBE, 0xAD, 0x2C, 0xDF, 0x7B, 0xCB, 0x5F, 
0xF7, 0x62, 0x5A, 0xFA, 0x2C, 0x2F, 0x12, 0x56, 0xA5, 0x0E, 0x53, 0xC0, 0xC5, 0x70, 0xED, 0x1A, 
0xD5, 0x39, 0x8F, 0xE9, 0x2A, 0x6F, 0xF8, 0x28, 0x57, 0xC0, 0x6F, 0x00, 0xBB, 0x49, 0x27, 0xC6, 
0xEF, 0x86, 0xF7, 0x0C, 0xB2, 0x7D, 0xDB, 0x5D, 0x59, 0x67, 0xFF, 0x00, 0xD1, 0x75, 0x4E, 0xF7, 
0xFE, 0x0B, 0xCB, 0xF0, 0x57, 0xC2, 0x5F, 0xB9, 0xB5, 0xF8, 0xA5, 0xA0, 0xFF, 0x00, 0xD7, 0x4B, 
0x5B, 0x19, 0x24, 0xFF, 0x00, 0xDA, 0x75, 0xFC, 0xDC, 0xFD, 0xBA, 0x4F, 0xF9, 0xE8, 0xDF, 0x9D, 
0x2F, 0xDA, 0xA4, 0xFE, 0xF3, 0x51, 0x5F, 0x89, 0x2B, 0x4C, 0x54, 0xB8, 0x6F, 0x0D, 0x03, 0xFA, 
0x2F, 0x7F, 0xF8, 0x38, 0x23, 0xE0, 0xFD, 0xC8, 0xF9, 0xFE, 0x2B, 0x5A, 0xFF, 0x00, 0xE0, 0xAA, 
0x6F, 0xFE, 0x37, 0x52, 0x59, 0xFF, 0x00, 0xC1, 0x6E, 0x3E, 0x0A, 0xF8, 0x93, 0xEF, 0x7C, 0x60, 
0xD0, 0x63, 0x93, 0xFB, 0xD7, 0x16, 0x32, 0x47, 0xFF, 0x00, 0xA1, 0x47, 0x5F, 0xCE, 0x4F, 0x98, 
0x7D, 0x5A, 0x9D, 0xF6, 0xB9, 0x3F, 0xBC, 0xD5, 0x34, 0xB8, 0x8A, 0xB4, 0x4D, 0x3F, 0xD5, 0xDC, 
0x29, 0xFD, 0x31, 0xF8, 0x7B, 0xFE, 0x0A, 0xDF, 0xF0, 0x8B, 0x50, 0xB6, 0x58, 0x4F, 0xC6, 0xBF, 
0x86, 0xB2, 0x5A, 0xB7, 0xFC, 0xB3, 0xBC, 0xBC, 0x58, 0xFF, 0x00, 0xF4, 0x65, 0x7A, 0x3F, 0xC3, 
0x5F, 0xDB, 0x87, 0xC0, 0xBA, 0xE3, 0x2D, 0xC7, 0x85, 0xFC, 0x6D, 0xF0, 0xAB, 0x52, 0xBA, 0x97, 
0xFD, 0x5F, 0xD8, 0xF5, 0x4B, 0x4F, 0x36, 0xBF, 0x95, 0x9F, 0xB4, 0x4F, 0xFF, 0x00, 0x3D, 0x1B, 
0xFE, 0xFE, 0x53, 0x92, 0xFA, 0x48, 0x9B, 0xE5, 0x2B, 0xFF, 0x00, 0x02, 0x0A, 0xD5, 0x5F, 0xEB, 
0x25, 0x4F, 0xB5, 0x13, 0x0F, 0xF5, 0x6A, 0x8F, 0xD9, 0x67, 0xF5, 0xBD, 0x7F, 0xF1, 0xFB, 0xC6, 
0xDA, 0xF3, 0xC7, 0x35, 0xBC, 0x7A, 0x5E, 0xA5, 0x0F, 0xFD, 0x31, 0x9A, 0x39, 0x3C, 0xDF, 0xFB, 
0xF7, 0x58, 0xFF, 0x00, 0x18, 0x3E, 0x21, 0x5E, 0x78, 0xCF, 0x47, 0xB1, 0x86, 0x4F, 0x0C, 0xFF, 
0x00, 0x63, 0xDE, 0x59, 0xC9, 0xBB, 0xCE, 0x8F, 0xF8, 0xEB, 0xF9, 0x5D, 0xF0, 0x67, 0xC5, 0x1F, 
0x14, 0x78, 0x32, 0xF5, 0xA4, 0xD0, 0xF5, 0x2D, 0x53, 0x4D, 0x93, 0xEF, 0x7F, 0xA0, 0x5D, 0x4D, 
0x6D, 0xFF, 0x00, 0xA2, 0x59, 0x6B, 0xD8, 0x7E, 0x18, 0x7F, 0xC1, 0x4D, 0xFF, 0x00, 0x68, 0x5F, 
0x84, 0xB3, 0xC2, 0xBA, 0x3F, 0xC5, 0x0F, 0x15, 0x05, 0x8A, 0x4D, 0xFE, 0x55, 0xFD, 0xDA, 0xDF, 
0x27, 0xFE, 0x4C, 0xF9, 0x95, 0x54, 0xB3, 0xEA, 0x1F, 0x6E, 0x25, 0xCB, 0x87, 0xB1, 0x5F, 0xF2, 
0xEA, 0x47, 0xF4, 0xA7, 0xA7, 0x7F, 0xC1, 0x52, 0x35, 0x8F, 0x85, 0x9E, 0x1B, 0x6B, 0x7D, 0x6A, 
0xCF, 0x44, 0x99, 0x6C, 0xE3, 0xDB, 0x0B, 0x7E, 0xF2, 0x0A, 0xF0, 0x7F, 0x8D, 0xDF, 0xF0, 0x53, 
0x5F, 0x0A, 0xFC, 0x65, 0xD1, 0xEE, 0x2F, 0xA1, 0xD1, 0xF5, 0xC8, 0x7E, 0x24, 0x7F, 0xA8, 0xB1, 
0x6D, 0x1D, 0x7E, 0x5F, 0xFC, 0x77, 0xF7, 0x95, 0xF9, 0x41, 0xE1, 0x2F, 0xF8, 0x2F, 0x57, 0xC4, 
0xC9, 0xEE, 0x63, 0xFF, 0x00, 0x84, 0xDB, 0xC2, 0x5F, 0x0D, 0xFC, 0x65, 0x6F, 0xB7, 0xFE, 0x5E, 
0x2C, 0xE4, 0xB6, 0x97, 0xFE, 0xFA, 0x56, 0x6F, 0xFD, 0x06, 0xA0, 0xF8, 0x8B, 0xFF, 0x00, 0x05, 
0xE5, 0xF8, 0xB5, 0x7D, 0xA4, 0x5E, 0x69, 0xFE, 0x05, 0xD0, 0x3E, 0x1E, 0xFC, 0x37, 0xB6, 0x9F, 
0xE5, 0x5B, 0xAD, 0x1B, 0x4C, 0x59, 0xAF, 0xE2, 0x1F, 0xEC, 0xCD, 0x33, 0x7F, 0xED, 0x3A, 0xAF, 
0xED, 0x3C, 0xBD, 0x7B, 0xF0, 0x89, 0xCF, 0xFE, 0xAF, 0xE6, 0x0F, 0xDD, 0x93, 0x3D, 0x4F, 0xFE, 
0x0E, 0x1E, 0xF8, 0xDD, 0x6F, 0xF1, 0x3B, 0xC0, 0xDF, 0x08, 0x6C, 0xFC, 0x59, 0x67, 0x65, 0xFF, 
0x00, 0x0B, 0x6B, 0x4E, 0xB5, 0xBA, 0x6D, 0x42, 0x6F, 0xDD, 0xFD, 0xBD, 0x34, 0xF6, 0xFF, 0x00, 
0x53, 0x1D, 0xCF, 0x97, 0xFE, 0xD7, 0xCD, 0x1E, 0xEF, 0xEE, 0xC9, 0x5F, 0x95, 0x4C, 0x78, 0xAE, 
0x9B, 0xE2, 0x07, 0x8B, 0xBC, 0x41, 0xF1, 0x37, 0xC4, 0xF7, 0xDA, 0xF7, 0x88, 0x2F, 0x35, 0x1D, 
0x63, 0x56, 0xD5, 0x24, 0xF3, 0xEE, 0xAF, 0xAF, 0x24, 0x69, 0xA7, 0xB8, 0x6F, 0xEF, 0x33, 0x57, 
0x36, 0xFF, 0x00, 0x2C, 0x95, 0xF3, 0xF8, 0xAA, 0xEA, 0xAD, 0x4E, 0x63, 0xE9, 0xB0, 0xF8, 0x59, 
0x50, 0xA5, 0xCA, 0xC8, 0x68, 0xA9, 0x2A, 0x3A, 0xE5, 0x34, 0x0A, 0x28, 0xA2, 0x80, 0x0A, 0x28, 
0xA2, 0x80, 0x0A, 0x28, 0xA2, 0x80, 0x0A, 0x28, 0xA2, 0x80, 0x0A, 0x28, 0xA2, 0x80, 0x0A, 0x28, 
0xA9, 0x28, 0x00, 0xE7, 0x35, 0x3D, 0xAD, 0x94, 0x97, 0x93, 0x6D, 0x55, 0xA8, 0x62, 0x43, 0xBE, 
0xBF, 0x53, 0xBF, 0xE0, 0x8E, 0xDF, 0xB1, 0xCF, 0x86, 0xF4, 0x6F, 0x85, 0x8B, 0xF1, 0x73, 0x5C, 
0xB3, 0xB5, 0xD5, 0xB5, 0xCB, 0xEB, 0xA6, 0xB5, 0xD0, 0xE1, 0xB8, 0x8F, 0xCC, 0x8B, 0x4F, 0x8D, 
0x7E, 0x59, 0x2E, 0x36, 0xFF, 0x00, 0xCF, 0x56, 0xFF, 0x00, 0x96, 0x7F, 0xDD, 0xAE, 0x7C, 0x45, 
0x7F, 0x65, 0x1E, 0x63, 0xE8, 0x38, 0x77, 0x23, 0xAB, 0x99, 0xE2, 0xE3, 0x86, 0x89, 0xF3, 0xB7, 
0xEC, 0xDF, 0xFF, 0x00, 0x04, 0x67, 0xF8, 0xA5, 0xF1, 0xB7, 0x4F, 0xB5, 0xD5, 0xB5, 0x8B, 0x58, 
0x3C, 0x0F, 0xE1, 0xF9, 0xFE, 0x6F, 0xB6, 0x6B, 0x2A, 0xCB, 0x3B, 0xAF, 0xFD, 0x33, 0xB7, 0xFB, 
0xDF, 0xF7, 0xD6, 0xDA, 0xFB, 0x23, 0xE1, 0x5F, 0xFC, 0x11, 0x67, 0xE0, 0x9F, 0x80, 0xAD, 0x21, 
0xFF, 0x00, 0x84, 0x96, 0xF3, 0xC4, 0xFE, 0x38, 0xBE, 0xFF, 0x00, 0x96, 0x9F, 0xE9, 0x3F, 0x60, 
0xB2, 0xFF, 0x00, 0xBF, 0x70, 0xFE, 0xF3, 0xFF, 0x00, 0x22, 0xD7, 0xD5, 0x57, 0x37, 0x13, 0x5F, 
0xDC, 0xF9, 0xD7, 0x53, 0x5C, 0x49, 0x23, 0x7C, 0xDF, 0xEB, 0x2A, 0x4F, 0xF9, 0x6B, 0xBA, 0xBC, 
0x19, 0x66, 0x35, 0x26, 0x7E, 0xFF, 0x00, 0x95, 0xF8, 0x79, 0x97, 0x61, 0x97, 0xEF, 0x63, 0xCC, 
0x79, 0xEF, 0x87, 0x3F, 0x63, 0xAF, 0x81, 0xDE, 0x0A, 0x85, 0x56, 0xC7, 0xE1, 0x0F, 0x82, 0x77, 
0x2F, 0xFA, 0xB9, 0x2F, 0x2C, 0xFE, 0xD8, 0xDF, 0xF7, 0xD4, 0x95, 0xE8, 0x5A, 0x27, 0x85, 0x7C, 
0x37, 0xA4, 0x27, 0xFA, 0x07, 0x82, 0x7C, 0x25, 0x6B, 0x0C, 0x5F, 0xDD, 0xD2, 0xE3, 0xAE, 0xCB, 
0xC0, 0x1F, 0x09, 0x66, 0xD7, 0xB6, 0xDD, 0x5E, 0x47, 0xF6, 0x7B, 0x78, 0xBF, 0xD5, 0xF9, 0x95, 
0x73, 0xE2, 0x27, 0x89, 0xF4, 0xDD, 0x2A, 0xC3, 0xFB, 0x2F, 0x4D, 0x86, 0xDF, 0xCC, 0xFF, 0x00, 
0x96, 0xCD, 0x59, 0x7D, 0x62, 0xA1, 0xF4, 0x74, 0xB2, 0x7C, 0xBE, 0x1E, 0xED, 0x1A, 0x51, 0x38, 
0xBF, 0xF4, 0x19, 0xBE, 0xFF, 0x00, 0x87, 0xFC, 0x35, 0x1C, 0x7F, 0xF3, 0xCF, 0xFB, 0x2E, 0x1F, 
0xFE, 0x37, 0x5C, 0xEF, 0x89, 0x3E, 0x11, 0xFC, 0x39, 0xF1, 0xC1, 0xDB, 0xAE, 0x7C, 0x2F, 0xF8, 
0x7D, 0xAB, 0x33, 0x7D, 0xE6, 0x93, 0x45, 0x87, 0xCD, 0xAE, 0x8B, 0x4B, 0xD2, 0xE6, 0xD7, 0x6F, 
0xD6, 0xCE, 0xD6, 0x16, 0x9A, 0x69, 0x64, 0xFE, 0x1A, 0xF5, 0x0F, 0x0F, 0x7C, 0x3E, 0xD3, 0x7E, 
0x1D, 0x68, 0xF2, 0x6A, 0x5A, 0xD4, 0x91, 0x49, 0x75, 0xE5, 0xFD, 0xD6, 0xAC, 0xBD, 0xB5, 0x40, 
0xC4, 0xE5, 0x38, 0x1F, 0x87, 0xD9, 0x9F, 0x20, 0xFC, 0x41, 0xFF, 0x00, 0x82, 0x64, 0xFE, 0xCF, 
0xBE, 0x3E, 0x93, 0x75, 0xD7, 0xC3, 0xBF, 0xF8, 0x46, 0xEE, 0x9B, 0xFE, 0x5A, 0x68, 0xFA, 0x84, 
0xD6, 0x9F, 0xF9, 0x0D, 0x7F, 0x75, 0x5F, 0x33, 0x7C, 0x6E, 0xFF, 0x00, 0x82, 0x08, 0xD8, 0xEA, 
0x49, 0x75, 0x75, 0xF0, 0xD7, 0xC7, 0x8B, 0x24, 0x9F, 0x7A, 0x3D, 0x37, 0x5E, 0x87, 0xCB, 0x95, 
0xFF, 0x00, 0xD9, 0xF3, 0xA3, 0xFF, 0x00, 0xD9, 0xA3, 0xAF, 0xD0, 0xFF, 0x00, 0x16, 0xF8, 0x93, 
0xFE, 0x12, 0x6D, 0x62, 0x4B, 0xAD, 0xAB, 0x0C, 0x3F, 0xF2, 0xCD, 0x6B, 0x15, 0xFE, 0xE7, 0xC9, 
0xFB, 0xBA, 0xD2, 0x96, 0x65, 0x52, 0x27, 0x87, 0x8C, 0xE0, 0xBC, 0xB3, 0x15, 0x4F, 0x5A, 0x5C, 
0xA7, 0xE0, 0xFF, 0x00, 0xED, 0x0F, 0xFB, 0x27, 0x78, 0xF3, 0xF6, 0x64, 0xF1, 0x17, 0xF6, 0x6F, 
0x8B, 0xFC, 0x3B, 0x79, 0xA5, 0xB3, 0x1F, 0xDC, 0xCD, 0x8F, 0x32, 0xD6, 0xEB, 0xFE, 0xB9, 0xCC, 
0xBF, 0x2B, 0x7F, 0xE8, 0x55, 0xE5, 0xA5, 0x18, 0x7F, 0x15, 0x7F, 0x44, 0x9E, 0x33, 0xF0, 0xAE, 
0x8B, 0xF1, 0x83, 0xC2, 0x57, 0x9E, 0x17, 0xF1, 0x66, 0x9B, 0x6B, 0xAD, 0x68, 0x77, 0xFF, 0x00, 
0x2B, 0x5B, 0xDC, 0x47, 0xBB, 0xCA, 0xFF, 0x00, 0xA6, 0x91, 0xFF, 0x00, 0xCF, 0x3A, 0xFC, 0x41, 
0xFD, 0xB8, 0xFF, 0x00, 0x67, 0x98, 0xFF, 0x00, 0x66, 0x1F, 0xDA, 0x67, 0xC5, 0x5E, 0x0B, 0xB7, 
0xBA, 0xFB, 0x55, 0x9E, 0x97, 0x3F, 0xFA, 0x2C, 0xD2, 0x7D, 0xE7, 0x85, 0x97, 0xCC, 0x5D, 0xDF, 
0xED, 0x7F, 0x0D, 0x7B, 0xD8, 0x3C, 0x57, 0xB5, 0x3F, 0x15, 0xE2, 0xEE, 0x11, 0xFE, 0xC9, 0x97, 
0x34, 0x65, 0xEE, 0x9E, 0x2F, 0x51, 0xD3, 0xA4, 0xA6, 0xD7, 0x71, 0xF0, 0x61, 0x45, 0x14, 0x50, 
0x01, 0x46, 0x71, 0x45, 0x14, 0x00, 0x51, 0x45, 0x3E, 0x28, 0x9A, 0x43, 0xF2, 0xD0, 0x02, 0xEE, 
0xA3, 0xEF, 0x57, 0x59, 0xE0, 0x1F, 0x84, 0x1E, 0x22, 0xF8, 0xA9, 0xAB, 0xAE, 0x9B, 0xE1, 0xDD, 
0x0B, 0x54, 0xD6, 0xB5, 0x0C, 0x7F, 0xC7, 0xBD, 0x8D, 0xAC, 0x97, 0x72, 0xFF, 0x00, 0xDF, 0x31, 
0xAF, 0xCB, 0xFF, 0x00, 0x02, 0xAF, 0xA8, 0xFE, 0x13, 0xFF, 0x00, 0xC1, 0x0C, 0x7E, 0x3D, 0x7C, 
0x46, 0x8B, 0xED, 0x1A, 0x87, 0x87, 0x74, 0xDF, 0x08, 0xD9, 0xFF, 0x00, 0x0C, 0x9A, 0xF6, 0xA7, 
0x1D, 0xA3, 0x4B, 0xFF, 0x00, 0x6C, 0xE3, 0xF3, 0x24, 0xFF, 0x00, 0xC7, 0x6B, 0x39, 0x62, 0x29, 
0xC3, 0xE2, 0x3D, 0x1C, 0x2E, 0x53, 0x8A, 0xC4, 0x7F, 0x0E, 0x07, 0xC6, 0x18, 0x34, 0xDD, 0x98, 
0xAF, 0xD4, 0xFF, 0x00, 0x03, 0x7F, 0xC1, 0xBB, 0xD6, 0x90, 0x49, 0x6F, 0x27, 0x8B, 0x3E, 0x2B, 
0xE9, 0x70, 0xED, 0x5F, 0xDF, 0x5B, 0xE8, 0xDA, 0x4C, 0x93, 0xB6, 0xEF, 0xFA, 0xE9, 0x33, 0x6D, 
0xFF, 0x00, 0xC7, 0x6B, 0xBE, 0xD3, 0xBF, 0xE0, 0x80, 0xBF, 0x05, 0x6D, 0xBF, 0xE3, 0xFF, 0x00, 
0xC7, 0x1F, 0x10, 0xAF, 0x1B, 0xFE, 0x98, 0xC3, 0x65, 0x69, 0xFF, 0x00, 0xB4, 0x64, 0xAE, 0x5F, 
0xED, 0x1A, 0x27, 0xB9, 0x47, 0x83, 0x33, 0x4A, 0x9F, 0x60, 0xFC, 0x73, 0xD8, 0xB4, 0xFF, 0x00, 
0x2E, 0xBF, 0x69, 0x2C, 0x7F, 0xE0, 0x87, 0x5F, 0xB3, 0xCD, 0x89, 0xDB, 0x25, 0xF7, 0xC4, 0x0B, 
0xAF, 0xFA, 0x69, 0x26, 0xAB, 0x02, 0xFF, 0x00, 0xE8, 0x30, 0x56, 0x7E, 0xBB, 0xFF, 0x00, 0x04, 
0x22, 0xF8, 0x17, 0xA8, 0xEE, 0x92, 0xC3, 0xC4, 0xBF, 0x10, 0x34, 0xFF, 0x00, 0xFA, 0x67, 0xF6, 
0xAB, 0x49, 0x95, 0x7F, 0xEF, 0xA8, 0x68, 0xFE, 0xD1, 0xA4, 0x74, 0xFF, 0x00, 0xA8, 0x79, 0x89, 
0xF8, 0xD7, 0xB5, 0x68, 0xF9, 0x6B, 0xF5, 0x5F, 0xC5, 0xBF, 0xF0, 0x6F, 0x9F, 0x84, 0xEF, 0x0E, 
0xED, 0x07, 0xE2, 0xA5, 0xD5, 0xAC, 0x9D, 0xE3, 0xD5, 0xB4, 0x55, 0x65, 0xFF, 0x00, 0xC8, 0x32, 
0x2D, 0x78, 0x57, 0xC4, 0xCF, 0xF8, 0x21, 0x37, 0xC6, 0x4F, 0x07, 0xC1, 0x35, 0xD7, 0x87, 0x7F, 
0xE1, 0x15, 0xF1, 0xA5, 0xBA, 0xC8, 0xDB, 0x13, 0x4B, 0xD5, 0xA3, 0x5B, 0x87, 0x8F, 0xFB, 0xDE, 
0x4C, 0xDE, 0x5F, 0xFD, 0xF3, 0xB9, 0xAB, 0xA2, 0x38, 0xAA, 0x6C, 0xF3, 0xF1, 0x5C, 0x27, 0x98, 
0xD1, 0xF8, 0xA9, 0x1F, 0x0D, 0xBA, 0x60, 0xD2, 0x73, 0xBA, 0xBD, 0x17, 0xE2, 0xE7, 0xEC, 0xCF, 
0xE3, 0x9F, 0x80, 0x37, 0xDF, 0x67, 0xF1, 0x7F, 0x85, 0xB5, 0xCF, 0x0E, 0xCD, 0xE6, 0x6D, 0x4F, 
0xB7, 0x5A, 0xC9, 0x0C, 0x53, 0x37, 0xFB, 0x12, 0x63, 0xCB, 0x7F, 0xF8, 0x0B, 0x57, 0x9E, 0xCD, 
0x0B, 0x43, 0xF7, 0x95, 0x96, 0xB4, 0x4C, 0xF0, 0x2B, 0x61, 0xEA, 0xD2, 0xF7, 0x66, 0x43, 0x45, 
0x14, 0x55, 0x18, 0x05, 0x14, 0x51, 0x40, 0x05, 0x14, 0x51, 0x40, 0x0F, 0xF9, 0xBD, 0xA9, 0xE3, 
0x76, 0x68, 0x09, 0xF2, 0xB5, 0x7B, 0x8F, 0xEC, 0x07, 0xFB, 0x37, 0xC7, 0xFB, 0x56, 0xFE, 0xD4, 
0x3E, 0x17, 0xF0, 0x6D, 0xDC, 0x92, 0x41, 0x61, 0xA8, 0x4A, 0xD2, 0xDF, 0x4C, 0xBC, 0xB2, 0x5A, 
0xC3, 0x19, 0x91, 0xB6, 0xFF, 0x00, 0xDF, 0xBD, 0xBF, 0xF0, 0x2A, 0x89, 0xCF, 0x91, 0x5C, 0xEB, 
0xC2, 0x61, 0x65, 0x88, 0xAD, 0x1A, 0x31, 0xFB, 0x45, 0x0F, 0xD9, 0x97, 0xF6, 0x28, 0xF8, 0x85, 
0xFB, 0x59, 0xEB, 0xD7, 0x16, 0x7E, 0x11, 0xF0, 0xDD, 0xD6, 0xA5, 0x1D, 0x9C, 0x9F, 0xE9, 0x57, 
0x8D, 0xFB, 0x8B, 0x3B, 0x2F, 0xFA, 0xE9, 0x33, 0x7F, 0xE8, 0x3F, 0x7A, 0xBE, 0xE9, 0xF8, 0x33, 
0xFF, 0x00, 0x04, 0x1B, 0xF0, 0xFE, 0x95, 0x6B, 0x0D, 0xC7, 0xC4, 0xAF, 0x1D, 0x49, 0x25, 0xC7, 
0xCB, 0xE6, 0x69, 0xFE, 0x1F, 0x85, 0x7F, 0xEF, 0x9F, 0x3A, 0x6F, 0xFD, 0x95, 0x56, 0xBE, 0xDD, 
0xD0, 0x74, 0xBD, 0x3F, 0xE1, 0xEF, 0x85, 0xAD, 0x7C, 0x3B, 0xE1, 0x9D, 0x3E, 0xD7, 0x45, 0xF0, 
0xEE, 0x9A, 0xBE, 0x45, 0xBD, 0x8D, 0xBA, 0xED, 0x55, 0xFF, 0x00, 0xED, 0x95, 0x71, 0x26, 0xCA, 
0xC7, 0xFD, 0xEA, 0xF9, 0xEC, 0x56, 0x69, 0x53, 0x9B, 0xDD, 0x3F, 0xA0, 0xF8, 0x77, 0xC3, 0x3C, 
0x1D, 0x3A, 0x3E, 0xD7, 0x17, 0xEF, 0x48, 0xF2, 0x5F, 0x02, 0x7F, 0xC1, 0x39, 0xFF, 0x00, 0x67, 
0x5F, 0x87, 0x67, 0xFD, 0x17, 0xE1, 0x9A, 0xEB, 0x77, 0x1F, 0xF3, 0xDB, 0x5C, 0xD4, 0x27, 0xBB, 
0xDD, 0xFF, 0x00, 0x6C, 0xDB, 0xF7, 0x75, 0xE8, 0x9E, 0x1C, 0xF8, 0x4D, 0xF0, 0xD7, 0xC0, 0x8B, 
0xFF, 0x00, 0x12, 0x5F, 0x85, 0xFE, 0x01, 0xD2, 0xFF, 0x00, 0xEB, 0x8E, 0x8F, 0x1F, 0x9B, 0x5B, 
0x56, 0x76, 0x12, 0x5F, 0xDC, 0xF9, 0x36, 0xF1, 0xF9, 0x8D, 0x2D, 0x7A, 0x67, 0x83, 0xFE, 0x15, 
0xD9, 0xF8, 0x6E, 0xC3, 0xFB, 0x4B, 0x5A, 0x91, 0x7F, 0x75, 0xF3, 0x7E, 0xF2, 0xBC, 0xFF, 0x00, 
0xAC, 0x54, 0x99, 0xF6, 0x71, 0xC8, 0xF2, 0xCC, 0x3F, 0xBB, 0x4E, 0x91, 0xE7, 0xBF, 0x66, 0xB1, 
0xB3, 0xB6, 0x59, 0x13, 0xC2, 0xBE, 0x1C, 0x85, 0x7F, 0xE9, 0x9E, 0x9F, 0x1F, 0xFF, 0x00, 0x1B, 
0xAC, 0xDD, 0x67, 0xC3, 0x1E, 0x17, 0xF1, 0x22, 0x49, 0x1E, 0xA5, 0xE0, 0xBF, 0x09, 0x5F, 0x47, 
0x2F, 0xFA, 0xC8, 0xE6, 0xD2, 0xE1, 0x6F, 0xFD, 0xA7, 0x5D, 0x07, 0x8F, 0x3C, 0x5A, 0xBE, 0x2A, 
0xD6, 0x37, 0x47, 0x0A, 0xC3, 0x67, 0x6F, 0xF2, 0xC7, 0xB6, 0x9D, 0xE0, 0xCF, 0x05, 0x5E, 0x78, 
0xF2, 0xF3, 0xFD, 0x1E, 0x1F, 0x2E, 0xDE, 0x29, 0x3F, 0x78, 0xD4, 0x42, 0xB5, 0x43, 0xA7, 0xFB, 
0x27, 0x05, 0xEC, 0xFD, 0xEA, 0x67, 0x91, 0xF8, 0x93, 0xF6, 0x26, 0xF8, 0x17, 0xE3, 0x6B, 0x56, 
0xB7, 0xBC, 0xF8, 0x41, 0xE1, 0x38, 0xD9, 0xBA, 0xB6, 0x9B, 0x6F, 0xF6, 0x16, 0xFF, 0x00, 0xBE, 
0xA1, 0xAF, 0x13, 0xF8, 0xB7, 0xFF, 0x00, 0x04, 0x4E, 0xF8, 0x2B, 0xE3, 0xA8, 0x9B, 0xFE, 0x11, 
0x8D, 0x53, 0xC5, 0x1E, 0x07, 0xD4, 0x1A, 0x3F, 0xDD, 0xF9, 0xD3, 0x7F, 0x6A, 0x59, 0x79, 0x9F, 
0xED, 0x46, 0xDF, 0xBC, 0xFF, 0x00, 0xC8, 0xB5, 0xF7, 0xD7, 0x89, 0xE1, 0xD1, 0xFE, 0x18, 0xE8, 
0x8D, 0x67, 0x6F, 0x0A, 0xDD, 0x6A, 0x93, 0x7F, 0x17, 0xF7, 0x2B, 0xCD, 0x6E, 0x66, 0xFB, 0x4B, 
0xC8, 0xD2, 0x7F, 0xAC, 0xAD, 0x3E, 0xBF, 0x52, 0x27, 0x8F, 0x8A, 0xE1, 0x4C, 0xAF, 0x11, 0x0F, 
0x7A, 0x91, 0xF9, 0x1B, 0xFB, 0x49, 0x7F, 0xC1, 0x16, 0xFE, 0x2A, 0xFC, 0x14, 0xD2, 0xEF, 0x35, 
0x8D, 0x12, 0x1B, 0x3F, 0x1D, 0x78, 0x7E, 0xCF, 0xE6, 0x92, 0xEB, 0x45, 0xDC, 0xD3, 0xA4, 0x7F, 
0xDE, 0x6B, 0x76, 0xFD, 0xE7, 0xFD, 0xF3, 0xBA, 0xBE, 0x3A, 0xBC, 0xB0, 0x9A, 0xC2, 0x46, 0x59, 
0x17, 0x65, 0x7F, 0x46, 0x76, 0x7A, 0xAC, 0xDA, 0x55, 0xCF, 0x99, 0x1C, 0xCD, 0x1B, 0x45, 0x5F, 
0x09, 0xFF, 0x00, 0xC1, 0x68, 0xBF, 0x64, 0x6F, 0x0E, 0xDE, 0xFC, 0x31, 0x8F, 0xE2, 0xFF, 0x00, 
0x87, 0xF4, 0xFB, 0x5D, 0x3B, 0x5C, 0xB5, 0xBE, 0x87, 0x4F, 0xF1, 0x04, 0x76, 0xB1, 0xED, 0x83, 
0x50, 0xF3, 0xBF, 0xD4, 0xCD, 0xE5, 0xFF, 0x00, 0xCF, 0x7D, 0xDF, 0x2B, 0x7F, 0x79, 0x6B, 0xD8, 
0xC0, 0x63, 0xFD, 0xA7, 0xBB, 0x23, 0xF2, 0x7E, 0x32, 0xE0, 0x5A, 0x78, 0x2A, 0x5F, 0x5B, 0xC2, 
0xFC, 0x27, 0xE5, 0x7D, 0x14, 0x1E, 0x28, 0xAF, 0x60, 0xFC, 0x94, 0x28, 0xA2, 0x8A, 0x00, 0x28, 
0xA2, 0x8A, 0x00, 0x28, 0xA2, 0x8A, 0x00, 0x28, 0xA2, 0x8A, 0x00, 0x28, 0xA2, 0x8A, 0x00, 0x9C, 
0x0D, 0xC7, 0xF9, 0x57, 0xE8, 0x0F, 0xFC, 0x12, 0x87, 0xFE, 0x0A, 0x37, 0xA3, 0xFC, 0x1C, 0xD1, 
0xA4, 0xF8, 0x6B, 0xF1, 0x02, 0xE9, 0xAC, 0xFC, 0x29, 0x7D, 0x73, 0xF6, 0x9D, 0x33, 0x54, 0xDB, 
0xBB, 0xFB, 0x1E, 0xE9, 0xBE, 0xF7, 0x9D, 0xFF, 0x00, 0x4C, 0x5B, 0xFF, 0x00, 0x1D, 0xAF, 0xCF, 
0xA0, 0x58, 0x3D, 0x3D, 0x1F, 0x6C, 0x9C, 0x56, 0x75, 0xE8, 0xF3, 0xC4, 0xF5, 0xB2, 0x6C, 0xE2, 
0xB6, 0x5B, 0x89, 0xFA, 0xCD, 0x13, 0xFA, 0x36, 0xB6, 0xB6, 0x92, 0xE7, 0x4A, 0x5D, 0x42, 0xCE, 
0x6B, 0x7D, 0x4B, 0x4D, 0xBD, 0x8F, 0x74, 0x3A, 0x85, 0x9C, 0x9E, 0x7D, 0xBD, 0xC4, 0x7F, 0xF5, 
0xD2, 0xB4, 0x3C, 0x37, 0x7F, 0x67, 0x61, 0xAA, 0xC7, 0x35, 0xC4, 0x7F, 0xB9, 0x8B, 0xF8, 0x6B, 
0xF0, 0x57, 0xE0, 0x37, 0xED, 0xB7, 0xF1, 0x2B, 0xF6, 0x69, 0x9D, 0xBF, 0xE1, 0x0B, 0xF1, 0x66, 
0xB1, 0xA2, 0xC0, 0x5B, 0x73, 0x5B, 0x43, 0x37, 0x99, 0x6B, 0x2F, 0xFB, 0xD0, 0xB6, 0xE5, 0xAF, 
0xAF, 0x3E, 0x16, 0xFF, 0x00, 0xC1, 0x7F, 0x35, 0xE8, 0x52, 0x18, 0x7C, 0x73, 0xE0, 0x5F, 0x0F, 
0x78, 0x83, 0x9F, 0x9A, 0xE3, 0x4E, 0x9A, 0x4D, 0x36, 0x7F, 0xFB, 0xE7, 0xE6, 0x8F, 0xFF, 0x00, 
0x41, 0xAF, 0x0E, 0xAE, 0x59, 0x51, 0x7C, 0x27, 0xEE, 0x39, 0x5F, 0x8A, 0x38, 0x4A, 0xB4, 0xF9, 
0x71, 0x3E, 0xE9, 0xFA, 0x95, 0xE2, 0xDF, 0x8C, 0x77, 0x9A, 0xC5, 0xB7, 0xD8, 0xEC, 0x21, 0x5B, 
0x5B, 0x5F, 0xBB, 0xE6, 0x7F, 0xCB, 0x5A, 0xE4, 0xFE, 0x6D, 0xFB, 0xBC, 0xCF, 0x32, 0x49, 0x7F, 
0xE5, 0xA5, 0x7C, 0x91, 0xE0, 0xFF, 0x00, 0xF8, 0x2D, 0xDF, 0xC0, 0xDF, 0x12, 0x4D, 0xFF, 0x00, 
0x13, 0x4D, 0x17, 0xC7, 0x3E, 0x19, 0x9B, 0xFE, 0x99, 0xC3, 0x0D, 0xED, 0xBF, 0xFE, 0x3B, 0x27, 
0x99, 0x5D, 0xCE, 0x9F, 0xFF, 0x00, 0x05, 0x54, 0xFD, 0x9C, 0x75, 0x02, 0xAC, 0xDE, 0x3C, 0xD6, 
0x2D, 0x7F, 0xDE, 0xF0, 0xE5, 0xEF, 0xFE, 0xD3, 0x5A, 0xE5, 0x96, 0x0E, 0xB1, 0xF4, 0x74, 0x38, 
0xD3, 0x28, 0x7F, 0x0D, 0x53, 0xEB, 0xEF, 0x09, 0x78, 0xD7, 0x47, 0xF0, 0x06, 0x8D, 0xBA, 0xDE, 
0x3F, 0xB4, 0x6A, 0x52, 0xC7, 0xFB, 0xC6, 0xAE, 0x47, 0xC4, 0xFE, 0x2C, 0xBC, 0xF1, 0x6D, 0xE7, 
0x9D, 0x75, 0x27, 0xEE, 0xE2, 0xFF, 0x00, 0x56, 0xB5, 0xF3, 0x9F, 0xFC, 0x3D, 0x3F, 0xF6, 0x6F, 
0x93, 0xE6, 0x7F, 0x88, 0x5A, 0xA4, 0x9F, 0xEE, 0xF8, 0x6E, 0xF7, 0xFF, 0x00, 0x89, 0xAC, 0x8D, 
0x7F, 0xFE, 0x0A, 0xF7, 0xFB, 0x3B, 0xE8, 0x51, 0x33, 0x47, 0xAF, 0x78, 0xBF, 0x58, 0x93, 0xFE, 
0x79, 0xDA, 0xE8, 0x8D, 0x0E, 0xFF, 0x00, 0xFB, 0xFD, 0x53, 0xF5, 0x5A, 0xD2, 0x34, 0x97, 0x17, 
0x65, 0x34, 0xFD, 0xEF, 0x6A, 0x7D, 0x1B, 0xFD, 0xED, 0xFB, 0x76, 0xD3, 0x7C, 0xE9, 0x26, 0x31, 
0xC7, 0x1E, 0xE9, 0x1A, 0x5F, 0xF5, 0x7B, 0x63, 0xAF, 0x89, 0xFC, 0x6F, 0xFF, 0x00, 0x05, 0xDD, 
0xF0, 0x1E, 0x8F, 0x62, 0xD2, 0x78, 0x67, 0xE1, 0xEE, 0xB9, 0xAB, 0x4D, 0xFD, 0xED, 0x6B, 0x54, 
0x86, 0xD1, 0x7F, 0xEF, 0xDC, 0x3B, 0x9A, 0xBE, 0x7A, 0xF8, 0xC7, 0xFF, 0x00, 0x05, 0xBF, 0xF8, 
0xB9, 0xE3, 0xD8, 0x24, 0xB3, 0xD0, 0x24, 0xD2, 0x3C, 0x0F, 0xA7, 0xBB, 0x14, 0xFF, 0x00, 0x89, 
0x2D, 0xB7, 0xFA, 0x53, 0x47, 0xFF, 0x00, 0x5D, 0xE6, 0xDD, 0x8F, 0xFB, 0x66, 0xB1, 0xD6, 0xD4, 
0x72, 0xB9, 0x1E, 0x1E, 0x63, 0xE2, 0x46, 0x5F, 0x87, 0xFE, 0x17, 0xBC, 0x7E, 0x90, 0xFE, 0xD0, 
0xFF, 0x00, 0xB4, 0xFF, 0x00, 0x83, 0x7F, 0x63, 0xCF, 0x0E, 0x7F, 0x6E, 0x78, 0xE3, 0x54, 0xB7, 
0x5B, 0xEF, 0x2F, 0xCD, 0xD3, 0xF4, 0x18, 0x64, 0x8E, 0x5B, 0xFD, 0x4E, 0x4F, 0xFA, 0xE7, 0xFF, 
0x00, 0x2C, 0xE3, 0xFF, 0x00, 0xA6, 0x92, 0xD7, 0xE2, 0x6F, 0xED, 0x35, 0xF1, 0xC3, 0x52, 0xFD, 
0xA3, 0xFE, 0x35, 0x78, 0x83, 0xC6, 0xDA, 0xB2, 0xAC, 0x7A, 0x87, 0x88, 0x2F, 0x1A, 0xEA, 0x48, 
0xD7, 0xEE, 0xC4, 0xBF, 0x75, 0x63, 0xFF, 0x00, 0x80, 0xAA, 0xAA, 0xD7, 0x2F, 0xE2, 0xEF, 0x19, 
0x6A, 0x5E, 0x36, 0xD7, 0x6E, 0xAF, 0xF5, 0x5B, 0xEB, 0xAD, 0x4A, 0xF6, 0xF2, 0x4F, 0x36, 0x6B, 
0xAB, 0xA9, 0xDA, 0x79, 0xE7, 0x6F, 0xF6, 0xA4, 0x6F, 0x99, 0xAB, 0x0C, 0x3E, 0x0F, 0x5A, 0xF7, 
0x30, 0xB8, 0x58, 0xD2, 0x3F, 0x1B, 0xE2, 0x6E, 0x2A, 0xAD, 0x9B, 0x54, 0xF7, 0xBE, 0x12, 0x33, 
0xD6, 0x8A, 0x28, 0xAE, 0xA3, 0xE4, 0x42, 0x8A, 0x29, 0xDE, 0x4B, 0x50, 0x00, 0x07, 0x99, 0x4E, 
0xC7, 0x34, 0xE8, 0x55, 0xA6, 0x6F, 0x97, 0xEF, 0x57, 0xDF, 0x1F, 0xF0, 0x4B, 0xCF, 0xF8, 0x24, 
0xDC, 0x9F, 0xB4, 0xE5, 0xAC, 0x3E, 0x38, 0xF1, 0xD4, 0x77, 0x96, 0x3E, 0x05, 0x49, 0x3F, 0xD0, 
0xED, 0xE1, 0xFD, 0xC5, 0xC6, 0xBB, 0x22, 0xFD, 0xE5, 0x59, 0x3F, 0xE5, 0x9C, 0x1F, 0xDE, 0x93, 
0xFE, 0xF9, 0xFE, 0xF5, 0x67, 0x2A, 0xBC, 0x87, 0xA1, 0x97, 0xE5, 0xF5, 0x71, 0x95, 0x7D, 0x9D, 
0x33, 0xE7, 0x5F, 0xD9, 0x43, 0xF6, 0x08, 0xF8, 0x91, 0xFB, 0x62, 0xEB, 0xF2, 0x5B, 0xF8, 0x3F, 
0x41, 0x96, 0xE3, 0x4F, 0xB3, 0x6D, 0xB7, 0xDA, 0xA5, 0xCB, 0x7D, 0x97, 0x4D, 0xD3, 0xFF, 0x00, 
0xEB, 0xB5, 0xC3, 0x7C, 0xAB, 0xF7, 0xBE, 0xEA, 0xEE, 0x6F, 0xF6, 0x6B, 0xF4, 0x9B, 0xF6, 0x5F, 
0xFF, 0x00, 0x82, 0x1A, 0xFC, 0x37, 0xF8, 0x64, 0x96, 0xF7, 0x1E, 0x36, 0xBC, 0xD5, 0x3E, 0x24, 
0x6B, 0x1E, 0x5E, 0xF7, 0xB0, 0xB2, 0x8E, 0x4B, 0x2D, 0x31, 0x1B, 0xEB, 0xF7, 0xA6, 0xFB, 0xBF, 
0xC4, 0xDB, 0x7F, 0xD9, 0xAE, 0xA7, 0xF6, 0x87, 0xFF, 0x00, 0x82, 0x9C, 0xFC, 0x13, 0xFD, 0x8C, 
0x7C, 0x37, 0x1F, 0x85, 0x3C, 0x39, 0x0D, 0xAF, 0x8A, 0xB5, 0x0D, 0x11, 0x64, 0xB6, 0xB5, 0xF0, 
0xFE, 0x81, 0x24, 0x70, 0x69, 0x7A, 0x6E, 0xDF, 0xE1, 0x9A, 0xE3, 0xEE, 0xFF, 0x00, 0xC0, 0x62, 
0xF3, 0x1A, 0xBF, 0x3F, 0x3F, 0x68, 0x9F, 0xF8, 0x2C, 0x6F, 0xC6, 0x4F, 0x8F, 0x77, 0x57, 0x56, 
0x70, 0xF8, 0x83, 0xFE, 0x10, 0xDF, 0x0F, 0xB7, 0x11, 0xE9, 0xDE, 0x1C, 0xDD, 0x64, 0x9B, 0x7F, 
0xE9, 0xA4, 0xCB, 0xFB, 0xE6, 0xFF, 0x00, 0xBE, 0x97, 0xFD, 0xDF, 0xE1, 0xAE, 0x0F, 0xDF, 0x56, 
0xFF, 0x00, 0x09, 0xF6, 0x7C, 0xB9, 0x36, 0x52, 0xBD, 0xEF, 0xDE, 0xD5, 0xFF, 0x00, 0xC9, 0x4F, 
0xD6, 0xCF, 0x13, 0xFC, 0x63, 0xF8, 0x59, 0xFB, 0x1A, 0xF8, 0x62, 0x3D, 0x3E, 0xF3, 0xC4, 0x1F, 
0x0F, 0x3E, 0x15, 0xE9, 0xEB, 0x1E, 0xF8, 0xB4, 0xBB, 0x1F, 0x25, 0x6F, 0x65, 0x8F, 0xFE, 0xB8, 
0xC3, 0xFB, 0xC9, 0x2B, 0xE7, 0x5F, 0x89, 0xFF, 0x00, 0xF0, 0x5C, 0xAF, 0x82, 0xFE, 0x0D, 0xBF, 
0x92, 0x1D, 0x2F, 0x4E, 0xF1, 0xD7, 0x8D, 0xA6, 0x87, 0xFE, 0x5B, 0x3A, 0x2E, 0x99, 0x6B, 0x37, 
0xFD, 0xFE, 0x6F, 0x33, 0xFF, 0x00, 0x21, 0xD7, 0xE3, 0x85, 0xD6, 0xB1, 0x71, 0x79, 0x34, 0x92, 
0x49, 0x34, 0xCC, 0xF2, 0xFD, 0xF6, 0xDD, 0xF3, 0x3F, 0xFB, 0xD5, 0x49, 0xFF, 0x00, 0xD9, 0xF9, 
0x6B, 0x58, 0xE5, 0xF1, 0xFB, 0x46, 0x15, 0xF8, 0xEF, 0x15, 0xF0, 0xE1, 0xA3, 0xCB, 0x13, 0xF4, 
0xCB, 0xC5, 0x5F, 0xF0, 0x71, 0x0E, 0xA4, 0xF6, 0xD2, 0x7F, 0xC2, 0x3B, 0xF0, 0xA7, 0xC2, 0x1A, 
0x6C, 0xDF, 0xF2, 0xC9, 0xB5, 0x2D, 0x42, 0xE2, 0xFB, 0xFE, 0xFA, 0x55, 0x58, 0xFF, 0x00, 0xF4, 
0x2A, 0xE1, 0xF5, 0x4F, 0xF8, 0x38, 0x37, 0xE3, 0x1D, 0xCE, 0xEF, 0xB0, 0xE9, 0xFF, 0x00, 0x0F, 
0xF4, 0xDF, 0xFA, 0xF7, 0xF0, 0xD7, 0xFF, 0x00, 0x1C, 0xB8, 0x6A, 0xF8, 0xFF, 0x00, 0xE0, 0x77, 
0xC0, 0x1F, 0x17, 0x7E, 0xD1, 0xFE, 0x38, 0xB7, 0xF0, 0xDF, 0x82, 0xFC, 0x3B, 0xA9, 0xF8, 0x83, 
0x58, 0x98, 0xA8, 0x5B, 0x7B, 0x38, 0x77, 0x6D, 0xFF, 0x00, 0x6A, 0x46, 0x6F, 0xDD, 0xC6, 0xBF, 
0xED, 0x3B, 0x2A, 0xD7, 0xD6, 0x5A, 0x1F, 0xFC, 0x11, 0x13, 0x5D, 0xF0, 0xAE, 0xCB, 0xCF, 0x8A, 
0x5F, 0x15, 0x7E, 0x0D, 0xFC, 0x2B, 0xB3, 0xE9, 0x24, 0x3A, 0xA7, 0x88, 0xA3, 0xBB, 0xBA, 0x89, 
0xBF, 0xBA, 0xD1, 0xC3, 0xB5, 0x7F, 0xF2, 0x25, 0x69, 0xF5, 0x7A, 0x50, 0x3C, 0xDF, 0xF5, 0x87, 
0x36, 0xC4, 0xFF, 0x00, 0xCB, 0xD3, 0x26, 0x5F, 0xF8, 0x2F, 0x77, 0xED, 0x03, 0x2B, 0x7F, 0xC8, 
0x77, 0xC3, 0xB1, 0xAF, 0xA2, 0xF8, 0x76, 0xD2, 0xB5, 0xB4, 0xAF, 0xF8, 0x38, 0x07, 0xE3, 0x85, 
0x9A, 0x79, 0x77, 0x52, 0x78, 0x2F, 0x52, 0x5F, 0xFA, 0x78, 0xF0, 0xEC, 0x7F, 0xFB, 0x4E, 0x65, 
0xA9, 0x35, 0x8F, 0xF8, 0x26, 0x67, 0xEC, 0xFB, 0xA0, 0xBA, 0xC7, 0x71, 0xFB, 0x62, 0x7C, 0x35, 
0x92, 0x46, 0xFF, 0x00, 0x9F, 0x1D, 0x0E, 0x4B, 0xB5, 0xFF, 0x00, 0xBE, 0xBE, 0xD5, 0x4E, 0x1F, 
0xF0, 0x4B, 0x5F, 0x82, 0x7A, 0xBE, 0x9F, 0x34, 0x9A, 0x5F, 0xED, 0x7D, 0xF0, 0x7A, 0x69, 0xBF, 
0xE5, 0x9A, 0xEA, 0x50, 0xFD, 0x87, 0xFF, 0x00, 0x6E, 0x3F, 0xF6, 0x5A, 0xCF, 0xD9, 0x51, 0xFE, 
0x51, 0x7F, 0x69, 0x66, 0x9F, 0xF3, 0xFB, 0xFF, 0x00, 0x26, 0x3A, 0xCF, 0x0D, 0x7F, 0xC1, 0xC2, 
0x1E, 0x27, 0x55, 0x5F, 0xF8, 0x49, 0xBE, 0x1A, 0xF8, 0x07, 0x58, 0x93, 0xFE, 0x7A, 0x58, 0xB5, 
0xC6, 0x96, 0xCD, 0xFF, 0x00, 0xA1, 0x57, 0xB1, 0x7C, 0x3D, 0xFF, 0x00, 0x82, 0xEB, 0xFC, 0x1F, 
0xF1, 0x84, 0xD6, 0xD0, 0xEB, 0xFE, 0x16, 0xF1, 0x8F, 0x84, 0xE4, 0x93, 0xE5, 0x92, 0x6B, 0x39, 
0x56, 0xFE, 0xDE, 0x2F, 0xFC, 0x7B, 0x77, 0xFE, 0x3B, 0x5F, 0x17, 0x7C, 0x58, 0xFF, 0x00, 0x82, 
0x43, 0x7C, 0x52, 0xF8, 0x6F, 0xE0, 0xDB, 0xEF, 0x10, 0x68, 0xF7, 0x5E, 0x0B, 0xF8, 0x81, 0xA2, 
0xD8, 0x43, 0x25, 0xCD, 0xC5, 0xE7, 0x85, 0xF5, 0xE8, 0x6F, 0x5A, 0x28, 0x57, 0xF8, 0xBE, 0xCE, 
0xDE, 0x5C, 0xFF, 0x00, 0xF7, 0xCA, 0xB5, 0x7C, 0xA0, 0xE7, 0xE7, 0xE6, 0x8F, 0xAA, 0xD2, 0x91, 
0xD5, 0x4F, 0x8C, 0x33, 0x6A, 0x1F, 0x14, 0x8F, 0xE8, 0x3F, 0xE1, 0xAF, 0xED, 0x53, 0xF0, 0xB7, 
0xF6, 0x91, 0xD2, 0x97, 0x4B, 0xF0, 0xEF, 0xC4, 0x4F, 0x07, 0xF8, 0xB2, 0x3D, 0x41, 0x7E, 0x6D, 
0x0F, 0x5C, 0xDB, 0x0C, 0xF3, 0x2F, 0xFC, 0xF3, 0x6B, 0x7B, 0xAA, 0xF2, 0x0F, 0xDA, 0x63, 0xFE, 
0x08, 0xD5, 0xF0, 0x97, 0xE3, 0x1C, 0x53, 0x5C, 0x68, 0xD6, 0xB7, 0x5F, 0x0C, 0x3C, 0x41, 0x37, 
0xCC, 0xBF, 0x62, 0x87, 0xCF, 0xD2, 0xE5, 0x6F, 0xF6, 0xAD, 0xFF, 0x00, 0xE5, 0x9F, 0xFD, 0xB0, 
0x65, 0xAF, 0xC5, 0x71, 0xA9, 0x48, 0x8E, 0xAC, 0xAC, 0xC3, 0x6F, 0xDD, 0xDC, 0x77, 0x57, 0xD1, 
0x9F, 0xB3, 0xAF, 0xFC, 0x15, 0x33, 0xE3, 0x07, 0xEC, 0xD8, 0xD6, 0xF6, 0xFA, 0x5F, 0x89, 0xA5, 
0xD6, 0x34, 0x5B, 0x7F, 0x97, 0xFB, 0x1F, 0x5A, 0xDD, 0xA8, 0x58, 0x6D, 0xFF, 0x00, 0x67, 0x73, 
0x6E, 0x8F, 0xFE, 0xD9, 0x34, 0x75, 0x9F, 0xD4, 0xEA, 0x43, 0xF8, 0x72, 0x3D, 0x5A, 0x7C, 0x59, 
0x82, 0xC6, 0xC7, 0xD9, 0xE6, 0x54, 0x8A, 0x3F, 0xB5, 0xFF, 0x00, 0xFC, 0x13, 0x8F, 0xE2, 0x2F, 
0xEC, 0x6D, 0x7C, 0xB3, 0x78, 0x8B, 0x49, 0x5B, 0xEF, 0x0E, 0xDC, 0x49, 0xB6, 0xD7, 0x5C, 0xD3, 
0x64, 0xF3, 0xB4, 0xE9, 0xFF, 0x00, 0xD9, 0xF3, 0x3F, 0xE5, 0x9C, 0x9F, 0xEC, 0xB7, 0xFE, 0x3D, 
0x5F, 0x3C, 0xC9, 0x09, 0x47, 0x22, 0xBF, 0x68, 0xFF, 0x00, 0x66, 0x6F, 0xF8, 0x2B, 0x97, 0xC2, 
0x7F, 0xDA, 0x7F, 0x4C, 0x93, 0xC2, 0xBE, 0x34, 0xB1, 0xB3, 0xF0, 0x6D, 0xD6, 0xB0, 0xBF, 0x66, 
0xBA, 0xD3, 0x75, 0x69, 0x3E, 0xDD, 0xA1, 0xEA, 0xBB, 0xBE, 0x5D, 0xBB, 0x99, 0x7F, 0x77, 0xFE, 
0xEB, 0x6D, 0xAF, 0x96, 0xBF, 0xE0, 0xAA, 0xBF, 0xF0, 0x4B, 0x15, 0xFD, 0x9C, 0x2D, 0xA4, 0xF8, 
0x8D, 0xE0, 0x08, 0xE5, 0xBA, 0xF8, 0x7F, 0x79, 0x22, 0xAD, 0xD5, 0xBF, 0x99, 0xE7, 0x36, 0x89, 
0x24, 0x9F, 0xEA, 0xD7, 0xCC, 0xFF, 0x00, 0x96, 0x90, 0xB7, 0xF0, 0xB7, 0xF0, 0xFF, 0x00, 0xE8, 
0x3A, 0x50, 0xC4, 0xCF, 0xE1, 0xAA, 0x79, 0x39, 0xB6, 0x41, 0x41, 0xD2, 0xFA, 0xD6, 0x5D, 0x2E, 
0x68, 0x9F, 0x9F, 0x74, 0x53, 0xE6, 0x1F, 0x3D, 0x27, 0x97, 0x5D, 0xC7, 0xC6, 0x8D, 0xA2, 0xA4, 
0xA8, 0xC7, 0x34, 0x00, 0xF8, 0xCF, 0x15, 0xEA, 0x9F, 0xB2, 0x87, 0xED, 0x0B, 0xAA, 0x7E, 0xCB, 
0x5F, 0x1C, 0xF4, 0x2F, 0x19, 0xE9, 0x91, 0xAC, 0xD7, 0x5A, 0x3C, 0xDB, 0xDA, 0x19, 0x7E, 0xE5, 
0xC4, 0x32, 0x29, 0x59, 0x23, 0x6F, 0xF7, 0x95, 0x8D, 0x79, 0x65, 0x39, 0x9F, 0x85, 0x22, 0xA6, 
0x51, 0xE7, 0xF7, 0x4E, 0x8C, 0x2E, 0x26, 0x58, 0x7A, 0xD1, 0xAD, 0x03, 0xF7, 0xFB, 0xF6, 0x7C, 
0xFD, 0xA0, 0x3C, 0x1F, 0xFB, 0x5D, 0xF8, 0x4F, 0xFB, 0x7B, 0xC0, 0x5A, 0xA4, 0x77, 0xD3, 0xF9, 
0x71, 0xCB, 0xA8, 0x68, 0x33, 0x49, 0xB7, 0x52, 0xD3, 0x24, 0xFF, 0x00, 0x6A, 0x1F, 0xF9, 0x69, 
0x1F, 0xFD, 0x34, 0x8B, 0xE5, 0xAE, 0xC9, 0x3F, 0x72, 0xFE, 0x5B, 0xAB, 0x47, 0x5F, 0xCF, 0x7F, 
0x81, 0x3E, 0x23, 0x6B, 0x1F, 0x0F, 0xFC, 0x41, 0x6F, 0xAA, 0x68, 0xDA, 0xA6, 0xA1, 0xA5, 0xEA, 
0x16, 0xAD, 0x98, 0x6E, 0xAC, 0xAE, 0x5A, 0xDA, 0x78, 0xBF, 0xDD, 0x91, 0x7E, 0x6A, 0xFA, 0xF3, 
0xE1, 0x37, 0xFC, 0x17, 0x2B, 0xE2, 0xC7, 0x84, 0x0C, 0x36, 0xFE, 0x28, 0x8F, 0xC3, 0xFE, 0x3E, 
0xB3, 0x56, 0xFD, 0xE7, 0xF6, 0xBD, 0xAF, 0x97, 0x75, 0xB7, 0xFE, 0xBB, 0x43, 0xB7, 0xFF, 0x00, 
0x41, 0x6A, 0xF0, 0xEB, 0xE5, 0x7F, 0xCA, 0x7E, 0xDB, 0x91, 0xF8, 0xA3, 0x4A, 0x34, 0xFD, 0x96, 
0x2D, 0x1F, 0xAF, 0xDE, 0x0B, 0xF1, 0x6E, 0x9F, 0xE1, 0x2B, 0x29, 0x26, 0x75, 0xF3, 0xAF, 0x3F, 
0xDA, 0xAC, 0xFF, 0x00, 0x13, 0xF8, 0xF2, 0xFB, 0xC6, 0x77, 0x3F, 0xE9, 0x12, 0x3C, 0x76, 0xBF, 
0xF2, 0xCE, 0x38, 0xFF, 0x00, 0xD5, 0x57, 0xC2, 0x1E, 0x10, 0xFF, 0x00, 0x82, 0xF1, 0x7C, 0x39, 
0xD4, 0x61, 0x56, 0xF1, 0x17, 0xC3, 0xBF, 0x11, 0xE9, 0x33, 0x6E, 0xF9, 0x97, 0x49, 0xD4, 0x21, 
0xBD, 0x83, 0xFE, 0x03, 0xE7, 0x6D, 0x6A, 0xF4, 0xDD, 0x0F, 0xFE, 0x0A, 0xE7, 0xFB, 0x3B, 0xF8, 
0x82, 0x0D, 0xD3, 0x78, 0x93, 0xC4, 0xDA, 0x5F, 0xFB, 0x37, 0x3A, 0x14, 0xD2, 0x7F, 0xE8, 0xBF, 
0x32, 0xB8, 0xFF, 0x00, 0xB3, 0xEB, 0x9F, 0x63, 0x43, 0x8D, 0xB2, 0x7A, 0xBE, 0xF7, 0xB5, 0x3E, 
0x96, 0xD2, 0xAD, 0xE1, 0xBF, 0xBF, 0x85, 0x6E, 0x1B, 0xCB, 0xB5, 0xF3, 0x3F, 0x79, 0x5D, 0xE6, 
0xB7, 0xF1, 0x82, 0xCF, 0x41, 0xD2, 0x96, 0xC7, 0x41, 0x5F, 0x95, 0x63, 0xDB, 0xBA, 0xBE, 0x3F, 
0x3F, 0xF0, 0x54, 0xCF, 0xD9, 0xCE, 0x4F, 0xF9, 0xA8, 0xDA, 0xA4, 0x7F, 0xF7, 0x2D, 0xDF, 0xFF, 
0x00, 0xF1, 0x35, 0x06, 0xA1, 0xFF, 0x00, 0x05, 0x53, 0xFD, 0x9D, 0x2C, 0xD3, 0xF7, 0x3E, 0x36, 
0xD6, 0x2E, 0xB6, 0xFF, 0x00, 0x0C, 0x3E, 0x1A, 0xBC, 0xFF, 0x00, 0xDA, 0x8B, 0x51, 0xF5, 0x0A, 
0xE7, 0x65, 0x7E, 0x30, 0xCA, 0xBF, 0xE7, 0xEC, 0x4F, 0xA1, 0xEF, 0x2F, 0xDA, 0xFE, 0xF2, 0x49, 
0xA4, 0x66, 0x92, 0x69, 0xA4, 0xA8, 0x7C, 0xE5, 0xFD, 0xDF, 0xFC, 0xB4, 0xAF, 0x90, 0xBC, 0x53, 
0xFF, 0x00, 0x05, 0xB7, 0xF8, 0x2B, 0xE1, 0xF9, 0xA4, 0x8F, 0x49, 0xD0, 0xFC, 0x77, 0xAF, 0x49, 
0xFD, 0xE9, 0xA3, 0xB6, 0xB2, 0xB7, 0xFF, 0x00, 0xC7, 0x9B, 0xCC, 0xAF, 0x1A, 0xF8, 0xAB, 0xFF, 
0x00, 0x05, 0xF6, 0xF1, 0x44, 0xEB, 0xE4, 0xF8, 0x1F, 0xC1, 0x3E, 0x18, 0xF0, 0xDF, 0xFD, 0x3C, 
0x5F, 0x48, 0xDA, 0xA4, 0xE7, 0xFF, 0x00, 0x41, 0x55, 0x6F, 0xFB, 0xEA, 0xAE, 0x39, 0x5D, 0x67, 
0xB9, 0xE4, 0xE2, 0xBC, 0x45, 0xCA, 0xA8, 0xD3, 0xFD, 0xDC, 0x8F, 0xD1, 0xED, 0x56, 0x18, 0xF4, 
0xAD, 0x12, 0xF3, 0x56, 0xD4, 0xEF, 0x2C, 0x34, 0x7D, 0x1E, 0xCE, 0x39, 0x27, 0xBA, 0xD4, 0xAF, 
0xA6, 0x8E, 0x0B, 0x5B, 0x78, 0xFF, 0x00, 0xE7, 0xA3, 0x49, 0x25, 0x7E, 0x65, 0x7F, 0xC1, 0x58, 
0x3F, 0xE0, 0xA3, 0x3A, 0x0F, 0xC7, 0x0D, 0x2E, 0xC3, 0xE1, 0xBF, 0xC3, 0xF9, 0x9A, 0xF3, 0xC2, 
0x7A, 0x4D, 0xE7, 0xDB, 0x35, 0x0D, 0x5A, 0x40, 0xCB, 0xFD, 0xB7, 0x73, 0xFC, 0x3B, 0x63, 0xFF, 
0x00, 0x9E, 0x31, 0xFF, 0x00, 0xE3, 0xD5, 0xF2, 0xE7, 0xC7, 0xDF, 0xDB, 0x23, 0xE2, 0x27, 0xED, 
0x2F, 0x7B, 0x1C, 0x9E, 0x36, 0xF1, 0x76, 0xB1, 0xAF, 0x2C, 0x2F, 0xBA, 0x38, 0x6E, 0x26, 0xDB, 
0x6B, 0x13, 0x7F, 0xB3, 0x0C, 0x7B, 0x63, 0x5F, 0xF7, 0xB6, 0xEE, 0xAF, 0x26, 0x77, 0xDD, 0x2B, 
0x67, 0xE6, 0xAF, 0x5B, 0x0B, 0x96, 0xAA, 0x5E, 0xF1, 0xF9, 0x5F, 0x15, 0x71, 0xF5, 0x4C, 0xCA, 
0x9F, 0xB0, 0xA3, 0x1E, 0x58, 0x89, 0x51, 0xD1, 0x45, 0x7A, 0x87, 0xE6, 0xE1, 0x45, 0x14, 0x50, 
0x01, 0x45, 0x14, 0x50, 0x01, 0x45, 0x14, 0x50, 0x01, 0x45, 0x14, 0x50, 0x01, 0x45, 0x14, 0x50, 
0x01, 0x45, 0x14, 0x50, 0x01, 0x45, 0x14, 0x50, 0x04, 0x94, 0xDF, 0x39, 0xA9, 0xB4, 0x50, 0x03, 
0xBC, 0xE6, 0xA3, 0xCC, 0xA6, 0xD1, 0x40, 0xEE, 0xC3, 0x39, 0xA3, 0x38, 0xA2, 0x8A, 0x04, 0x19, 
0xCD, 0x14, 0x51, 0x40, 0x05, 0x14, 0x51, 0x40, 0x12, 0x07, 0xFD, 0xED, 0x7E, 0x80, 0x7C, 0x2C, 
0xFF, 0x00, 0x82, 0x6E, 0x78, 0x67, 0xF6, 0x9E, 0xFF, 0x00, 0x82, 0x5C, 0xDA, 0xF8, 0xEB, 0xC0, 
0x2B, 0x7D, 0x7D, 0xF1, 0x5B, 0x41, 0xD6, 0x6F, 0x22, 0xD5, 0xAD, 0x56, 0xEA, 0x49, 0x62, 0xD4, 
0x2D, 0xD5, 0x9B, 0x6C, 0x2B, 0x0F, 0xDD, 0x8E, 0x7F, 0x27, 0xC9, 0x65, 0xFF, 0x00, 0x9E, 0x95, 
0xF9, 0xFF, 0x00, 0x5F, 0x44, 0x7E, 0xC2, 0xBF, 0xF0, 0x50, 0x9F, 0x19, 0x7E, 0xC2, 0xBE, 0x36, 
0x92, 0xF3, 0x40, 0x92, 0xD7, 0x52, 0xD0, 0xF5, 0x4F, 0x2D, 0x75, 0x4D, 0x16, 0xFB, 0x77, 0xD8, 
0xF5, 0x08, 0xD7, 0xD7, 0x6F, 0xCD, 0x1B, 0x7F, 0xB4, 0xBF, 0xF8, 0xF5, 0x63, 0x5F, 0x9F, 0x97, 
0xDD, 0x3D, 0x4C, 0xB2, 0x54, 0x15, 0x5E, 0x5C, 0x47, 0xC2, 0x72, 0x7F, 0xB3, 0x2F, 0x82, 0x7C, 
0x21, 0x37, 0xED, 0x19, 0xA0, 0xE9, 0xBF, 0x15, 0xB5, 0x2B, 0xEF, 0x0D, 0xF8, 0x2E, 0xD7, 0x50, 
0xDB, 0xE2, 0x0B, 0x98, 0xAC, 0x66, 0x9E, 0xEA, 0xDE, 0x18, 0xD5, 0x99, 0xA1, 0xF2, 0x63, 0xFD, 
0xE6, 0xE6, 0x68, 0xD6, 0x1F, 0xF6, 0x7C, 0xCA, 0xFA, 0x13, 0xF6, 0xF2, 0xFF, 0x00, 0x82, 0xB7, 
0xEB, 0x9F, 0x1E, 0x63, 0x6F, 0x03, 0xFC, 0x36, 0xB3, 0x9B, 0xE1, 0xCF, 0xC2, 0x9D, 0x2E, 0x3F, 
0xB0, 0xD8, 0xE9, 0x76, 0x87, 0xC8, 0xBA, 0xBD, 0xB7, 0x8F, 0xE5, 0x5F, 0xB4, 0xB2, 0xFD, 0xD5, 
0xF2, 0xFF, 0x00, 0xE5, 0x8C, 0x7F, 0x2F, 0xF7, 0xBC, 0xCA, 0xF6, 0x6F, 0x88, 0x5F, 0xF0, 0x56, 
0x9F, 0xD9, 0x73, 0xF6, 0x95, 0xD3, 0x05, 0xE7, 0xC4, 0xFF, 0x00, 0xD9, 0xC6, 0xEB, 0x50, 0xF1, 
0x05, 0xC4, 0x3E, 0x4C, 0xB7, 0x3A, 0x76, 0xA1, 0x6F, 0x1C, 0xFF, 0x00, 0xF8, 0x15, 0xB9, 0x67, 
0xFF, 0x00, 0xBE, 0xAB, 0xE4, 0x0F, 0xDB, 0x3F, 0xE2, 0xEF, 0xC0, 0xBF, 0x89, 0x76, 0xDA, 0x5A, 
0xFC, 0x22, 0xF8, 0x73, 0xE2, 0xFF, 0x00, 0x03, 0xC9, 0x6F, 0x23, 0x7D, 0xAB, 0xFB, 0x63, 0xC4, 
0x8D, 0xAA, 0x2D, 0xC2, 0xFF, 0x00, 0xB2, 0xAD, 0xFE, 0xAE, 0xA2, 0x1E, 0xFF, 0x00, 0xC5, 0x13, 
0xAA, 0xA4, 0xBE, 0xAD, 0x09, 0x47, 0x0D, 0x57, 0xDD, 0x91, 0xF3, 0xE5, 0xCD, 0xE3, 0x5C, 0xFD, 
0xFA, 0x8E, 0x8A, 0x8E, 0xBA, 0x4F, 0x07, 0x57, 0xB8, 0x51, 0x45, 0x14, 0x01, 0xB9, 0xE1, 0xDF, 
0x18, 0xEA, 0x9E, 0x13, 0x4B, 0xA4, 0xD3, 0x75, 0x2D, 0x47, 0x4F, 0x5B, 0xE8, 0xFC, 0x8B, 0xA5, 
0xB5, 0xBA, 0x92, 0x1F, 0x3E, 0x3F, 0xEE, 0xC9, 0xB7, 0xEF, 0x2D, 0x51, 0x3A, 0x94, 0xCA, 0x57, 
0x67, 0x94, 0xBB, 0x7E, 0xEB, 0x2C, 0x6A, 0xB5, 0x4F, 0xCB, 0xA3, 0xCB, 0xA0, 0xAE, 0x62, 0xE4, 
0x9A, 0xDD, 0xF5, 0xC9, 0xF9, 0xAF, 0x2E, 0x24, 0xFF, 0x00, 0xB6, 0x8D, 0x4E, 0x5F, 0x12, 0x5F, 
0x2A, 0x79, 0x7F, 0x6C, 0xBA, 0xF2, 0xFF, 0x00, 0xBB, 0xE6, 0x55, 0x1F, 0x2E, 0x8F, 0x2E, 0x80, 
0xE6, 0x34, 0x6D, 0xB5, 0xBB, 0x8B, 0x36, 0x59, 0x21, 0x93, 0xC9, 0x9A, 0x2F, 0xBB, 0x24, 0x2B, 
0xE5, 0xB2, 0x7F, 0xC0, 0x96, 0xB3, 0x9B, 0xE7, 0xA6, 0xD1, 0x41, 0x21, 0x46, 0x68, 0xA2, 0x80, 
0x27, 0x82, 0x69, 0x21, 0x97, 0xE4, 0xAF, 0xB6, 0x7F, 0xE0, 0x9D, 0xDF, 0xF0, 0x55, 0xBD, 0x53, 
0xF6, 0x76, 0xBB, 0xFF, 0x00, 0x84, 0x17, 0xE2, 0x45, 0x9C, 0xBE, 0x3E, 0xF8, 0x39, 0xE2, 0x0B, 
0x7F, 0xEC, 0xCD, 0x53, 0x42, 0xBA, 0x6F, 0x3A, 0x5B, 0x2B, 0x56, 0xF9, 0x5B, 0xEC, 0xDB, 0xBF, 
0xF4, 0x4F, 0xDD, 0xFE, 0xEE, 0xDA, 0xF8, 0x8D, 0x4F, 0x35, 0xF5, 0x17, 0xEC, 0x75, 0xF1, 0x53, 
0xF6, 0x6D, 0xF0, 0x47, 0x84, 0x2E, 0x23, 0xF8, 0xBD, 0xE0, 0x0F, 0x88, 0xDE, 0x28, 0xD6, 0x9E, 
0x6D, 0xC9, 0x3E, 0x8B, 0xE2, 0x48, 0xEC, 0xAD, 0x7C, 0x9F, 0xF9, 0xE7, 0xE4, 0xEE, 0x8D, 0xBF, 
0xF1, 0xEA, 0xCE, 0x71, 0x3D, 0x0C, 0x0E, 0x2A, 0xAD, 0x39, 0x5A, 0x9C, 0xB9, 0x4F, 0x3A, 0xFD, 
0xA5, 0xFE, 0x1D, 0x78, 0x5F, 0x4A, 0xFD, 0xA3, 0x75, 0xCD, 0x27, 0xE1, 0x8E, 0xB1, 0x3F, 0x8C, 
0x3C, 0x23, 0x71, 0x7D, 0xFF, 0x00, 0x14, 0xED, 0xE2, 0x59, 0xCD, 0x14, 0xB7, 0x70, 0xC9, 0xB5, 
0xA3, 0x87, 0xCB, 0x6F, 0x9B, 0xCE, 0x4F, 0x33, 0xCB, 0x6F, 0xF6, 0x96, 0xBE, 0x93, 0xF8, 0xD3, 
0xFF, 0x00, 0x04, 0xE0, 0xD0, 0x7F, 0x65, 0x8F, 0xF8, 0x26, 0xF3, 0x78, 0xE3, 0xC7, 0xD3, 0x5E, 
0x43, 0xF1, 0x57, 0xC4, 0xDA, 0xC5, 0x9C, 0x1A, 0x5E, 0x96, 0xD7, 0x5E, 0x55, 0xBE, 0x99, 0x6B, 
0xBB, 0xF7, 0x91, 0xC8, 0xBF, 0xF2, 0xDA, 0x76, 0x5D, 0xCC, 0xDF, 0xF3, 0xCF, 0xFF, 0x00, 0x1E, 
0xAF, 0x54, 0xF0, 0x47, 0xFC, 0x15, 0x7F, 0xF6, 0x58, 0xFD, 0x98, 0xAC, 0x26, 0xBC, 0xF8, 0x51, 
0xFB, 0x3C, 0xEA, 0x50, 0x78, 0x8A, 0x38, 0x7C, 0x9B, 0x7B, 0xCD, 0x62, 0xFA, 0xDF, 0x77, 0xFC, 
0x0A, 0x6D, 0xD3, 0x49, 0xFF, 0x00, 0x7C, 0xD7, 0xC7, 0x3F, 0xB6, 0xB7, 0xED, 0xF7, 0xE3, 0xAF, 
0xDB, 0x93, 0xC6, 0x70, 0xDF, 0x78, 0xAA, 0xF2, 0xDE, 0xDF, 0x4B, 0xD3, 0xFC, 0xC5, 0xD2, 0xF4, 
0xBB, 0x55, 0x65, 0xB3, 0xD3, 0xD5, 0xBF, 0xBB, 0xFD, 0xE6, 0xFF, 0x00, 0x69, 0xBF, 0xF1, 0xDA, 
0xC6, 0x3E, 0xD1, 0xC8, 0xEE, 0xAF, 0x1C, 0x25, 0x3A, 0x72, 0x97, 0x37, 0x34, 0xA4, 0x7C, 0xFE, 
0xFF, 0x00, 0x7F, 0x8A, 0x6D, 0x14, 0x57, 0x51, 0xE0, 0x86, 0x68, 0xA2, 0x8A, 0x00, 0x28, 0xA2, 
0x8A, 0x00, 0x92, 0x8A, 0x8E, 0x8A, 0x00, 0x77, 0x9C, 0xD4, 0x79, 0xCD, 0x4D, 0xA2, 0x80, 0xBB, 
0x24, 0xA8, 0xF3, 0x8A, 0x28, 0xA0, 0x02, 0x8A, 0x28, 0xA0, 0x02, 0x8A, 0x28, 0xA0, 0x02, 0x8A, 
0x28, 0xA0, 0x02, 0x8A, 0x28, 0xA0, 0x02, 0x8A, 0x28, 0xA0, 0x02, 0x8A, 0x28, 0xA0, 0x02, 0x8A, 
0x28, 0xA0, 0x02, 0x8A, 0x28, 0xA0, 0x02, 0x8A, 0x28, 0xA0, 0x02, 0x8A, 0x28, 0xA0, 0x02, 0x8A, 
0x28, 0xA0, 0x02, 0x8A, 0x28, 0xA0, 0x02, 0x8A, 0x28, 0xA0, 0x02, 0x8A, 0x28, 0xA0, 0x02, 0x8A, 
0x28, 0xA0, 0x09, 0x28, 0xA8, 0xE8, 0xA0, 0x02, 0x8A, 0x28, 0xA0, 0x02, 0x8A, 0x28, 0xA0, 0x02, 
0x8A, 0x28, 0xA0, 0x02, 0x8A, 0x28, 0xA0, 0x02, 0x8A, 0x28, 0xA0, 0x02, 0x8A, 0x28, 0xA0, 0x02, 
0x8A, 0x28, 0xA0, 0x02, 0x8C, 0xD1, 0x45, 0x00, 0x14, 0x51, 0x45, 0x00, 0x14, 0x51, 0x45, 0x00, 
0x14, 0x51, 0x45, 0x00, 0x14, 0x51, 0x45, 0x00, 0x14, 0x51, 0x45, 0x00, 0x14, 0x51, 0x45, 0x00, 
0x14, 0x51, 0x45, 0x00, 0x14, 0x51, 0x45, 0x00, 0x14, 0x51, 0x45, 0x00, 0x14, 0x51, 0x45, 0x00, 
0x14, 0x51, 0x45, 0x00, 0x14, 0x51, 0x45, 0x00, 0x14, 0x51, 0x45, 0x00, 0x14, 0x51, 0x45, 0x00, 
0x14, 0x51, 0x45, 0x00, 0x14, 0x51, 0x45, 0x00, 0x14, 0x51, 0x45, 0x00, 0x14, 0x51, 0x45, 0x00, 
0x14, 0x51, 0x45, 0x00, 0x14, 0x51, 0x45, 0x00, 0x14, 0x51, 0x45, 0x00, 0x14, 0x51, 0x45, 0x00, 
0x14, 0x51, 0x45, 0x00, 0x14, 0x51, 0x45, 0x00, 0x14, 0x51, 0x45, 0x00, 0x14, 0x51, 0x45, 0x00, 
0x14, 0x51, 0x45, 0x00, 0x14, 0x51, 0x45, 0x00, 0x14, 0x51, 0x45, 0x00, 0x14, 0x51, 0x45, 0x00, 
0x14, 0x51, 0x45, 0x00, 0x14, 0x51, 0x45, 0x00, 0x14, 0x51, 0x45, 0x00, 0x14, 0x51, 0x45, 0x00, 
0x14, 0x51, 0x45, 0x00, 0x14, 0x51, 0x45, 0x00, 0x14, 0x51, 0x45, 0x00, 0x14, 0x51, 0x45, 0x00, 
0x14, 0x51, 0x45, 0x00, 0x14, 0x51, 0x45, 0x00, 0x14, 0x51, 0x45, 0x00, 0x14, 0x51, 0x45, 0x00, 
0x14, 0x51, 0x45, 0x00, 0x14, 0x51, 0x45, 0x00, 0x14, 0x51, 0x45, 0x00, 0x14, 0x51, 0x45, 0x00, 
0x14, 0x51, 0x45, 0x00, 0x14, 0x51, 0x45, 0x00, 0x14, 0x51, 0x45, 0x00, 0x14, 0x51, 0x45, 0x00, 
0x14, 0x51, 0x45, 0x00, 0x14, 0x51, 0x45, 0x00, 0x14, 0x51, 0x45, 0x00, 0x14, 0x51, 0x45, 0x00, 
0x14, 0x51, 0x45, 0x00, 0x14, 0x51, 0x45, 0x00, 0x14, 0x51, 0x45, 0x00, 0x14, 0x51, 0x45, 0x00, 
0x14, 0x51, 0x45, 0x00, 0x14, 0x51, 0x45, 0x00, 0x14, 0x51, 0x45, 0x00, 0x14, 0x51, 0x45, 0x00, 
0x14, 0x51, 0x45, 0x00, 0x14, 0x51, 0x45, 0x00, 0x14, 0x51, 0x45, 0x00, 0x14, 0x51, 0x45, 0x00, 
0x14, 0x51, 0x45, 0x00, 0x14, 0x51, 0x45, 0x00, 0x14, 0x51, 0x45, 0x00, 0x14, 0x51, 0x45, 0x00, 
0x14, 0x51, 0x45, 0x00, 0x14, 0x51, 0x45, 0x00, 0x14, 0x51, 0x45, 0x00, 0x14, 0x51, 0x45, 0x00, 
0x14, 0x51, 0x45, 0x00, 0x14, 0x51, 0x45, 0x00, 0x14, 0x51, 0x45, 0x00, 0x14, 0x51, 0x45, 0x00, 
0x14, 0x51, 0x45, 0x00, 0x14, 0x51, 0x45, 0x00, 0x14, 0x51, 0x45, 0x00, 0x14, 0x51, 0x45, 0x00, 
0x14, 0x51, 0x45, 0x00, 0x14, 0x51, 0x45, 0x00, 0x14, 0x51, 0x45, 0x00, 0x14, 0x51, 0x45, 0x00, 
0x14, 0x51, 0x45, 0x00, 0x14, 0x51, 0x45, 0x00, 0x14, 0x51, 0x45, 0x00, 0x14, 0x51, 0x45, 0x00, 
0x14, 0x51, 0x45, 0x00, 0x14, 0x51, 0x45, 0x00, 0x14, 0x51, 0x45, 0x00, 0x14, 0x51, 0x45, 0x00, 
0x14, 0x51, 0x45, 0x00, 0x14, 0x51, 0x45, 0x00, 0x14, 0x51, 0x45, 0x00, 0x14, 0x51, 0x45, 0x00, 
0x14, 0x51, 0x45, 0x00, 0x14, 0x51, 0x45, 0x00, 0x14, 0x51, 0x45, 0x00, 0x14, 0x51, 0x45, 0x00, 
0x14, 0x51, 0x45, 0x00, 0x14, 0x51, 0x45, 0x00, 0x14, 0x51, 0x45, 0x00, 0x14, 0x51, 0x45, 0x00, 
0x14, 0x51, 0x45, 0x00, 0x14, 0x51, 0x45, 0x00, 0x14, 0x51, 0x45, 0x00, 0x14, 0x51, 0x45, 0x00, 
0x14, 0x51, 0x45, 0x00, 0x14, 0x51, 0x45, 0x00, 0x14, 0x51, 0x45, 0x00, 0x14, 0x51, 0x45, 0x00, 
0x14, 0x51, 0x45, 0x00, 0x14, 0x51, 0x45, 0x00, 0x14, 0x51, 0x45, 0x00, 0x14, 0x51, 0x45, 0x00, 
0x14, 0x51, 0x45, 0x00, 0x14, 0x51, 0x45, 0x00, 0x14, 0x51, 0x45, 0x00, 0x14, 0x51, 0x45, 0x00, 
0x14, 0x51, 0x45, 0x00, 0x14, 0x51, 0x45, 0x00, 0x14, 0x51, 0x45, 0x00, 0x14, 0x51, 0x45, 0x00, 
0x14, 0x51, 0x45, 0x00, 0x14, 0x51, 0x45, 0x00, 0x14, 0x51, 0x45, 0x00, 0x14, 0x51, 0x45, 0x00, 
0x7F, 0xFF, 0xD9
};
unsigned int WA_size = sizeof(WA);